id,title,language_id,lead_vocals_id,album_id,album_title,release_year,musicbrainz_id,artist_id,artist_name,artist_country_id,artist_musicbrainz_id,artist2_id,artist2_name,artist2_country_id,artist2_musicbrainz_id
2,My Generation,en,m,225,My Generation,1965,"00c3da9f-309b-3f78-ba23-6a753fd6313d",150,The Who,gb,9fdaa16b-a6c4-4831-b87c-bc9ca8ce7eaa,,,,
3,Heaven,en,m,23,Reckless,1984,fe1d2bcd-cdb6-333b-b2c6-8389e5890f04,21,Bryan Adams,ca,4dbf5678-7a31-406a-abbe-232f8ac2cd63,,,,
4,Ashes to Ashes,en,m,32,Scary Monsters (and Super Creeps),1980,bb13cb45-254c-3a61-89a5-15d22a97e6d6,32,David Bowie,gb,5441c29d-3602-4898-b1a1-b77fa23b8e50,,,,
5,Go Your Own Way,en,m,73,Rumours,1977,416bb5e5-c7d1-3977-8fd7-7c9daf6c2be6,46,Fleetwood Mac,gb,bd13909f-1c29-4c27-a874-d4aaf27c5b1a,,,,
24,Let Love Rule,en,m,104,Let Love Rule,1989,afd82f3b-cab1-3fab-84dc-6c5c80919bd3,76,Lenny Kravitz,us,"0ef3f425-9bd2-4216-9dd2-219d2fe90f1f",,,,
401,Marian,en,m,335,First and Last and Always,1985,8dba5572-6b3d-3e31-ab32-51d1f3ed1f69,126,The Sisters of Mercy,gb,553d8166-27b0-49fe-b8e4-89a984e2c375,,,,
6,"No Woman, No Cry",en,m,114,Natty Dread,1974,e776533c-4132-3b63-bfaa-94fe901951b5,17,Bob Marley & the Wailers,jm,c296e10c-110a-4103-9e77-47bfebb7fb2e,,,,
7,Don't You (Forget About Me),en,m,187,Don't You (Forget About Me),1985,e990b124-0791-3db1-880d-ef125312ea75,124,Simple Minds,gb,f41490ce-fe39-435d-86c0-ab5ce098b423,,,,
8,I Put a Spell on You,en,m,55,Creedence Clearwater Revival,1968,871da799-a7f7-39df-8332-e246584458dd,29,Creedence Clearwater Revival,us,109958eb-a335-4c5e-907e-597ff4c6af46,,,,
10,So Long,en,m,72,Going Deaf for a Living,1980,500ba7f8-2f59-3419-8804-7f6335ee5914,45,Fischer-Z,gb,51b13c47-bb31-4eda-aaef-7c9bf84c5d9a,,,,
58,A Forest,en,m,2,Seventeen Seconds,1980,7cd31244-186e-36bb-966f-fd6a90c0832c,31,The Cure,gb,69ee3720-a7cb-4402-b48d-a02c366f2bcf,,,,
653,8 (circle),en,m,513,"22, A Million",2016,f0e8f425-a941-48df-b5d7-2ceeaaf77c71,315,Bon Iver,us,437a0e49-c6ae-42f6-a6c1-84f25ed366bc,,,,
11,Baker Street,en,m,162,City to City,1978,238c3fb4-5792-342b-b217-02f66298b424,48,Gerry Rafferty,gb,563201cb-721c-4cfb-acca-c1ba69e3d1fb,,,,
13,All Along the Watchtower,en,m,89,Electric Ladyland,1968,47ba2d59-5544-34a4-b108-dc08c0956298,62,Jimi Hendrix,us,"06fb1c8b-566e-4cb2-985b-b467c90781d4",,,,
14,Strawberry Fields Forever,en,m,12,Magical Mystery Tour,1967,6e514645-fbee-34ac-97e0-c2120a4a5644,12,The Beatles,gb,b10bbbfc-cf9e-42e0-be17-e2c3e1d2600d,,,,
15,Oh Pretty Woman,en,m,137,"Oh, Pretty Woman",1964,fc053924-49c9-3738-baa0-8029cf1a11e5,115,Roy Orbison,us,"0bbbc496-c7b5-4b3f-bb6d-bd312827d6e5",,,,
16,The Ship Song,en,m,41,The Good Son,1990,2457f698-2866-3506-aca6-91262e463459,89,Nick Cave,au,172e1f1a-504d-4488-b053-6344ba63e6d0,,,,
17,Temple of Love,en,m,188,Temple of Love,1983,e2d487e5-eb52-38c4-9471-44ab57580f9f,126,The Sisters of Mercy,gb,553d8166-27b0-49fe-b8e4-89a984e2c375,,,,
402,Blinded by the Lights,en,m,336,A Grand Don't Come for Free,2004,606032a2-ec19-32ca-a7c9-17a32dea72ae,228,The Streets,gb,6f607087-9c46-4bb2-a884-e4efc764554c,,,,
403,Who Wants to Live Forever,en,m,337,A Kind of Magic,1986,84f508a9-beae-3e97-b59e-3a8886c6e901,103,Queen,gb,"0383dadf-2a4e-4d10-a46a-e9e041da8eb3",,,,
467,Wicked Game,en,m,387,Heart Shaped World,1989,f6f75c7a-f1bb-3b22-ae18-269bf5bd7f47,254,Chris Isaak,us,479497d4-e7c2-4e78-972e-56e78fac3995,,,,
18,Money,en,m,140,The Dark Side of the Moon,1973,f5093c06-23e3-404f-aeaa-40f72885ee3a,98,Pink Floyd,gb,83d91898-7763-47d7-b03b-b92132375c47,,,,
19,Goodnight Saigon,en,m,96,The Nylon Curtain,1982,b1424104-8403-3bce-8130-2ebee0053ddb,13,Billy Joel,us,64b94289-9474-4d43-8c93-918ccc1920d1,,,,
20,The Sound of Silence,en,m,183,"Wednesday Morning, 3 A.M.",1964,6c21abaf-2962-3037-836f-842431587949,123,Simon & Garfunkel,us,5d02f264-e225-41ff-83f7-d9b1f0b1874a,,,,
21,No Fun,en,m,203,The Stooges,1969,18037a41-2695-3a8f-a732-f6653a7f125b,135,The Stooges,us,794c6bf2-3241-416f-9b8f-24e2d84a1c4b,,,,
22,Bigmouth Strikes Again,en,m,194,The Queen Is Dead,1986,d8dde278-482c-3cc8-a530-fea70476f3a5,130,The Smiths,gb,40f5d9e4-2de7-4f2d-ad41-e31a9a9fea27,,,,
23,I Heard It Through the Grapevine,en,m,79,In the Groove/I Heard It Through the Grapevine,1968,4c37e5f7-4e2a-305c-87b5-83b4623cb2eb,81,Marvin Gaye,us,afdb7919-059d-43c1-b668-ba1d265e7e42,,,,
468,Party On,en,m,388,Come On Follow,2004,,255,Funeral Dress,be,4604d226-bc8e-484d-95a0-a3410616e9b6,,,,
25,I Want You,en,m,51,Blood & Chocolate,1986,cbcc8fdf-180f-36b9-8c0a-e653d78fea2e,40,Elvis Costello,gb,8a338e06-d182-46f2-bd16-30a09bc840ba,,,,
27,Meisjes,nl,m,220,Nooit meer drinken,1977,e06e1a72-3c88-3431-acfe-fa3a4b9da647,108,Raymond van het Groenewoud,be,ba6f20f8-d777-44d4-abd6-4fcb840783a3,,,,
28,Smoke on the Water,en,m,58,Machine Head,1972,d00243c5-adcf-3018-9aa7-1957d7a5a774,33,Deep Purple,gb,79491354-3d83-40e3-9d8e-7592d58d790a,,,,
29,Dear God,en,m,227,Skylarking,1986,507d4ab2-03f0-3b8a-a076-cb37d0f970c7,152,XTC,gb,97c86b2c-2765-46a2-aef8-76a7e24c430f,,,,
404,Mein Herz brennt,de,m,338,Mutter,2001,833a9e1a-62c0-32f6-ab47-7797c4d83b07,229,Rammstein,de,b2d122f9-eadb-4930-a196-8f221eeb0c66,,,,
405,Transmission,en,m,339,Transmission,1979,f1b558f0-3f7f-3835-ac53-ec9135e2cca2,67,Joy Division,gb,9a58fda3-f4ed-4080-a3a5-f457aac9fcdd,,,,
698,To Bring You My Love,en,f,477,To Bring You My Love,1995,2a976d93-1131-3821-9bcb-6c79542d93aa,293,PJ Harvey,gb,e795e03d-b5d5-4a5f-834d-162cfb308a2c,,,,
30,There Is a Light That Never Goes Out,en,m,194,The Queen Is Dead,1986,d8dde278-482c-3cc8-a530-fea70476f3a5,130,The Smiths,gb,40f5d9e4-2de7-4f2d-ad41-e31a9a9fea27,,,,
31,Wuthering Heights,en,f,38,The Kick Inside,1978,e8f3a858-20f8-3798-80ac-65264afa4672,69,Kate Bush,gb,4b585938-f271-45e2-b19a-91c634b5e396,,,,
32,Jumpin' Jack Flash,en,m,174,Jumpin' Jack Flash,1968,3cf634db-66a6-47ad-a76e-7fe5b6974cff,113,The Rolling Stones,gb,b071f9fa-14b0-4217-8e97-eb41da73f598,,,,
33,1999,en,m,150,1999,1982,561be5b7-a39c-3866-859d-d86f30816ae7,101,Prince,us,"070d193a-845c-479f-980e-bef15710653e",,,,
34,Heart of Gold,en,m,228,Harvest,1972,b25419cf-71bf-3a54-8cd4-2161c61056a0,88,Neil Young,ca,75167b8b-44e4-407b-9d35-effe87b223cf,,,,
35,Sweet Jane,en,m,222,Loaded,1970,4be9d91f-6ed7-34b8-aa5e-45be79819273,149,The Velvet Underground,us,94b0fb9d-a066-4823-b2ec-af1d324bcfcf,,,,
406,Feel Good Inc.,en,m,340,Demon Days,2005,f959a46a-a136-3134-9412-6572b23fad95,230,Gorillaz,gb,e21857d5-3256-4547-afb3-4b6ded592596,,,,
36,Pride (In the Name of Love),en,m,215,The Unforgettable Fire,1984,c84d00f4-afd3-3184-be62-6ae5f135aa38,146,U2,ie,a3cb23fc-acd3-4ce0-8f36-1e5aa6a18432,,,,
37,Get Ready,en,m,165,Get Ready,1969,105dccc0-1a68-33c2-ad7b-e6a7c2bcae69,107,Rare Earth,us,670cc8bc-a6e1-40cd-b20a-86753456d6fa,,,,
38,With a Little Help from My Friends,en,m,46,With a Little Help from My Friends,1969,a0d14120-566a-31b8-8fb5-eeec153bef5b,63,Joe Cocker,gb,32f2d6bd-c22b-42cf-a7bc-0c4b48cd2bcb,,,,
39,Have a Little Faith in Me,en,m,90,Bring the Family,1987,cb5c7687-5d54-342d-8a4a-04a5ca10fb7e,64,John Hiatt,us,e78202c9-7717-435c-9aac-dd5ebc4e64d5,,,,
40,Ziggy Stardust,en,m,30,The Rise and Fall of Ziggy Stardust and the Spiders from Mars,1972,6c9ae3dd-32ad-472c-96be-69d0a3536261,32,David Bowie,gb,5441c29d-3602-4898-b1a1-b77fa23b8e50,,,,
41,Whole Lotta Rosie,en,m,22,Let There Be Rock,1977,c9673ff0-15b5-394d-a5ec-3d2a27dfce83,5,AC/DC,au,66c662b6-6e2f-4930-8610-912e24c63ed1,,,,
701,Flux,en,m,549,A Weekend in the City,2007,d6c00b51-9bb6-3d44-8313-0424fc7b0c9a,203,Bloc Party,gb,8c538f11-c141-4588-8ecb-931083524186,,,,
42,Still Loving You,en,m,180,Love at First Sting,1984,f74b6e75-f11c-3230-a5f1-0305d623a0a6,119,Scorpions,de,c3cceeed-3332-4cf0-8c4c-bbde425147b6,,,,
43,Anarchy in the UK,en,m,182,"Never Mind the Bollocks, Here's the Sex Pistols",1977,e959a4b3-6306-3c45-9df6-e7241dae9ea3,122,Sex Pistols,gb,e5db18cb-4b1f-496d-a308-548b611090d3,,,,
44,Alice,en,m,189,Alice,1982,e463eb9e-c2c6-3cfb-a04c-5b7e8797d021,126,The Sisters of Mercy,gb,553d8166-27b0-49fe-b8e4-89a984e2c375,,,,
45,Wonderful Tonight,en,m,43,Slowhand,1977,"02c2b0c7-065d-38b4-8ac0-3391839f2418",42,Eric Clapton,gb,618b6900-0618-4f1e-b835-bccb17f84294,,,,
46,Roxanne,en,m,145,Outlandos d'Amour,1978,3d55b5a4-a81f-3b8e-8d7e-802ce1c86596,100,The Police,gb,9e0e2b01-41db-4008-bd8b-988977d6019a,,,,
47,Whole Lotta Love,en,m,107,Led Zeppelin II,1969,33b4653d-006e-3cc1-8afb-386b15a6cd6e,75,Led Zeppelin,gb,678d88b2-87b0-403b-b63d-5da7465aecc3,,,,
48,Paint It Black,en,m,171,Aftermath,1966,26987c39-5914-483b-a897-d43ce6aad9b1,113,The Rolling Stones,gb,b071f9fa-14b0-4217-8e97-eb41da73f598,,,,
49,Every Breath You Take,en,m,147,Synchronicity,1983,f6df6292-fd40-37c3-bd61-22c53abfe773,100,The Police,gb,9e0e2b01-41db-4008-bd8b-988977d6019a,,,,
50,Monkey Gone to Heaven,en,m,144,Doolittle,1989,1aa41b19-5a72-341b-bd91-4cf61d1dab6b,99,Pixies,us,b6b2bb8d-54a9-491f-9607-7b546023b433,,,,
51,Child in Time,en,m,57,Deep Purple in Rock,1970,ebdb53c3-fbae-34b1-81cb-f825c9a56822,33,Deep Purple,gb,79491354-3d83-40e3-9d8e-7592d58d790a,,,,
52,Angie,en,m,173,Goats Head Soup,1973,e82ba8db-3712-3de0-bbe5-0311b89db7e2,113,The Rolling Stones,gb,b071f9fa-14b0-4217-8e97-eb41da73f598,,,,
59,Sultans of Swing,en,m,60,Dire Straits,1978,"0c9bc273-a9e9-3290-b423-c61b9f8d20bc",36,Dire Straits,gb,614e3804-7d34-41ba-857f-811bad7c2b7a,,,,
407,She Sells Sanctuary,en,m,341,Love,1985,e7d22464-a11e-3ff1-8d97-4af3f0c1aeb2,231,The Cult,gb,8846e4ff-0c19-4af2-872b-7a8dc7497f68,,,,
1827,Dark & Long,en,m,1280,Dubnobasswithmyheadman,1994,3fa924b2-aae8-3ab6-b2d3-f647a8a8e8f6,148,Underworld,gb,ba2f4f3b-0293-4bc8-bb94-2f73b5207343,,,,
53,Stairway to Heaven,en,m,108,Led Zeppelin IV,1971,2e61da88-39e9-3473-81d2-c964cb394952,75,Led Zeppelin,gb,678d88b2-87b0-403b-b63d-5da7465aecc3,,,,
54,Bohemian Rhapsody,en,m,154,A Night at the Opera,1975,6b47c9a0-b9e1-3df9-a5e8-50a6ce0dbdbd,103,Queen,gb,"0383dadf-2a4e-4d10-a46a-e9e041da8eb3",,,,
56,Hotel California,en,m,67,Hotel California,1976,836f349a-0434-3e8b-a0bc-261f77a9f99c,38,Eagles,us,f46bd570-5768-462e-b84c-c7c993bbf47e,,,,
408,Bad,en,m,215,The Unforgettable Fire,1984,c84d00f4-afd3-3184-be62-6ae5f135aa38,146,U2,ie,a3cb23fc-acd3-4ce0-8f36-1e5aa6a18432,,,,
409,Little Wing,en,m,342,Axis: Bold as Love,1967,d0b1e21e-cef6-4575-8d92-1afea1894ca3,62,Jimi Hendrix,us,"06fb1c8b-566e-4cb2-985b-b467c90781d4",,,,
55,Imagine,en,m,109,Imagine,1971,f242f304-0f1f-33a5-81a2-7a965b30e3b5,65,John Lennon,gb,4d5447d7-c61c-4120-ba1b-d7f471d385b9,,,,
60,The End,en,m,63,The Doors,1967,8ebffd15-06c3-3b88-a761-ec18c5513287,37,The Doors,us,9efff43b-3b29-4082-824e-bc82f646f93d,,,,
61,Purple Rain,en,m,151,Purple Rain,1984,b93a7c47-a6d4-33f2-9034-53fdd991f4ba,101,Prince,us,"070d193a-845c-479f-980e-bef15710653e",,,,
62,The Passenger,en,m,148,Lust for Life,1977,15dc9ccf-e33b-3f4d-8c81-8346388d0b29,57,Iggy Pop,us,f37b3f31-b1f8-4b88-8cb5-b34f709b17d7,,,,
63,Paradise by the Dashboard Light,en,x,118,Bat Out of Hell,1977,47616c4c-5d4b-30f6-83bc-60e1c696b099,83,Meat Loaf,us,b134d1bf-c7c7-4427-93ac-9fdbc2b59ef1,,,,
64,Light My Fire,en,m,63,The Doors,1967,8ebffd15-06c3-3b88-a761-ec18c5513287,37,The Doors,us,9efff43b-3b29-4082-824e-bc82f646f93d,,,,
65,The River,en,m,200,The River,1980,8a6f6ede-b60a-3cad-b3b9-cfb57e9e1dbd,20,Bruce Springsteen,us,70248960-cb53-4ea4-943a-edb18f7d336f,,,,
69,Sunday Bloody Sunday,en,m,216,War,1983,c6b36664-7e60-3b3e-a24d-d096c67a11e9,146,U2,ie,a3cb23fc-acd3-4ce0-8f36-1e5aa6a18432,,,,
70,Sympathy for the Devil,en,m,172,Beggars Banquet,1968,6e672bbd-7c7f-32f8-8335-c603be99d13b,113,The Rolling Stones,gb,b071f9fa-14b0-4217-8e97-eb41da73f598,,,,
410,There Will Be No Next Time,en,m,343,Black Out,1981,744f9fc0-c683-4ed5-9078-9d3fbf6dc0ac,232,The Kids,be,dc1535e1-6e5a-41d8-a226-2320ae378b57,,,,
411,Welcome to the Jungle,en,m,87,Appetite for Destruction,1987,a0b94d0a-210b-4b15-bd1d-93be2196c14a,55,Guns n' Roses,us,eeb1195b-f213-4ce1-b28c-8565211f8e43,,,,
412,Raspberry Beret,en,m,344,Around the World in a Day,1985,10b61b06-5cd5-39ef-976e-aba8bc4fb51d,101,Prince,us,"070d193a-845c-479f-980e-bef15710653e",,,,
71,Summer of '69,en,m,23,Reckless,1984,fe1d2bcd-cdb6-333b-b2c6-8389e5890f04,21,Bryan Adams,ca,4dbf5678-7a31-406a-abbe-232f8ac2cd63,,,,
68,"""Heroes""",en,m,31,"""Heroes""",1977,1f5ef8d3-10ca-30eb-b41e-85b16987d412,32,David Bowie,gb,5441c29d-3602-4898-b1a1-b77fa23b8e50,,,,
72,Space Oddity,en,m,29,David Bowie (1969),1969,2e12918c-4973-3537-b9ab-e4723ae1ae1d,32,David Bowie,gb,5441c29d-3602-4898-b1a1-b77fa23b8e50,,,,
73,Nights in White Satin,en,m,127,Days of Future Passed,1967,d3e4cc8c-fbfe-37fa-8be6-fd538ac31520,87,The Moody Blues,gb,774666d2-2064-4d6c-856c-f8cda0aaf9f0,,,,
74,Hey Joe,en,m,88,Are You Experienced,1967,da40e720-2097-3730-8a7f-0c2ddbff4a96,62,Jimi Hendrix,us,"06fb1c8b-566e-4cb2-985b-b467c90781d4",,,,
75,Walk on the Wild Side,en,m,169,Transformer,1972,6c8345df-f822-33af-b64a-eff2e46941b9,79,Lou Reed,us,9d1ebcfe-4c15-4d18-95d3-d919898638a1,,,,
76,Riders on the Storm,en,m,64,L.A. Woman,1971,7be633bd-d1f6-3d89-8939-803ae0ed0de8,37,The Doors,us,9efff43b-3b29-4082-824e-bc82f646f93d,,,,
77,A Whiter Shade of Pale,en,m,153,A Whiter Shade of Pale,1967,2e76a401-be3a-4980-a287-f30c3c78671d,102,Procol Harum,gb,44119570-4d53-46e7-a447-bd18608c28d8,,,,
89,Oh La La La,en,m,207,T.C. Matic,1981,b2f071a2-30d8-3e0a-8768-a3d7c510f635,138,T.C. Matic,be,72729f42-c4d4-4bad-94f0-b93730778995,,,,
413,Learn to Fly,en,m,345,There Is Nothing Left to Lose,1999,1cfc9a17-1fdb-30dd-83ca-dce93c481492,167,Foo Fighters,us,67f66c07-6e61-4026-ade5-7e782fad3a5d,,,,
792,Sad Man's Tongue,en,m,609,Rock the Rebel / Metal the Devil,2007,f0dafadb-5122-36e0-82c9-e221eb76721a,224,Volbeat,dk,4753fcb7-9270-493a-974d-8daca4e49125,,,,
78,Troy,en,f,133,The Lion and the Cobra,1987,f7158e4b-87d0-3310-85ae-71b15769f4ef,125,Sinéad O'Connor,ie,c78a77fa-507c-4c07-947a-0355029453bd,,,,
79,Wild Thing,en,m,212,Wild Thing,1966,32838886-8de7-3014-aad1-925c452454d7,145,The Troggs,gb,4aec87a5-f33e-4bd6-89f2-0c96188c8372,,,,
80,Born to Run,en,m,198,Born to Run,1975,39b22944-7503-3937-8bba-09b17281cc6a,20,Bruce Springsteen,us,70248960-cb53-4ea4-943a-edb18f7d336f,,,,
81,Hey Jude,en,m,14,Hey Jude,1968,4d507176-894b-34eb-b3c5-1079550831fc,12,The Beatles,gb,b10bbbfc-cf9e-42e0-be17-e2c3e1d2600d,,,,
82,Music,en,m,126,Rebel,1976,8f6ad92b-e711-3e07-a734-a1ecf942987a,66,John Miles,gb,4256d457-1372-4b3b-b443-fd5cf9bb733f,,,,
90,Layla,en,m,59,Layla and Other Assorted Love Songs,1970,ba53dcbd-9328-3cf7-bc72-179b4512867e,34,Derek and the Dominos,gb,2155a81a-f0c6-417a-9b16-2f86f98bb8bc,,,,
414,I Want to Break Free,en,m,346,The Works,1984,44c90c72-76b5-3c13-890e-3d37f21c10c9,103,Queen,gb,"0383dadf-2a4e-4d10-a46a-e9e041da8eb3",,,,
415,Jesus of Suburbia,en,m,347,American Idiot,2004,de9bf827-a9b0-348b-a7c9-556c03c3fb07,53,Green Day,us,"084308bd-1654-436f-ba03-df6697104e19",,,,
416,All My Life,en,m,348,One by One,2002,a9f6787f-0c0b-39e2-aaf7-befba34727b4,167,Foo Fighters,us,67f66c07-6e61-4026-ade5-7e782fad3a5d,,,,
83,Lola,en,m,101,"Lola Versus Powerman and the Moneygoround, Part One",1970,a84e8dfd-1492-3377-a6f0-34d324dc49d7,70,The Kinks,gb,17b53d9f-5c63-4a09-a593-dde4608e0db9,,,,
85,Born to Be Wild,en,m,201,Steppenwolf,1968,38562fbb-157e-3803-b343-94f6a710444b,134,Steppenwolf,us,12ff8858-bfcb-4812-a8dd-7e9debf0cbee,,,,
86,Lust for Life,en,m,148,Lust for Life,1977,15dc9ccf-e33b-3f4d-8c81-8346388d0b29,57,Iggy Pop,us,f37b3f31-b1f8-4b88-8cb5-b34f709b17d7,,,,
87,Like a Hurricane,en,m,230,American Stars 'n Bars,1977,8e457784-baae-3ab0-b171-da2a76bedc01,88,Neil Young,ca,75167b8b-44e4-407b-9d35-effe87b223cf,,,,
417,Everything Now,en,m,349,Everything Now,2017,7a2b865d-0e23-45de-bf08-f0fcbd364883,165,Arcade Fire,ca,52074ba6-e495-4ef3-9bb4-0703888a9f68,,,,
418,Angel of Death,en,m,350,Reign in Blood,1986,dbf1b3c0-1efb-4e5f-9fe1-4c42b144aa24,233,Slayer,us,bdacc37b-8633-4bf8-9dd5-4662ee651aec,,,,
419,Push the Sky Away,en,m,448,Push the Sky Away,2013,ae8faaeb-9134-400d-819b-773e20a7d4e4,89,Nick Cave,au,172e1f1a-504d-4488-b053-6344ba63e6d0,,,,
420,A Song for the Dead,en,m,155,Songs for the Deaf,2002,cbffb669-c390-3a4d-b46f-1be8ea934b03,153,Queens of the Stone Age,us,7dc8f5bd-9d0b-4087-9f73-dc164950bbd8,,,,
1975,Sonnet,en,m,244,Urban Hymns,1997,3dd0c8e4-af53-3605-9c20-f27c7635fb60,169,The Verve,gb,d4d17620-fd97-4574-92a8-a2cb7e72ce42,,,,
91,The House of the Rising Sun,en,m,15,The Animals,1964,6704f186-f0de-4f7a-8294-ea0469cd9667,7,The Animals,gb,4d8afa16-4018-4ca8-8b5e-ede8f9314562,,,,
92,Solsbury Hill,en,m,76,Peter Gabriel (I),1977,4e6f2a81-ec6d-378c-a824-0cd0538bbb21,96,Peter Gabriel,gb,8e66ea2b-b57b-47d9-8df0-df4630aeb8e5,,,,
93,The One I Love,en,m,156,Document,1987,137385b2-b4cc-385e-9d59-781e7674f5bc,111,R.E.M.,us,ea4dfa26-f633-4da6-a52a-f49ea4897b58,,,,
95,Like a Rolling Stone,en,m,65,Highway 61 Revisited,1965,fb48b1dc-412f-36aa-8820-1023c08c46c6,16,Bob Dylan,us,72c536dc-7137-4477-a521-567eeb840fa8,,,,
97,Nothing Compares 2 U,en,f,134,I Do Not Want What I Haven't Got,1990,9747bcfe-7c42-35ac-8c3e-7ecac9f1227b,125,Sinéad O'Connor,ie,c78a77fa-507c-4c07-947a-0355029453bd,,,,
421,Motorcycle Emptiness,en,m,352,Generation Terrorists,1992,f069dd86-8f8e-3fa7-90c3-731675f57015,234,Manic Street Preachers,gb,32efea44-6cb5-4b4f-bdaa-c8b8f6cef981,,,,
98,Perfect Day,en,m,169,Transformer,1972,6c8345df-f822-33af-b64a-eff2e46941b9,79,Lou Reed,us,9d1ebcfe-4c15-4d18-95d3-d919898638a1,,,,
99,New Year's Day,en,m,216,War,1983,c6b36664-7e60-3b3e-a24d-d096c67a11e9,146,U2,ie,a3cb23fc-acd3-4ce0-8f36-1e5aa6a18432,,,,
100,Sebastian,en,m,47,The Human Menagerie,1973,17d4d230-f3d5-3d91-9d37-c7dc9732056c,24,Cockney Rebel,gb,9a07b4ae-7c2f-4473-b019-c63c3d5db45c,,,,
101,A Day in the Life,en,m,10,Sgt. Pepper's Lonely Hearts Club Band,1967,9f7a4c28-8fa2-3113-929c-c47a9f7982c3,12,The Beatles,gb,b10bbbfc-cf9e-42e0-be17-e2c3e1d2600d,,,,
102,Hard Times,en,m,178,Royalty in Exile,1990,6bb5526e-df0e-391a-9c90-d96f8a29d249,117,The Scabs,be,53c97a52-d691-4477-99f3-cb6e46b0bd94,,,,
103,God Save the Queen,en,m,182,"Never Mind the Bollocks, Here's the Sex Pistols",1977,e959a4b3-6306-3c45-9df6-e7241dae9ea3,122,Sex Pistols,gb,e5db18cb-4b1f-496d-a308-548b611090d3,,,,
422,Shooting Star,en,m,353,Fractured Life,2007,5025278f-dbe6-33ef-b0e0-af42a6246d2a,235,Air Traffic,gb,c8fb45c8-b3da-422d-a6db-73ac2ee56f77,,,,
2363,Infra-Red,en,m,781,Meds,2006,90bf604b-bde5-3b45-bfd0-ba775be89986,213,Placebo,gb,847e8284-8582-4b0e-9c26-b042a4f49e57,,,,
104,Psycho Killer,en,m,205,Talking Heads: 77,1977,d99084ee-de04-3ba1-8203-5f1a7e5355ee,137,Talking Heads,us,a94a7155-c79d-4409-9fcf-220cb0e4dc3a,,,,
106,Paranoid,en,m,27,Paranoid,1970,cc053745-c447-3566-8f27-bed5438c9133,14,Black Sabbath,gb,5182c1d9-c7d2-4dad-afa0-ccfeada921a8,,,,
107,With or Without You,en,m,213,The Joshua Tree,1987,6f3e9fa6-be7a-3de8-a2b2-2072ece8a54d,146,U2,ie,a3cb23fc-acd3-4ce0-8f36-1e5aa6a18432,,,,
108,Once in a Lifetime,en,m,204,Remain in Light,1980,f6b1b900-6108-32f0-abbd-2855af9151eb,137,Talking Heads,us,a94a7155-c79d-4409-9fcf-220cb0e4dc3a,,,,
109,Brothers in Arms,en,m,62,Brothers in Arms,1985,b02f651e-32a1-30ae-bc23-070b59170278,36,Dire Straits,gb,614e3804-7d34-41ba-857f-811bad7c2b7a,,,,
110,Biko,en,m,74,Peter Gabriel (III),1980,fe9f06cd-a160-3114-85fd-102726dddc0b,96,Peter Gabriel,gb,8e66ea2b-b57b-47d9-8df0-df4630aeb8e5,,,,
423,I Hope That I Don't Fall in Love with You,en,m,223,Closing Time,1973,35c9a4b0-d4dd-3e6f-87fd-2185519296e2,142,Tom Waits,us,c3aeb863-7b26-4388-94e8-5a240f2be21b,,,,
424,Something in the Way,en,m,129,Nevermind,1991,1b022e01-4da6-387b-8658-8678046e4cef,90,Nirvana,us,5b11f4ce-a62d-471e-81fc-a69a8278c7da,,,,
112,So Lonely,en,m,145,Outlandos d'Amour,1978,3d55b5a4-a81f-3b8e-8d7e-802ce1c86596,100,The Police,gb,9e0e2b01-41db-4008-bd8b-988977d6019a,,,,
113,Into Temptation,en,m,56,Temple of Low Men,1988,c374cd42-2d51-3c89-b22b-989ce5f80926,30,Crowded House,au,9854d99f-d954-4c0f-9ae5-58a0cdd885f5,,,,
114,White Room,en,m,54,Wheels of Fire,1968,d4cd45f8-9a77-3449-a23c-0167e181fb5e,28,Cream,gb,"04cd0cfd-bfd1-4c36-bc38-95c35e2c045f",,,,
115,Smells Like Teen Spirit,en,m,129,Nevermind,1991,1b022e01-4da6-387b-8658-8678046e4cef,90,Nirvana,us,5b11f4ce-a62d-471e-81fc-a69a8278c7da,,,,
116,(Everything I Do) I Do It for You,en,m,24,Waking Up the Neighbours,1991,52d74f79-9c92-385f-9b33-e96b5dfc19a7,21,Bryan Adams,ca,4dbf5678-7a31-406a-abbe-232f8ac2cd63,,,,
425,No Cars Go,en,x,354,Neon Bible,2007,c091b282-aa91-3bc0-9c95-938db1f1f930,165,Arcade Fire,ca,52074ba6-e495-4ef3-9bb4-0703888a9f68,,,,
426,Killer Queen,en,m,355,Sheer Heart Attack,1974,"002ed683-3327-3df0-88c8-318746089925",103,Queen,gb,"0383dadf-2a4e-4d10-a46a-e9e041da8eb3",,,,
427,Little Sister,en,m,356,Lullabies to Paralyze,2005,5967a9ad-a0d5-34f7-bd53-f5d4bad80a67,153,Queens of the Stone Age,us,7dc8f5bd-9d0b-4087-9f73-dc164950bbd8,,,,
428,Controversy,en,m,357,Controversy,1981,7263636b-ca20-3598-8ec0-bc1b52c9b958,101,Prince,us,"070d193a-845c-479f-980e-bef15710653e",,,,
509,Hallowed Be Thy Name,en,m,261,The Number of the Beast,1982,4ebfe175-e7ed-34cd-8e91-67c7e4a53579,184,Iron Maiden,gb,ca891d65-d9b0-4258-89f7-e6ba29d83767,,,,
117,Losing My Religion,en,m,157,Out of Time,1991,400a5fdd-e616-3598-a9bf-cd8275cb53d0,111,R.E.M.,us,ea4dfa26-f633-4da6-a52a-f49ea4897b58,,,,
118,Dreadlock Holiday,en,m,17,Bloody Tourists,1978,c9d4a138-fd56-3173-92dd-b7c48ede65ee,1,10cc,gb,f37c537b-3557-4031-bfd6-ab63ced32854,,,,
119,I Will Follow,en,m,217,Boy,1980,53b0d89e-f856-3015-a3a6-a70e1e935fd6,146,U2,ie,a3cb23fc-acd3-4ce0-8f36-1e5aa6a18432,,,,
120,Help!,en,m,13,Help!,1965,"0d44e1cb-c6e0-3453-8b68-4d2082f05421",12,The Beatles,gb,b10bbbfc-cf9e-42e0-be17-e2c3e1d2600d,,,,
429,Times Like These,en,m,348,One by One,2002,a9f6787f-0c0b-39e2-aaf7-befba34727b4,167,Foo Fighters,us,67f66c07-6e61-4026-ade5-7e782fad3a5d,,,,
430,Champagne,en,m,358,Outside the Simian Flock,2001,a3460dba-de05-348f-be57-d94a0d03702e,236,Millionaire,be,f52e7937-8237-477a-9ec5-f4fa0cb7a124,,,,
431,Fake Empire,en,m,359,Boxer,2007,9facb475-4c5f-369b-9b93-1280e6669090,181,The National,us,664c3e0e-42d8-48c1-b209-1efca19c0325,,,,
122,Vienna,en,m,218,Vienna,1980,7793c026-9479-35b8-9f54-fc0bdd03e676,147,Ultravox,gb,7e786a4c-c743-4713-9340-a6f12d8515d4,,,,
123,Under the Bridge,en,m,166,Blood Sugar Sex Magik,1991,68bee70d-b425-3813-aca7-dd7b912c3d11,109,Red Hot Chili Peppers,us,8bfac288-ccc5-448d-9573-c33ea2aa5c30,,,,
124,Blauw,nl,m,179,Blauw,1990,95b6e745-99fc-39ff-8426-6b825429dc40,118,The Scene,nl,80d49857-8a0b-439e-95d3-3f41bd8eefbe,,,,
125,When the Lady Smiles,en,m,81,N.E.W.S.,1984,70f49967-f800-3352-bfb5-0a6829218484,50,Golden Earring,nl,75336c3d-2833-46cb-8037-b835cd7d646d,,,,
126,Radar Love,en,m,80,Moontan,1973,5229dd49-4191-3ff4-8d3d-590e1e9c52e2,50,Golden Earring,nl,75336c3d-2833-46cb-8037-b835cd7d646d,,,,
127,Dancing Queen,en,f,20,Arrival,1976,e464e167-83ab-3b59-88bd-262cf552056e,4,ABBA,se,d87e52c5-bb8d-4da8-b941-9f4928627dc8,,,,
2364,Burning,en,m,277,Lost in the Dream,2014,943b191f-616f-4091-8516-0979987b5eef,196,The War on Drugs,us,87b9b3b8-ab93-426c-a200-4012d667a626,,,,
128,Nothing Else Matters,en,m,124,Metallica (The Black Album),1991,e8f70201-8899-3f0c-9e07-5d6495bc8046,85,Metallica,us,65f4f0c5-ef9e-490c-aee3-909e7ae6b2ab,,,,
130,I Can't Live in a Living Room,en,m,168,I Can't Live in a Living Room,1980,89ef5ba8-4856-4bf3-b500-35e24de2ce9f,110,Red Zebra,be,bad3dadb-1ac2-46b8-ae10-9480593cb36e,,,,
131,Alive,en,m,138,Ten,1991,cea5d18a-1924-3cda-bebc-38933834b25d,94,Pearl Jam,us,83b9cbe7-9857-49e2-ab8e-b57b01038103,,,,
132,One,en,m,214,Achtung Baby,1991,744c7a1b-ac79-35c4-bd92-7e2c6a24c8d8,146,U2,ie,a3cb23fc-acd3-4ce0-8f36-1e5aa6a18432,,,,
133,Drive,en,m,158,Automatic for the People,1992,c86c6af9-d10e-3079-b34b-30b682a797eb,111,R.E.M.,us,ea4dfa26-f633-4da6-a52a-f49ea4897b58,,,,
432,Last Resort,en,m,360,Infest,2000,"0193355a-cdfb-3936-afd2-44d651eb006d",237,Papa Roach,us,c5eb9407-caeb-4303-b383-6929aa94021c,,,,
510,Rose Tattoo,en,m,416,Signed and Sealed in Blood,2013,bd59cdcb-fa27-4c35-997f-52d6497d2142,268,Dropkick Murphys,us,e8374874-4178-4869-b92e-fef6bf30dc04,,,,
134,Mia,nl,m,83,Gorky,1992,77309866-f3e5-3c28-98d9-d04a59417d46,52,Gorki,be,2fd1f1f6-9b93-49c5-85f8-64ab5d72bf59,,,,
135,Liberty Song,en,m,110,Levelling the Land,1991,"0286d4a7-60cd-3bef-97c7-e1bfaaf90092",77,Levellers,gb,7c8c72f5-01ed-4a55-89d1-ced1a6b3fb0d,,,,
136,Tainted Love,en,m,195,Non-Stop Erotic Cabaret,1981,e5bc1607-7947-3044-8558-6b4eae334c51,131,Soft Cell,gb,7fb50287-029d-47cc-825a-235ca28024b2,,,,
137,Black Betty,en,m,164,Ram Jam,1977,7cc241e6-9419-348a-9fa8-dc60786613b3,106,Ram Jam,us,f2be3d59-c508-492b-a553-056fc8a7e7b0,,,,
139,Enter Sandman,en,m,124,Metallica (The Black Album),1991,e8f70201-8899-3f0c-9e07-5d6495bc8046,85,Metallica,us,65f4f0c5-ef9e-490c-aee3-909e7ae6b2ab,,,,
140,Tears in Heaven,en,m,44,Unplugged,1992,61c4a210-6e90-3d41-b6c1-fd2c7e4fb6ac,42,Eric Clapton,gb,618b6900-0618-4f1e-b835-bccb17f84294,,,,
141,Epic,en,m,69,The Real Thing,1989,1ba7c980-4882-31fb-9918-12791f59d303,43,Faith No More,us,b15ebd71-a252-417d-9e1c-3e6863da68f8,,,,
143,November Rain,en,m,86,Use Your Illusion I,1991,642b183a-3e59-3cb9-9187-aeeefa0d8818,55,Guns n' Roses,us,eeb1195b-f213-4ce1-b28c-8565211f8e43,,,,
434,Glory Box,en,f,361,Dummy,1994,48140466-cff6-3222-bd55-63c27e43190d,238,Portishead,gb,8f6bd1e4-fbe1-4f50-aa9b-94c450ec0f11,,,,
433,Let's Go Crazy,en,m,151,Purple Rain,1984,b93a7c47-a6d4-33f2-9034-53fdd991f4ba,101,Prince,us,"070d193a-845c-479f-980e-bef15710653e",,,,
142,Jeremy,en,m,138,Ten,1991,cea5d18a-1924-3cda-bebc-38933834b25d,94,Pearl Jam,us,83b9cbe7-9857-49e2-ab8e-b57b01038103,,,,
146,Runaway Train,en,m,196,Grave Dancers Union,1992,46e50ab7-9428-36cb-b662-6b9556922579,132,Soul Asylum,us,b10db9ad-b4c3-47f3-a7a4-37864b134f65,,,,
148,One,en,m,123,...And Justice for All,1988,67553e23-8dad-3792-b6f2-8fedd5650ff3,85,Metallica,us,65f4f0c5-ef9e-490c-aee3-909e7ae6b2ab,,,,
149,Killing in the Name,en,m,163,Rage Against the Machine,1992,1305859b-8937-397f-9c33-39f62eb672fb,105,Rage Against the Machine,us,3798b104-01cb-484c-a3b0-56adc6399b80,,,,
150,One Way,en,m,110,Levelling the Land,1991,"0286d4a7-60cd-3bef-97c7-e1bfaaf90092",77,Levellers,gb,7c8c72f5-01ed-4a55-89d1-ced1a6b3fb0d,,,,
157,Suds & Soda,en,m,6,Worst Case Scenario,1994,d577bc99-8c39-3187-ab41-00dbb44da84f,35,dEUS,be,2d0ec174-2bff-4f46-ae1b-dfea0ed9391c,,,,
151,Lay It Down,en,f,113,Hot Boxing,1994,7aa4420c-de64-3fd0-a854-15fc8bbe7c34,80,Magnapop,us,7ba311d4-c068-4b85-a64f-c7d4f1adb868,,,,
152,Taillights Fade,en,m,37,Let Me Come Over,1992,2fba4543-b6c3-30aa-85d3-2d334dff8414,22,Buffalo Tom,us,1159e0d0-a782-471a-9dae-93ac046eac72,,,,
153,About a Girl,en,m,130,Bleach,1989,f1afec0b-26dd-3db5-9aa1-c91229a74a24,90,Nirvana,us,5b11f4ce-a62d-471e-81fc-a69a8278c7da,,,,
154,Creep,en,m,159,Pablo Honey,1993,cd76f76b-ff15-3784-a71d-4da3078a6851,104,Radiohead,gb,a74b1b7f-71a5-4011-9441-d0b5e4122711,,,,
155,Come as You Are,en,m,129,Nevermind,1991,1b022e01-4da6-387b-8658-8678046e4cef,90,Nirvana,us,5b11f4ce-a62d-471e-81fc-a69a8278c7da,,,,
156,Everybody Hurts,en,m,158,Automatic for the People,1992,c86c6af9-d10e-3079-b34b-30b682a797eb,111,R.E.M.,us,ea4dfa26-f633-4da6-a52a-f49ea4897b58,,,,
158,All Apologies,en,m,131,In Utero,1993,2a0981fb-9593-3019-864b-ce934d97a16e,90,Nirvana,us,5b11f4ce-a62d-471e-81fc-a69a8278c7da,,,,
699,Kayleigh,en,m,547,Misplaced Childhood,1985,"06896217-3aba-31d3-8b34-bd193c9e2b98",336,Marillion,gb,1932f5b6-0b7b-4050-b1df-833ca89e5f44,,,,
159,Disarm,en,m,192,Siamese Dream,1993,a159e102-18bb-42ca-a59e-5f96a7eff241,129,The Smashing Pumpkins,us,ba0d6274-db14-4ef5-b28d-657ebde1a396,,,,
160,Zombie,en,f,53,No Need to Argue,1994,5ece0c50-bb0b-3cdf-90e2-287a60136d69,27,The Cranberries,ie,c98d40fd-f6cf-4b26-883e-eaa515ee2851,,,,
161,Like the Way I Do,en,f,68,Melissa Etheridge,1988,cb9d38fa-5a3e-3182-a942-87ba1669cbd2,84,Melissa Etheridge,us,b3ae82c2-e60b-4551-a76d-6620f1b456aa,,,,
162,Not an Addict,en,f,99,Paradise in Me,1995,a634cb7f-7aaa-3e6a-82a7-0e59b731ff92,68,K's Choice,be,9bd1e632-b17b-4842-b520-ddfce3b538b9,,,,
163,Self Esteem,en,m,136,Smash,1994,a55a5a03-0c0e-311b-85df-ec52f841715c,93,The Offspring,us,23a03e33-a603-404e-bcbf-2c00159d7067,,,,
164,I Alone,en,m,111,Throwing Copper,1994,9f31404b-49d0-365e-935d-cb040b762abf,78,Live,us,cba77ba2-862d-4cee-a8f6-d3f9daf7211c,,,,
2443,All Along,en,f,1675,Burst,2017,ead76cd7-9c2d-463a-8ee7-8ad633b0c24a,914,Brutus,be,90b8f9f7-dfda-409c-a9dc-391bd0de6d8a,,,,
165,Hotellounge,en,m,6,Worst Case Scenario,1994,d577bc99-8c39-3187-ab41-00dbb44da84f,35,dEUS,be,2d0ec174-2bff-4f46-ae1b-dfea0ed9391c,,,,
166,Diane,en,m,210,Infernal Love,1995,38d95f76-e118-30a9-b98f-f06878410eef,141,Therapy?,gb,85226286-349a-4046-8dcf-f75b32baa6b1,,,,
167,Bullet with Butterfly Wings,en,m,193,Mellon Collie and the Infinite Sadness,1995,1af599c9-0b44-3a5a-a06b-39e8db6b2b4e,129,The Smashing Pumpkins,us,ba0d6274-db14-4ef5-b28d-657ebde1a396,,,,
168,Glycerine,en,m,39,Sixteen Stone,1994,eef2b4a3-49dc-33d7-9fbb-fb2313cd57b0,23,Bush,gb,93ccd76c-3790-4435-a8bf-02bc26294b93,,,,
169,Gloria,en,m,209,The Angry Young Them,1965,67bc0ac7-70e0-3259-885a-61c389217a8a,140,Them,gb,dbd8e1e8-b3d5-4c5f-9343-bbe5e86380a6,,,,
245,Fake Plastic Trees,en,m,160,The Bends,1995,b8048f24-c026-3398-b23a-b5e50716cbc7,104,Radiohead,gb,a74b1b7f-71a5-4011-9441-d0b5e4122711,,,,
172,Street Spirit (Fade Out),en,m,160,The Bends,1995,b8048f24-c026-3398-b23a-b5e50716cbc7,104,Radiohead,gb,a74b1b7f-71a5-4011-9441-d0b5e4122711,,,,
173,Little Arithmetics,en,m,7,"In a Bar, Under the Sea",1996,d293e51c-f356-3878-a8c9-627e1229416e,35,dEUS,be,2d0ec174-2bff-4f46-ae1b-dfea0ed9391c,,,,
174,Ironic,en,f,128,Jagged Little Pill,1995,ee3d18ed-d6a8-37c7-a964-41bbdb6d59f1,6,Alanis Morissette,ca,4bdcee62-4902-4773-8cd1-e252e2e31225,,,,
180,Paranoid Android,en,m,161,OK Computer,1997,b1392450-e666-3926-a536-22c65f834433,104,Radiohead,gb,a74b1b7f-71a5-4011-9441-d0b5e4122711,,,,
435,Gold,en,m,362,True,1983,60605247-c6b1-37fc-b18a-1f9dab47dd9d,239,Spandau Ballet,gb,4c0d9acf-a8a1-4765-9c56-05f92f68c048,,,,
436,Belfast Child,en,m,363,Street Fighting Years,1989,a4d20069-2a9b-3aa4-acdb-da5c6b8aebeb,124,Simple Minds,gb,f41490ce-fe39-435d-86c0-ab5ce098b423,,,,
175,"Fell Off the Floor, Man",en,m,7,"In a Bar, Under the Sea",1996,d293e51c-f356-3878-a8c9-627e1229416e,35,dEUS,be,2d0ec174-2bff-4f46-ae1b-dfea0ed9391c,,,,
176,Candle in the Wind,en,m,98,Goodbye Yellow Brick Road,1973,80df0f1b-4ce7-348a-aa1b-0d31ebff111a,39,Elton John,gb,b83bc61f-8451-4a5d-8b8e-7e9ed295e822,,,,
177,Debaser,en,m,144,Doolittle,1989,1aa41b19-5a72-341b-bd91-4cf61d1dab6b,99,Pixies,us,b6b2bb8d-54a9-491f-9607-7b546023b433,,,,
178,Karma Police,en,m,161,OK Computer,1997,b1392450-e666-3926-a536-22c65f834433,104,Radiohead,gb,a74b1b7f-71a5-4011-9441-d0b5e4122711,,,,
179,Roses,en,m,7,"In a Bar, Under the Sea",1996,d293e51c-f356-3878-a8c9-627e1229416e,35,dEUS,be,2d0ec174-2bff-4f46-ae1b-dfea0ed9391c,,,,
181,Unfinished Sympathy,en,f,115,Blue Lines,1991,8b6f133a-2fdf-3cc2-b84d-1c889adc0939,82,Massive Attack,gb,10adbe5e-a2c0-4bf3-8249-2b4cbf6e6ca8,,,,
437,Valerie,en,f,364,Version,2007,8d9fb420-1b0d-316e-9367-9717d364b6db,240,Mark Ronson,gb,c3c82bdc-d9e7-4836-9746-c24ead47ca19,188,Amy Winehouse,gb,dfe9a7c4-8cf2-47f4-9dcb-d233c2b86ec3
438,An Ocean in Between the Waves,en,m,277,Lost in the Dream,2014,943b191f-616f-4091-8516-0979987b5eef,196,The War on Drugs,us,87b9b3b8-ab93-426c-a200-4012d667a626,,,,
439,Golden Brown,en,m,365,La Folie,1981,7d1a739f-50b5-3549-a951-d4ea02ceb7e6,241,The Stranglers,gb,a96d82a0-cdca-40bf-b4c8-3d7ec178d85b,,,,
182,Sister Dew,en,m,8,The Ideal Crash,1999,3197f7ca-e392-3d1f-ae88-e504e7788aeb,35,dEUS,be,2d0ec174-2bff-4f46-ae1b-dfea0ed9391c,,,,
183,Mr. Jones,en,m,52,August and Everything After,1993,7c2e8889-0050-3b1f-862f-60d1a8f2cf74,26,Counting Crows,us,a0327dc2-dc76-44d5-aec6-47cd2dff1469,,,,
184,Lords of the Boards,en,f,85,Proud Like a God,1997,8883ab44-931f-3d27-acfd-06df1dda4a49,54,Guano Apes,de,66da25f9-1534-4dd1-b88c-718bc24e1ccd,,,,
185,Hallelujah,en,m,36,Grace,1994,ea29c347-696f-3165-986d-7bad1394b178,61,Jeff Buckley,us,e6e879c0-3d56-4f12-b3c5-3ce459661a8e,,,,
440,Feed Your Head,en,f,366,7,2015,a8d596ce-60f2-4bb2-9535-e59fb5afefcf,242,Paul Kalkbrenner,de,a5f92d47-b562-4582-b267-71963a515f4c,,,,
186,Lightning Crashes,en,m,111,Throwing Copper,1994,9f31404b-49d0-365e-935d-cb040b762abf,78,Live,us,cba77ba2-862d-4cee-a8f6-d3f9daf7211c,,,,
187,Instant Street,en,m,8,The Ideal Crash,1999,3197f7ca-e392-3d1f-ae88-e504e7788aeb,35,dEUS,be,2d0ec174-2bff-4f46-ae1b-dfea0ed9391c,,,,
189,My Bond With You And Your Planet: Disco!,en,m,231,I Paint Pictures on a Wedding Dress,1998,f3d03488-09b5-33c0-aa45-acb73dd53c0a,154,Zita Swoon,be,5a44422e-4c5f-47c6-9585-f6bff865c3f5,,,,
190,Last Goodbye,en,m,36,Grace,1994,ea29c347-696f-3165-986d-7bad1394b178,61,Jeff Buckley,us,e6e879c0-3d56-4f12-b3c5-3ce459661a8e,,,,
191,Where Is My Mind?,en,m,143,Surfer Rosa,1988,74e36cbc-a747-3ebf-a60e-51e656c87741,99,Pixies,us,b6b2bb8d-54a9-491f-9607-7b546023b433,,,,
192,Martha,en,m,223,Closing Time,1973,35c9a4b0-d4dd-3e6f-87fd-2185519296e2,142,Tom Waits,us,c3aeb863-7b26-4388-94e8-5a240f2be21b,,,,
194,Grace,en,m,36,Grace,1994,ea29c347-696f-3165-986d-7bad1394b178,61,Jeff Buckley,us,e6e879c0-3d56-4f12-b3c5-3ce459661a8e,,,,
195,They Stood Up for Love,en,m,112,The Distance to Here,1999,"0007a8c6-1c8d-356e-bb80-adad2b150894",78,Live,us,cba77ba2-862d-4cee-a8f6-d3f9daf7211c,,,,
196,Kryptonite,en,m,18,The Better Life,2000,467a5697-30e7-34b8-9813-d07e6af9c653,2,3 Doors Down,us,2386cd66-e923-4e8e-bf14-2eebe2e9b973,,,,
197,God Is A DJ,en,m,70,Sunday 8PM,1998,96b48e43-de0e-398a-850a-cb1d2d75e886,44,Faithless,gb,23d9d74d-c95e-46a6-be26-a6075c49747a,,,,
441,You've Got the Love,en,f,367,Lungs,2009,50fe703f-173e-496a-9155-b2a495d704e5,243,Florence + the Machine,gb,5fee3020-513b-48c2-b1f7-4681b01db0c6,,,,
2444,Pneuma,en,m,329,Fear Inoculum,2019,76203bd0-466b-4802-a7ca-9b0097a3f862,143,Tool,us,66fc5bf8-daa4-4241-b378-9bc9077939d2,,,,
198,Californication,en,m,167,Californication,1999,ca5dfcc3-83fb-3eee-9061-c27296b77b2c,109,Red Hot Chili Peppers,us,8bfac288-ccc5-448d-9573-c33ea2aa5c30,,,,
199,Wish You Were Here,en,m,141,Wish You Were Here,1975,1a272023-10d3-38ee-bab3-317b55fcc21d,98,Pink Floyd,gb,83d91898-7763-47d7-b03b-b92132375c47,,,,
200,Basket Case,en,m,84,Dookie,1994,314cffd4-daa5-3337-85e5-e54165a96113,53,Green Day,us,"084308bd-1654-436f-ba03-df6697104e19",,,,
201,Black,en,m,138,Ten,1991,cea5d18a-1924-3cda-bebc-38933834b25d,94,Pearl Jam,us,83b9cbe7-9857-49e2-ab8e-b57b01038103,,,,
202,Górecki,en,f,106,Lamb,1996,ec549861-d879-36f7-b02c-1f0b78c265be,74,Lamb,gb,"0d4bc6e5-2a3e-4fdf-8bbf-59ad0bc374d7",,,,
203,Song 2,en,m,1,Blur,1997,fdd6c833-3c96-33cb-9917-72e15bcd34bc,15,Blur,gb,ba853904-ae25-4ebb-89d6-c44cfbd71bd2,,,,
216,Avalon,en,m,175,Avalon,1982,4b51d75c-ca0e-3ea7-9950-639eda1f7d1a,114,Roxy Music,gb,331ce348-1b08-40b9-8ed7-0763b92bd003,,,,
1152,Cruel Summer,en,f,835,Bananarama,1984,716eac64-60ff-3738-954c-d232b9868445,479,Bananarama,gb,84d06499-0643-46b8-9e1f-45f743a53f5e,,,,
204,Lithium,en,m,129,Nevermind,1991,1b022e01-4da6-387b-8658-8678046e4cef,90,Nirvana,us,5b11f4ce-a62d-471e-81fc-a69a8278c7da,,,,
205,Master of Puppets,en,m,122,Master of Puppets,1986,3d00fb45-f8ab-3436-a8e1-b4bfc4d66913,85,Metallica,us,65f4f0c5-ef9e-490c-aee3-909e7ae6b2ab,,,,
206,Wait and Bleed,en,m,191,Slipknot,1999,5140eef4-5b5d-309c-a3aa-5c5da107b1da,128,Slipknot,us,a466c2a2-6517-42fb-a160-1087c3bafd9f,,,,
207,Bro Hymn Tribute,en,m,139,Full Circle,1997,ad712a0a-ba3b-3cf1-9da8-5902b716d6c8,95,Pennywise,us,5c210861-2ce2-4be3-9307-bbcfc361cc01,,,,
208,Nutbush City Limits,en,f,93,Nutbush City Limits,1973,6c126159-4f2e-382d-a9bf-dd5b29d47061,58,Ike & Tina Turner,us,1c7b3786-b99a-40ab-81e4-f3056da19e13,,,,
209,Sailing,en,m,202,Atlantic Crossing,1975,86b4f6df-d9f3-36c9-84bc-72df785d16f6,112,Rod Stewart,gb,a35237a0-4f47-40a6-b6f3-1e786db23402,,,,
211,The Load-Out / Stay,en,m,35,Running On Empty,1977,786211b5-6caa-3c76-903e-9c085bc7e117,59,Jackson Browne,us,88527d26-7496-47c5-8358-ebdb1868a90f,,,,
212,Bridge over Troubled Water,en,m,184,Bridge over Troubled Water,1970,c39f7f80-d42f-3669-9653-230f8e922083,123,Simon & Garfunkel,us,5d02f264-e225-41ff-83f7-d9b1f0b1874a,,,,
213,Jailhouse Rock,en,m,149,Jailhouse Rock,1957,214fb8f8-bdee-3a96-ba46-e833f73de94f,41,Elvis Presley,us,"01809552-4f87-45b0-afff-2c6f0730a3be",,,,
214,Waterfront,en,m,186,Sparkle in the Rain,1984,d5a86bb9-c3c0-3b98-bfa3-54813ed30257,124,Simple Minds,gb,f41490ce-fe39-435d-86c0-ab5ce098b423,,,,
215,River Deep - Mountain High,en,f,92,River Deep – Mountain High,1966,106f2504-6df1-390e-8662-e6d83bd369e7,58,Ike & Tina Turner,us,1c7b3786-b99a-40ab-81e4-f3056da19e13,,,,
442,Come On Eileen,en,m,368,Too-Rye-Ay,1982,b3865201-9889-3be7-bf42-146bd298cc6f,244,Dexys Midnight Runners,gb,ccce2053-7007-4c36-b1e7-f8fcf5023a12,,,,
443,Lovely Day,en,m,369,Menagerie,1977,3fbf6c2c-69ae-35e4-be9f-53e3000f10e1,245,Bill Withers,us,fd1a2d9d-9bb6-44de-83a3-41560658aba9,,,,
1153,Bunker,en,m,836,Festival,2015,,306,Balthazar,be,91511517-ef93-4d71-a0f0-c858272af4a7,,,,
217,Luka,en,f,221,Solitude Standing,1987,b53a036b-06c6-3d94-82a3-092598b44675,136,Suzanne Vega,us,cf119120-7df5-47d7-9dec-49f8837a4e40,,,,
218,Sledgehammer,en,m,75,So,1986,be3cc3e7-bdb0-3c13-a60b-a985b30eb603,96,Peter Gabriel,gb,8e66ea2b-b57b-47d9-8df0-df4630aeb8e5,,,,
219,Promised You a Miracle,en,m,185,New Gold Dream (81-82-83-84),1982,c7126542-56ab-3d15-8a86-9caf5b3d4de1,124,Simple Minds,gb,f41490ce-fe39-435d-86c0-ab5ce098b423,,,,
220,Love Is the Drug,en,m,176,Siren,1975,42268e91-863c-3dc3-a9c7-f6eea7a54462,114,Roxy Music,gb,331ce348-1b08-40b9-8ed7-0763b92bd003,,,,
444,Running Up That Hill (A Deal with God),en,f,370,Hounds of Love,1985,"017f2a37-a78f-3578-9611-fa40408e5d90",69,Kate Bush,gb,4b585938-f271-45e2-b19a-91c634b5e396,,,,
445,Jolene,en,f,371,Jolene,1974,e13af55a-84e8-31d5-a4cd-f5681616235b,246,Dolly Parton,us,1d543e07-d0d2-4834-a8db-d65c50c2a856,,,,
447,Rez,i,i,373,Rez,1993,5700254c-5228-4ec4-9608-1d41728bcfad,148,Underworld,gb,ba2f4f3b-0293-4bc8-bb94-2f73b5207343,,,,
446,Stand by Me,en,m,372,Don't Play That Song!,1962,41da1f33-f897-3e51-a650-ab49b380ebf5,247,Ben E. King,us,837555ba-012e-45f1-9a9c-9628da13ee54,,,,
223,New Gold Dream (81-82-83-84),en,m,185,New Gold Dream (81-82-83-84),1982,c7126542-56ab-3d15-8a86-9caf5b3d4de1,124,Simple Minds,gb,f41490ce-fe39-435d-86c0-ab5ce098b423,,,,
224,Your Song,en,m,97,Elton John,1970,527eeafc-adbc-3c85-a048-0711acb4a932,39,Elton John,gb,b83bc61f-8451-4a5d-8b8e-7e9ed295e822,,,,
226,San Francisco,en,m,117,The Voice of Scott McKenzie,1967,4e61393b-2ba6-3dfc-afcb-95ad53e9f740,120,Scott McKenzie,us,120d7ba0-73e1-4e96-98e3-e75f60f232e8,,,,
227,Dancing in the Dark,en,m,199,Born in the U.S.A.,1984,3c39a076-8e52-38f2-8076-260d0672fb23,20,Bruce Springsteen,us,70248960-cb53-4ea4-943a-edb18f7d336f,,,,
448,Sweet Disposition,en,m,374,Conditions,2009,e2bf2daf-6ed1-4e4b-806e-460990cca6d9,248,The Temper Trap,au,bb6eaced-69dd-4636-829f-9f987acc4fc3,,,,
449,Walk of Life,en,m,62,Brothers in Arms,1985,b02f651e-32a1-30ae-bc23-070b59170278,36,Dire Straits,gb,614e3804-7d34-41ba-857f-811bad7c2b7a,,,,
450,Black Hole Sun,en,m,375,Superunknown,1994,8300fe9c-0022-3c55-8a3e-8dc61f282e8c,249,Soundgarden,us,153c9281-268f-4cf3-8938-f5a4593e5df4,,,,
225,Mainstreet,en,m,181,Night Moves,1976,3f337f18-d7d9-3752-b3de-83a5c10286ea,18,Bob Seger,us,4382b934-64c3-47ac-98db-65f26d845c48,,,,
228,Slippery People,en,m,206,Speaking in Tongues,1983,8a7a9db3-f87b-37d5-96a6-67485a8792e6,137,Talking Heads,us,a94a7155-c79d-4409-9fcf-220cb0e4dc3a,,,,
231,Fast Car,en,f,42,Tracy Chapman,1988,a738bdf1-f610-30aa-9ae7-9a4f90d6f2d7,144,Tracy Chapman,us,1129817c-488a-4096-80c1-77fc1b107c93,,,,
232,Thriller,en,m,94,Thriller,1982,f32fab67-77dd-3937-addc-9062e28e4c37,86,Michael Jackson,us,f27ec8db-af05-4f36-916e-3d57f91ecf5e,,,,
233,Dirty Diana,en,m,95,Bad,1987,a5711a77-42d1-3f4c-830c-e27a96f0800f,86,Michael Jackson,us,f27ec8db-af05-4f36-916e-3d57f91ecf5e,,,,
230,Nothing's Gonna Change My Love For You,en,m,120,Glenn Medeiros,1987,90c0cf38-732c-40c1-bc44-7d8cb0b8b109,49,Glenn Medeiros,us,a203c2a4-682c-4d72-bc4e-4c61a4250245,,,,
234,More Than a Feeling,en,m,28,Boston,1976,f0371fc4-3e22-3d8d-8ce3-4af873ea6f1c,19,Boston,us,"0d8b0d50-e4cf-4da4-965d-f24c58ec3268",,,,
235,In the Air Tonight,en,m,50,Face Value,1981,1cbc1a5a-5512-3f8e-997b-d9281b83722b,97,Phil Collins,gb,401c3991-b76b-499d-8082-9f2df958ef78,,,,
236,Born in the U.S.A.,en,m,199,Born in the U.S.A.,1984,3c39a076-8e52-38f2-8076-260d0672fb23,20,Bruce Springsteen,us,70248960-cb53-4ea4-943a-edb18f7d336f,,,,
237,Bad,en,m,95,Bad,1987,a5711a77-42d1-3f4c-830c-e27a96f0800f,86,Michael Jackson,us,f27ec8db-af05-4f36-916e-3d57f91ecf5e,,,,
238,I Want Your Sex,en,m,125,Faith,1987,4e61585f-f341-3174-85cf-afad8df46fbe,47,George Michael,gb,ccb8f30e-4d71-40c4-8b1d-846dafe73e2c,,,,
244,Iris,en,m,82,Dizzy Up the Girl,1998,"097ff669-1ff3-39a7-b981-b8e50a905856",51,Goo Goo Dolls,us,e2c00c56-8365-4160-9f40-a64682917633,,,,
239,When Doves Cry,en,m,151,Purple Rain,1984,b93a7c47-a6d4-33f2-9034-53fdd991f4ba,101,Prince,us,"070d193a-845c-479f-980e-bef15710653e",,,,
241,The Unforgiven,en,m,124,Metallica (The Black Album),1991,e8f70201-8899-3f0c-9e07-5d6495bc8046,85,Metallica,us,65f4f0c5-ef9e-490c-aee3-909e7ae6b2ab,,,,
243,Weak,en,f,190,Paranoid & Sunburnt,1995,b5d1fdfe-6da2-32b1-b752-c7039fd8b300,127,Skunk Anansie,gb,e212efdf-98b2-4dce-92ed-62cfc1e29854,,,,
252,Today,en,m,192,Siamese Dream,1993,a159e102-18bb-42ca-a59e-5f96a7eff241,129,The Smashing Pumpkins,us,ba0d6274-db14-4ef5-b28d-657ebde1a396,,,,
246,Nightswimming,en,m,158,Automatic for the People,1992,c86c6af9-d10e-3079-b34b-30b682a797eb,111,R.E.M.,us,ea4dfa26-f633-4da6-a52a-f49ea4897b58,,,,
247,Voodoo Child (Slight Return),en,m,89,Electric Ladyland,1968,47ba2d59-5544-34a4-b108-dc08c0956298,62,Jimi Hendrix,us,"06fb1c8b-566e-4cb2-985b-b467c90781d4",,,,
248,Open Your Eyes,en,f,85,Proud Like a God,1997,8883ab44-931f-3d27-acfd-06df1dda4a49,54,Guano Apes,de,66da25f9-1534-4dd1-b88c-718bc24e1ccd,,,,
249,Teardrop,en,f,116,Mezzanine,1998,6f9f6899-c0d3-311d-ae87-a10ae6bc53a9,82,Massive Attack,gb,10adbe5e-a2c0-4bf3-8249-2b4cbf6e6ca8,,,,
250,Into My Arms,en,m,40,The Boatman's Call,1997,af11e225-96a0-3b42-8645-54d9e8906054,89,Nick Cave,au,172e1f1a-504d-4488-b053-6344ba63e6d0,,,,
251,Believe,en,f,100,Cocoon Crash,1998,85250997-95fe-3e9a-a7ca-7856d3cd93ec,68,K's Choice,be,9bd1e632-b17b-4842-b520-ddfce3b538b9,,,,
452,Seek & Destroy,en,m,377,Kill 'Em All,1983,f44f4f73-a714-31a1-a4b8-bfcaaf311f50,85,Metallica,us,65f4f0c5-ef9e-490c-aee3-909e7ae6b2ab,,,,
453,Lullaby,en,m,334,Disintegration,1989,494bf606-d2f7-36d0-8340-eadad8601d2b,31,The Cure,gb,69ee3720-a7cb-4402-b48d-a02c366f2bcf,,,,
454,Primo Victoria,en,m,378,Primo Victoria,2005,f0732bd0-c1ea-3aee-8e11-8b3d67910bb6,250,Sabaton,se,39a31de6-763d-48b6-a45c-f7cfad58ffd8,,,,
1216,Hey Ya!,en,m,881,Speakerboxxx/The Love Below,2003,fa64febd-61e0-346e-aaa2-04564ed4f0a3,412,Outkast,us,73fdb566-a9b1-494c-9f32-51768ec9fd27,,,,
254,Saturday,en,m,197,Much Against Everyone's Advice,1998,a2826b1a-66ee-387c-a0cd-bef439f12c72,133,Soulwax,be,68ec1b08-3c2e-40b3-b0af-8f323743fdff,,,,
255,Freak on a Leash,en,m,103,Follow the Leader,1998,e47ad139-89f6-39e8-aa84-fe84c45aeb7d,72,Korn,us,ac865b2e-bba8-4f5a-8756-dd40d5e39f46,,,,
257,Our Darkness,en,f,45,Joined Up Writing,1984,459ecdda-4f03-3a10-95dc-f5f1c11b5757,8,Anne Clark,gb,a019a8cf-2601-4a81-b3c3-7b279a873713,,,,
258,Wrong,en,m,132,Novastar,2000,d6418d53-daf9-3e22-9b19-64ab7d1de76e,91,Novastar,be,7604fd80-8984-4dab-a52e-f74a84e1a122,,,,
259,Mad About You,en,f,91,The Magnificent Tree,2000,90f6407b-91f9-3378-a0b0-360eefe8debc,56,Hooverphonic,be,62dc94cc-f611-4345-87cb-b914796a4a45,,,,
455,Polly,en,m,129,Nevermind,1991,1b022e01-4da6-387b-8658-8678046e4cef,90,Nirvana,us,5b11f4ce-a62d-471e-81fc-a69a8278c7da,,,,
456,Billie Jean,en,m,94,Thriller,1982,f32fab67-77dd-3937-addc-9062e28e4c37,86,Michael Jackson,us,f27ec8db-af05-4f36-916e-3d57f91ecf5e,,,,
260,Thunderstruck,en,m,21,The Razors Edge,1990,"03759365-2f74-3f12-b884-280d3aa17f0e",5,AC/DC,au,66c662b6-6e2f-4930-8610-912e24c63ed1,,,,
261,Schism,en,m,211,Lateralus,2001,"02f79295-21e1-34cc-82f2-63219eec4f0a",143,Tool,us,66fc5bf8-daa4-4241-b378-9bc9077939d2,,,,
262,Nothing Really Ends,en,m,9,No More Loud Music,2001,80144342-6d1d-3acf-b721-426b672f30d7,35,dEUS,be,2d0ec174-2bff-4f46-ae1b-dfea0ed9391c,,,,
263,Trouble,en,m,48,Parachutes,2000,1dc4c347-a1db-32aa-b14f-bc9cc507b843,25,Coldplay,gb,cc197bad-dc9c-440d-a5b5-d52ba2e14234,,,,
264,Hurricane,en,m,66,Desire,1976,fc325dd3-73ed-36aa-9c77-6b65a958e3cf,16,Bob Dylan,us,72c536dc-7137-4477-a521-567eeb840fa8,,,,
265,No One Knows,en,m,155,Songs for the Deaf,2002,cbffb669-c390-3a4d-b46f-1be8ea934b03,153,Queens of the Stone Age,us,7dc8f5bd-9d0b-4087-9f73-dc164950bbd8,,,,
266,Yellow,en,m,48,Parachutes,2000,1dc4c347-a1db-32aa-b14f-bc9cc507b843,25,Coldplay,gb,cc197bad-dc9c-440d-a5b5-d52ba2e14234,,,,
457,Plush,en,m,379,Core,1992,6ca130f1-8f1f-3aa2-8cfb-6cfda3ed5d21,251,Stone Temple Pilots,us,8c32bb01-58a3-453b-8050-8c0620edb0e5,,,,
268,Lieve kleine piranha,nl,m,83,Gorky,1992,77309866-f3e5-3c28-98d9-d04a59417d46,52,Gorki,be,2fd1f1f6-9b93-49c5-85f8-64ab5d72bf59,,,,
269,Clocks,en,m,49,A Rush of Blood to the Head,2002,120c786d-a3b2-3c19-b4ff-2b7b3b4435bf,25,Coldplay,gb,cc197bad-dc9c-440d-a5b5-d52ba2e14234,,,,
272,Scared of Yourself,en,m,232,One-Armed Bandit,2004,15234ca2-9852-3d91-8dbe-4de9daa47b2f,157,Zornik,be,"094413ef-f334-4e4a-96b1-18ab66919357",,,,
273,Seven Nation Army,en,m,224,Elephant,2003,d85b9684-4277-3565-b89b-115c8b4b7fd3,158,The White Stripes,us,11ae9fbb-f3d7-4a47-936f-4c0a04d3b3b5,,,,
275,Irene,nl,m,121,De Mens,1992,cedb1ce4-cf41-3957-89bb-001d290b51a3,160,De Mens,be,57c4babc-069d-48e8-a6b3-0887cd48d183,,,,
276,The Scientist,en,m,49,A Rush of Blood to the Head,2002,120c786d-a3b2-3c19-b4ff-2b7b3b4435bf,25,Coldplay,gb,cc197bad-dc9c-440d-a5b5-d52ba2e14234,,,,
277,Housewife,i,i,233,Victory,2004,a346c1b9-a645-3e09-98f8-80aff76d7400,161,Daan,be,38a9dd50-aafd-491f-a7ea-29a07ea9ecfa,,,,
458,Teardrops,en,f,380,Conscience,1988,f08254ef-22d8-3b1c-a339-c1757db305e2,252,Womack & Womack,us,d41817d9-893f-4dd1-99ac-7b12dc3ba265,,,,
1217,Knee Socks,en,m,272,AM,2013,a348ba2f-f8b3-4686-b928-e63d8d94d543,174,Arctic Monkeys,gb,ada7a83c-e3e1-40f1-93f9-3e73dbc9298a,,,,
278,"My Heroics, Part One",en,m,235,New Day,2005,"0c08b312-2605-3733-9e52-492f9815d58e",162,Absynthe Minded,be,"01614f48-a5cc-4c44-868e-6eac343e1d89",,,,
279,Enjoy the Silence,en,m,236,Violator,1990,71f1482e-e63f-3b2c-811b-939f62708f2a,163,Depeche Mode,gb,8538e728-ca0b-4321-b7e5-cff6565dd4c0,,,,
280,Highway to Hell,en,m,237,Highway to Hell,1979,f85647ec-a69b-3b0a-ad04-bb6076c4dcf1,5,AC/DC,au,66c662b6-6e2f-4930-8610-912e24c63ed1,,,,
281,Shine On You Crazy Diamond,en,m,141,Wish You Were Here,1975,1a272023-10d3-38ee-bab3-317b55fcc21d,98,Pink Floyd,gb,83d91898-7763-47d7-b03b-b92132375c47,,,,
282,Knights of Cydonia,en,m,238,Black Holes and Revelations,2006,af2e8e23-e9c3-4e67-8ad8-66387c5898fd,164,Muse,gb,9c9f1380-2516-4fc9-a3e6-f9f61941d090,,,,
283,Rebellion (Lies),en,m,239,Funeral,2004,"05affa96-5959-32da-8d75-1c9eb985ca59",165,Arcade Fire,ca,52074ba6-e495-4ef3-9bb4-0703888a9f68,,,,
284,Cruisin',en,m,240,See You Naked,2003,d8489eeb-fd5a-3796-9d5a-930534500fe1,166,Sioen,be,414a65e4-30ed-4a3c-95a2-19f38f7db550,,,,
285,Comfortably Numb,en,m,142,The Wall,1979,f2026101-945b-3d05-9ef4-aa718fc3feef,98,Pink Floyd,gb,83d91898-7763-47d7-b03b-b92132375c47,,,,
286,Everlong,en,m,241,The Colour and the Shape,1997,7822977a-984d-358d-823f-426139c0eaba,167,Foo Fighters,us,67f66c07-6e61-4026-ade5-7e782fad3a5d,,,,
287,New Born,en,m,242,Origin of Symmetry,2001,ef03fe86-b54c-3667-8768-029833e7e1cd,164,Muse,gb,9c9f1380-2516-4fc9-a3e6-f9f61941d090,,,,
288,Mr. Brightside,en,m,243,Hot Fuss,2004,e8c09b4e-33ae-368b-8f70-24b4e14fb9ad,168,The Killers,us,95e1ead9-4d31-4808-a7ac-32c3614c116b,,,,
289,Bitter Sweet Symphony,en,m,244,Urban Hymns,1997,3dd0c8e4-af53-3605-9c20-f27c7635fb60,169,The Verve,gb,d4d17620-fd97-4574-92a8-a2cb7e72ce42,,,,
459,Walk,en,m,381,Wasting Light,2011,91825bcf-e51d-4357-986c-ac2a49b4d205,167,Foo Fighters,us,67f66c07-6e61-4026-ade5-7e782fad3a5d,,,,
460,Streets of Philadelphia,en,m,382,Philadelphia,1994,235d0ed1-8889-4174-8383-c4725ea22741,20,Bruce Springsteen,us,70248960-cb53-4ea4-943a-edb18f7d336f,,,,
461,Otherside,en,m,167,Californication,1999,ca5dfcc3-83fb-3eee-9061-c27296b77b2c,109,Red Hot Chili Peppers,us,8bfac288-ccc5-448d-9573-c33ea2aa5c30,,,,
462,Atmosphere,en,m,383,Atmosphere,1980,5c687ffe-efa5-4666-aa58-d4ed0382d2af,67,Joy Division,gb,9a58fda3-f4ed-4080-a3a5-f457aac9fcdd,,,,
290,Blitzkrieg Bop,en,m,245,Ramones,1976,7de1e321-4a53-3feb-b83e-f1dab88bf952,170,Ramones,us,d6ed7887-a401-47a8-893c-34b967444d26,,,,
291,Viva la Vida,en,m,246,Viva la Vida or Death and All His Friends,2008,a1084754-8bb5-3ebc-bbd2-6a27d48e798a,25,Coldplay,gb,cc197bad-dc9c-440d-a5b5-d52ba2e14234,,,,
292,Sex on Fire,en,m,247,Only by the Night,2008,7a23bc7e-d7bd-3a22-a38d-7d1f793bae1c,171,Kings of Leon,us,6ffb8ea9-2370-44d8-b678-e9237bbd347b,,,,
293,Papillon,en,m,248,In This Light and on This Evening,2009,"00c3d89f-d0f3-42a5-aede-1e4db29fa683",172,Editors,gb,"0efe858c-89e5-4e47-906a-356fa953fd6e",,,,
295,You Don't Know,en,m,250,The Bigger Picture,2006,7cefef77-1329-3eb2-b680-7c4a3751e501,173,Milow,be,cf6e878f-4ad1-4b32-a105-f832c69a4f51,,,,
700,The Partisan,en,m,548,Songs from a Room,1969,"0c0d5696-5d29-3809-8b79-4bf1320f0353",189,Leonard Cohen,ca,65314b12-0e08-43fa-ba33-baaa7b874c15,,,,
296,No Sound but the Wind,en,m,251,No Sound But the Wind,2010,94cda90a-0fb5-4211-b7be-f457a60a232f,172,Editors,gb,"0efe858c-89e5-4e47-906a-356fa953fd6e",,,,
298,I Bet You Look Good on the Dancefloor,en,m,252,"Whatever People Say I Am, That's What I'm Not",2006,6c9c4985-3628-3070-b956-b538f30c9bea,174,Arctic Monkeys,gb,ada7a83c-e3e1-40f1-93f9-3e73dbc9298a,,,,
301,Bloodbuzz Ohio,en,m,253,High Violet,2010,1ce57f6a-62c8-4017-ad38-3339f542faae,181,The National,us,664c3e0e-42d8-48c1-b209-1efca19c0325,,,,
463,Bad Moon Rising,en,m,384,Green River,1969,6c08878c-d6a1-37b6-84c3-9566748545c1,29,Creedence Clearwater Revival,us,109958eb-a335-4c5e-907e-597ff4c6af46,,,,
464,Beautiful Day,en,m,385,All That You Can't Leave Behind,2000,88c59b55-200d-3ac1-beff-8eb99830807e,146,U2,ie,a3cb23fc-acd3-4ce0-8f36-1e5aa6a18432,,,,
465,God Only Knows,en,m,386,Pet Sounds,1966,fdd96703-7b21-365e-bdea-38029fbeb84e,253,The Beach Boys,us,ebfc1398-8d96-47e3-82c3-f782abcdb13d,,,,
466,Boulevard of Broken Dreams,en,m,347,American Idiot,2004,de9bf827-a9b0-348b-a7c9-556c03c3fb07,53,Green Day,us,"084308bd-1654-436f-ba03-df6697104e19",,,,
303,Redemption Song,en,m,255,Uprising,1980,6dd29c00-7539-319d-98e0-b2f07e861497,17,Bob Marley & the Wailers,jm,c296e10c-110a-4103-9e77-47bfebb7fb2e,,,,
304,Champagne Supernova,en,m,135,(What's the Story) Morning Glory?,1995,cc7e6348-cc55-31fa-aeb2-748a46a81cb3,92,Oasis,gb,39ab1aed-75e0-4140-bd47-540276886b60,,,,
305,That Look You Give That Guy,en,m,256,Hombre Lobo: 12 Songs of Desire,2009,679b91b1-c84c-313b-8d8c-9116ea9e9d03,183,Eels,us,14387b0f-765c-4852-852f-135335790466,,,,
306,Go with the Flow,en,m,155,Songs for the Deaf,2002,cbffb669-c390-3a4d-b46f-1be8ea934b03,153,Queens of the Stone Age,us,7dc8f5bd-9d0b-4087-9f73-dc164950bbd8,,,,
307,Fear of the Dark,en,m,257,Fear of the Dark,1992,153c0331-41b2-33b9-b86e-c6717761aa80,184,Iron Maiden,gb,ca891d65-d9b0-4258-89f7-e6ba29d83767,,,,
308,Dreams,en,f,73,Rumours,1977,416bb5e5-c7d1-3977-8fd7-7c9daf6c2be6,46,Fleetwood Mac,gb,bd13909f-1c29-4c27-a874-d4aaf27c5b1a,,,,
321,In the End,en,m,268,Hybrid Theory,2000,b5b4bb4b-8ba5-3acf-88cb-4cae2699d8da,191,Linkin Park,us,f59c5520-5f46-4d2c-b2c4-822eabf53419,,,,
309,Someone like You,en,f,258,21,2011,e4174758-d333-4a8e-a31f-dd0edd51518e,185,Adele,gb,cc2c9c3c-b7bc-4b8b-84d8-4fbd8779e493,,,,
310,The Man with the Red Face,i,i,259,Unreasonable Behaviour,2000,5e4ab0c9-6fe5-3096-9ef5-7ea9a177f625,186,Laurent Garnier,fr,ec477866-bfaa-48e0-affd-1c151ef61b7b,,,,
311,Hurt,en,m,260,American IV: The Man Comes Around,2002,aca4ccc8-5d1b-361e-ab21-396b2c6d42d3,187,Johnny Cash,us,d43d12a1-2dc9-4257-a2fd-0a3bb1081b86,,,,
312,Run to the Hills,en,m,261,The Number of the Beast,1982,4ebfe175-e7ed-34cd-8e91-67c7e4a53579,184,Iron Maiden,gb,ca891d65-d9b0-4258-89f7-e6ba29d83767,,,,
314,The Number of the Beast,en,m,261,The Number of the Beast,1982,4ebfe175-e7ed-34cd-8e91-67c7e4a53579,184,Iron Maiden,gb,ca891d65-d9b0-4258-89f7-e6ba29d83767,,,,
373,The Whole of the Moon,en,m,312,This Is the Sea,1985,c5f3b58e-9f61-3863-9277-974e3a84a936,214,The Waterboys,gb,21666405-49f8-44f6-94bb-e064f202f7ba,,,,
374,Dance Me to the End of Love,en,m,265,Various Positions,1984,19c21cd1-54eb-3f42-a0ab-6fa0f834cee7,189,Leonard Cohen,ca,65314b12-0e08-43fa-ba33-baaa7b874c15,,,,
376,Formidable,fr,m,314,Racine carrée,2013,d079dc50-fa9b-4a88-90f4-5e8723accd75,216,Stromae,be,ab2528d9-719f-4261-8098-21849222a0f2,,,,
377,Midlife Crisis,en,m,315,Angel Dust,1992,503e5b85-df2a-365a-82e4-32ca30538d8d,43,Faith No More,us,b15ebd71-a252-417d-9e1c-3e6863da68f8,,,,
316,Back to Black,en,f,263,Back to Black,2006,6eac2e57-ee50-36f8-b0c4-c4c847a2c098,188,Amy Winehouse,gb,dfe9a7c4-8cf2-47f4-9dcb-d233c2b86ec3,,,,
317,Piano Man,en,m,264,Piano Man,1973,7866f536-a9c7-32eb-8eed-bb49132432fa,13,Billy Joel,us,64b94289-9474-4d43-8c93-918ccc1920d1,,,,
318,Hallelujah,en,m,265,Various Positions,1984,19c21cd1-54eb-3f42-a0ab-6fa0f834cee7,189,Leonard Cohen,ca,65314b12-0e08-43fa-ba33-baaa7b874c15,,,,
378,Battery,en,m,122,Master of Puppets,1986,3d00fb45-f8ab-3436-a8e1-b4bfc4d66913,85,Metallica,us,65f4f0c5-ef9e-490c-aee3-909e7ae6b2ab,,,,
379,The Suburbs,en,m,298,The Suburbs,2010,bf306022-c851-449d-a619-7864caddf5c7,165,Arcade Fire,ca,52074ba6-e495-4ef3-9bb4-0703888a9f68,,,,
380,Stan,en,x,316,The Marshall Mathers LP,2000,b0fa91c8-0996-38f1-ab84-797f58d7c4eb,217,Eminem,us,b95ce3ff-3d05-4e87-9e01-c97b66af13d4,294,Dido,gb,d1353a0c-26fb-4318-a116-defde9c7c9ad
381,My Immortal,en,f,317,Fallen,2003,2187d248-1a3b-35d0-a4ec-bead586ff547,218,Evanescence,us,f4a31f0a-51dd-4fa7-986d-3095c40c5ed9,,,,
382,The Unforgettable Fire,en,m,215,The Unforgettable Fire,1984,c84d00f4-afd3-3184-be62-6ae5f135aa38,146,U2,ie,a3cb23fc-acd3-4ce0-8f36-1e5aa6a18432,,,,
319,Universal Nation,i,i,266,Universal Nation,1998,ea7eb186-8c63-4376-a409-b7f578d857a2,190,Push,be,1b9e6350-f7f8-483f-9917-a8c9fcf52e99,,,,
322,505,en,m,269,Favourite Worst Nightmare,2007,f113fa38-7908-3ec9-8145-d2455e78a8b2,174,Arctic Monkeys,gb,ada7a83c-e3e1-40f1-93f9-3e73dbc9298a,,,,
323,Ace of Spades,en,m,270,Ace of Spades,1980,51d51de2-0312-4798-8529-bed2ae2581c6,192,Motörhead,gb,57961a97-3796-4bf7-9f02-a985a8979ae9,,,,
324,Fix You,en,m,271,X&Y,2005,c50b180a-12c9-3153-8ba5-eac6a6537d6f,25,Coldplay,gb,cc197bad-dc9c-440d-a5b5-d52ba2e14234,,,,
325,When the Sun Goes Down,en,m,252,"Whatever People Say I Am, That's What I'm Not",2006,6c9c4985-3628-3070-b956-b538f30c9bea,174,Arctic Monkeys,gb,ada7a83c-e3e1-40f1-93f9-3e73dbc9298a,,,,
326,Do I Wanna Know?,en,m,272,AM,2013,a348ba2f-f8b3-4686-b928-e63d8d94d543,174,Arctic Monkeys,gb,ada7a83c-e3e1-40f1-93f9-3e73dbc9298a,,,,
327,The Chain,en,x,73,Rumours,1977,416bb5e5-c7d1-3977-8fd7-7c9daf6c2be6,46,Fleetwood Mac,gb,bd13909f-1c29-4c27-a874-d4aaf27c5b1a,,,,
383,London Calling,en,m,318,London Calling,1979,8d73e45e-7ca1-3cb4-ae28-6da76196c17c,219,The Clash,gb,8f92558c-2baa-4758-8c38-615519e9deda,,,,
384,Little Black Submarines,en,m,319,El Camino,2011,c2eed4c1-5cd9-469a-9075-b82077093967,220,The Black Keys,us,d15721d8-56b4-453d-b506-fc915b14cba2,,,,
385,The Funeral,en,m,320,Everything All the Time,2006,f9c3a3db-c1d5-33ec-98ca-8c8de928c17f,221,Band of Horses,us,"07b6020a-c539-4d68-aeef-f159f3befc76",,,,
386,Hold the Line,en,m,321,Toto,1978,2b76e8ed-d20b-35a5-b7b9-f6e8e709235e,194,Toto,us,aab5c954-cabe-432e-899e-1c4f99757327,,,,
1218,The Best,en,f,882,Foreign Affair,1989,6ef79cde-6fca-3ac7-a5e6-d78d795fd036,504,Tina Turner,us,9072df14-b61e-42e2-b4f4-6bbb7fdb5586,,,,
328,Numb,en,m,273,Meteora,2003,"09474d62-17dd-3a4f-98fb-04c65f38a479",191,Linkin Park,us,f59c5520-5f46-4d2c-b2c4-822eabf53419,,,,
329,Society,en,m,274,Into the Wild,2007,9fbbb26b-282f-36aa-9170-4b41e5fb73ef,193,Eddie Vedder,us,1a60d6dd-9d3e-40fc-a66d-3184f9ee0d61,,,,
330,Africa,en,m,275,Toto IV,1982,"0d70d25f-a64a-3eed-8b26-13fe068a4519",194,Toto,us,aab5c954-cabe-432e-899e-1c4f99757327,,,,
331,Synrise,i,i,276,Synrise,2010,a8a9cd03-428c-42fa-b276-9747dcdb1b09,195,Goose,be,6849ebec-b385-4b41-b5a1-125f91e46119,,,,
332,Red Eyes,en,m,277,Lost in the Dream,2014,943b191f-616f-4091-8516-0979987b5eef,196,The War on Drugs,us,87b9b3b8-ab93-426c-a200-4012d667a626,,,,
333,Everywhere,en,f,278,Tango in the Night,1987,680b3cd8-426b-3112-bcf3-42cd66f75fa9,46,Fleetwood Mac,gb,bd13909f-1c29-4c27-a874-d4aaf27c5b1a,,,,
387,Twee meisjes,nl,m,322,Ik ben God niet,1996,96e52764-c608-3a79-8e6b-e1dfaa55be4d,108,Raymond van het Groenewoud,be,ba6f20f8-d777-44d4-abd6-4fcb840783a3,,,,
388,Since I've Been Loving You,en,m,323,Led Zeppelin III,1970,53f80f76-f8af-3558-bfd5-e7221e055c75,75,Led Zeppelin,gb,678d88b2-87b0-403b-b63d-5da7465aecc3,,,,
389,Fluorescent Adolescent,en,m,269,Favourite Worst Nightmare,2007,f113fa38-7908-3ec9-8145-d2455e78a8b2,174,Arctic Monkeys,gb,ada7a83c-e3e1-40f1-93f9-3e73dbc9298a,,,,
391,Naïve,en,m,325,Inside In / Inside Out,2006,955f4066-9dfd-3363-b10f-1c9a67903faa,222,The Kooks,gb,f82f3a3e-29c2-42ca-b589-bc5dc210fa9e,,,,
334,The Sound of Silence,en,m,279,Immortalized,2015,4f70d382-edef-40e5-afe7-09ae2c5d10d1,197,Disturbed,us,4bb4e4e4-5f66-4509-98af-62dbb90c45c5,,,,
335,Under Pressure,en,m,280,Hot Space,1982,3918b90b-340e-3779-9d7e-ba1593653498,103,Queen,gb,"0383dadf-2a4e-4d10-a46a-e9e041da8eb3",32,David Bowie,gb,5441c29d-3602-4898-b1a1-b77fa23b8e50
336,Piece of My Heart,en,f,281,Cheap Thrills,1968,"02de8887-e93b-3ea6-8b6d-de072a159bba",198,Big Brother and the Holding Company,us,3cf5a3be-25ef-4408-98fe-e66fee536be1,,,,
337,Feeling Good,en,f,282,I Put a Spell on You,1965,37b80fea-0129-3546-9ffe-00a719ee9e61,199,Nina Simone,us,2944824d-4c26-476f-a981-be849081942f,,,,
338,I Say a Little Prayer,en,f,283,Aretha Now,1968,b26d1ec6-2500-3ecf-9528-7bc5a360efbe,200,Aretha Franklin,us,2f9ecbed-27be-40e6-abca-6de49d50299e,,,,
392,The Sea Is Dying,en,m,326,When the Candle Dies Out,2008,6d6bf078-674b-35ae-92c4-e9d2fae4d0ed,223,Steak Number Eight,be,bed54ad9-696a-4a58-a14f-031f111727c1,,,,
395,Fear Inoculum,en,m,329,Fear Inoculum,2019,76203bd0-466b-4802-a7ca-9b0097a3f862,143,Tool,us,66fc5bf8-daa4-4241-b378-9bc9077939d2,,,,
396,White Rabbit,en,f,330,Surrealistic Pillow,1967,e6440cd2-5e8e-367d-bc49-cc042b5ef524,225,Jefferson Airplane,us,39c2a93d-9afa-4a22-9bba-c087ab056e1c,,,,
397,Gloria,en,f,331,Horses,1975,ff8f533c-3cb3-3877-9209-11f433edaad2,226,Patti Smith,us,d135874d-9cae-4fef-97e3-36acbd9f5a26,,,,
398,Famous Blue Raincoat,en,m,332,Songs of Love and Hate,1971,964ccc52-2873-3bce-a806-73d71532c539,189,Leonard Cohen,ca,65314b12-0e08-43fa-ba33-baaa7b874c15,,,,
399,9 Crimes,en,x,333,9,2006,"0d673e32-4f95-348f-af28-3abc1353bff3",227,Damien Rice,ie,2119beb8-6ac5-4f21-82a4-b831c90c0024,,,,
400,Lovesong,en,m,334,Disintegration,1989,494bf606-d2f7-36d0-8340-eadad8601d2b,31,The Cure,gb,69ee3720-a7cb-4402-b48d-a02c366f2bcf,,,,
394,Still Counting,en,m,328,Guitar Gangsters & Cadillac Blood,2008,b751cfc2-75c2-3590-bc58-c810f6506bc8,224,Volbeat,dk,4753fcb7-9270-493a-974d-8daca4e49125,,,,
339,Respect,en,f,284,I Never Loved a Man the Way I Love You,1967,7d8f07a7-4c64-3afb-8daf-8f1d4df89a78,200,Aretha Franklin,us,2f9ecbed-27be-40e6-abca-6de49d50299e,,,,
340,Porcelain,en,m,285,Play,1999,7f6a4e72-9fee-39db-8817-63425f97a0f5,201,Moby,us,8970d868-0723-483b-a75b-51088913d3d4,,,,
341,In Between Days,en,m,286,The Head on the Door,1985,cf5d6187-e43b-3848-ba51-8ec1df3d97e3,31,The Cure,gb,69ee3720-a7cb-4402-b48d-a02c366f2bcf,,,,
342,Bullet in the Head,en,m,163,Rage Against the Machine,1992,1305859b-8937-397f-9c33-39f62eb672fb,105,Rage Against the Machine,us,3798b104-01cb-484c-a3b0-56adc6399b80,,,,
343,Smalltown Boy,en,m,287,The Age of Consent,1984,"00a48312-d0c0-3bee-8818-6d1b836b52e0",202,Bronski Beat,gb,27acebf2-5440-42a7-9db6-19ad2c9dea38,,,,
344,Banquet,en,m,288,Silent Alarm,2005,f3f82b80-b2c5-3151-be53-5cb5803860e0,203,Bloc Party,gb,8c538f11-c141-4588-8ecb-931083524186,,,,
345,Ice Queen,en,f,289,Mother Earth,2000,2c78aedc-0407-38dd-bffd-1e58346fa183,204,Within Temptation,nl,eace2373-31c8-4aba-9a5c-7bce22dd140a,,,,
346,Harvest Moon,en,m,290,Harvest Moon,1992,6c153d3a-cf36-37ea-8409-0e48b428315f,88,Neil Young,ca,75167b8b-44e4-407b-9d35-effe87b223cf,,,,
347,I Wanna Be Adored,en,m,291,The Stone Roses,1989,88b86fe0-26f5-3949-817a-8082145e704d,205,The Stone Roses,gb,b5fa29f1-6c22-4321-a488-b5f363b06b06,,,,
348,Sugar,en,m,292,The Weight of Your Love,2013,1db9eb6b-4f42-4f1e-a0a7-e3243b657c7d,172,Editors,gb,"0efe858c-89e5-4e47-906a-356fa953fd6e",,,,
349,Careless Whisper,en,m,293,Make It Big,1984,,47,George Michael,gb,ccb8f30e-4d71-40c4-8b1d-846dafe73e2c,,,,
350,Eden,en,f,294,Blue Wonder Power Milk,1998,8c274eb3-afee-3b32-b13e-4343aac7dd64,56,Hooverphonic,be,62dc94cc-f611-4345-87cb-b914796a4a45,,,,
351,Jungleland,en,m,198,Born to Run,1975,39b22944-7503-3937-8bba-09b17281cc6a,20,Bruce Springsteen,us,70248960-cb53-4ea4-943a-edb18f7d336f,,,,
352,Mr. Brightside (Jacques Lu Cont's Thin White Duke Mix),en,m,295,Mr. Brightside,2003,5d59bcbf-94cc-3bd6-a65d-89200d55ba07,168,The Killers,us,95e1ead9-4d31-4808-a7ac-32c3614c116b,,,,
353,The Trooper,en,m,296,Piece of Mind,1983,169361b5-af6f-34ca-b8f2-13605a7f9691,184,Iron Maiden,gb,ca891d65-d9b0-4258-89f7-e6ba29d83767,,,,
354,Evil,en,m,297,Antics,2004,bc7740e1-02c9-3ab7-9869-0e0c79acf941,206,Interpol,us,b23e8a63-8f47-4882-b55b-df2c92ef400e,,,,
355,Ready to Start,en,m,298,The Suburbs,2010,bf306022-c851-449d-a619-7864caddf5c7,165,Arcade Fire,ca,52074ba6-e495-4ef3-9bb4-0703888a9f68,,,,
356,The Lost Art of Keeping a Secret,en,m,299,Rated R,2000,7818bb84-ed80-3488-9f50-f9bf4347e372,153,Queens of the Stone Age,us,7dc8f5bd-9d0b-4087-9f73-dc164950bbd8,,,,
357,No Good (Start the Dance),en,f,300,Music for the Jilted Generation,1994,f9fa083f-db00-3048-99e7-5b186672bb09,207,The Prodigy,gb,4a4ee089-93b1-4470-af9a-6ff575d32704,,,,
358,One More Time,en,m,301,Discovery,2001,48117b90-a16e-34ca-a514-19c702df1158,208,Daft Punk,fr,"056e4f3e-d505-4dad-8ec1-d04f521cbb56",,,,
359,Sara,en,f,302,Tusk,1979,22deeac8-6009-31ad-a069-26e85d246412,46,Fleetwood Mac,gb,bd13909f-1c29-4c27-a874-d4aaf27c5b1a,,,,
360,By the Way,en,m,303,By the Way,2002,bbf6eaa8-1340-35c8-9599-34056896ebab,109,Red Hot Chili Peppers,us,8bfac288-ccc5-448d-9573-c33ea2aa5c30,,,,
361,Dakota,en,m,304,Language. Sex. Violence. Other?,2005,82785d3e-4488-3e02-a077-c44f46ecbf9c,209,Stereophonics,gb,"0bfba3d3-6a04-4779-bb0a-df07df5b0558",,,,
362,O Children,en,m,305,Abattoir Blues / The Lyre of Orpheus,2004,f0ffb9ec-fcb5-3e03-9a1b-3f018472d831,89,Nick Cave,au,172e1f1a-504d-4488-b053-6344ba63e6d0,,,,
363,Whiskey in the Jar,en,m,306,Garage Inc.,1998,e683880a-b1d7-3599-9f70-680ac56d8667,85,Metallica,us,65f4f0c5-ef9e-490c-aee3-909e7ae6b2ab,,,,
364,Chan Chan,es,m,307,Buena Vista Social Club,1997,32bbab8e-02c0-30d2-9e23-a19739864b84,210,Buena Vista Social Club,cu,2a85ecff-41e9-4be1-aca6-c87054a4c334,,,,
365,Tears Dry on Their Own,en,f,263,Back to Black,2006,6eac2e57-ee50-36f8-b0c4-c4c847a2c098,188,Amy Winehouse,gb,dfe9a7c4-8cf2-47f4-9dcb-d233c2b86ec3,,,,
366,I Wanna Be Your Dog,en,m,203,The Stooges,1969,18037a41-2695-3a8f-a732-f6653a7f125b,135,The Stooges,us,794c6bf2-3241-416f-9b8f-24e2d84a1c4b,,,,
367,Rozane,nl,m,308,Brussel,1975,,211,Wim De Craene,be,9c5e89b8-16d7-4690-ac9b-6f42980da0d2,,,,
368,Runaway,en,m,309,My Beautiful Dark Twisted Fantasy,2010,5d6e21e1-deb5-428e-bb42-c2a567f3619b,212,Kanye West,us,164f0d73-1234-4e2c-8743-d77bf2191051,787,Pusha T,us,
369,Can't Stop,en,m,303,By the Way,2002,bbf6eaa8-1340-35c8-9599-34056896ebab,109,Red Hot Chili Peppers,us,8bfac288-ccc5-448d-9573-c33ea2aa5c30,,,,
370,The Bitter End,en,m,310,Sleeping with Ghosts,2003,fd6279cf-0bf3-3d8f-9e07-bde8b7a34448,213,Placebo,gb,847e8284-8582-4b0e-9c26-b042a4f49e57,,,,
371,The Great Gig In The Sky,i,f,140,The Dark Side of the Moon,1973,f5093c06-23e3-404f-aeaa-40f72885ee3a,98,Pink Floyd,gb,83d91898-7763-47d7-b03b-b92132375c47,,,,
372,Folsom Prison Blues,en,m,311,With His Hot and Blue Guitar,1957,288b58ea-6b89-3dae-8428-2822fb15c7cb,187,Johnny Cash,us,d43d12a1-2dc9-4257-a2fd-0a3bb1081b86,,,,
469,Have You Ever Seen the Rain,en,m,389,Pendulum,1970,da556835-e464-3389-881f-362ef8f984b3,29,Creedence Clearwater Revival,us,109958eb-a335-4c5e-907e-597ff4c6af46,,,,
470,Snow (Hey Oh),en,m,390,Stadium Arcadium,2006,19181d75-deda-366e-ace5-622293be9ef0,109,Red Hot Chili Peppers,us,8bfac288-ccc5-448d-9573-c33ea2aa5c30,,,,
471,Narcotic,en,m,391,Liquido,1999,96abaa87-21a2-3dc9-861a-5bc38b3db76d,256,Liquido,de,5b7b9817-f937-48a6-b194-cb2b7e4084a3,,,,
472,Fuzzy,en,m,392,Fuzzy,1993,290cd1a5-22cc-3db4-817e-bf264be59fd0,257,Grant Lee Buffalo,us,,,,,
473,Love of My Life,en,m,154,A Night at the Opera,1975,6b47c9a0-b9e1-3df9-a5e8-50a6ce0dbdbd,103,Queen,gb,"0383dadf-2a4e-4d10-a46a-e9e041da8eb3",,,,
474,Suzanne,en,m,393,Songs of Leonard Cohen,1967,34291a49-8df9-304e-bd39-16b11d829d5f,189,Leonard Cohen,ca,65314b12-0e08-43fa-ba33-baaa7b874c15,,,,
475,In Bloom,en,m,129,Nevermind,1991,1b022e01-4da6-387b-8658-8678046e4cef,90,Nirvana,us,5b11f4ce-a62d-471e-81fc-a69a8278c7da,,,,
476,Little Red Corvette,en,m,150,1999,1982,561be5b7-a39c-3866-859d-d86f30816ae7,101,Prince,us,"070d193a-845c-479f-980e-bef15710653e",,,,
477,Layla,en,m,44,Unplugged,1992,61c4a210-6e90-3d41-b6c1-fd2c7e4fb6ac,42,Eric Clapton,gb,618b6900-0618-4f1e-b835-bccb17f84294,,,,
478,Old Man,en,m,228,Harvest,1972,b25419cf-71bf-3a54-8cd4-2161c61056a0,88,Neil Young,ca,75167b8b-44e4-407b-9d35-effe87b223cf,,,,
479,Still D.R.E.,en,m,394,2001,1999,f28e065d-fd56-3929-b0a4-6aa1b4c78bdb,258,Dr. Dre,us,5f6ab597-f57a-40da-be9e-adad48708203,464,Snoop Dogg,us,
480,Telegraph Road,en,m,61,Love Over Gold,1982,935dde7e-8390-39fa-8e0d-1350db96bc3f,36,Dire Straits,gb,614e3804-7d34-41ba-857f-811bad7c2b7a,,,,
481,Think,en,f,283,Aretha Now,1968,b26d1ec6-2500-3ecf-9528-7bc5a360efbe,200,Aretha Franklin,us,2f9ecbed-27be-40e6-abca-6de49d50299e,,,,
482,Master Blaster (Jammin'),en,m,395,Hotter than July,1980,6fbde199-c971-3d4f-a8df-ca13a998e3c7,259,Stevie Wonder,us,1ee18fb3-18a6-4c7f-8ba0-bc41cdd0462e,,,,
483,Uprising,en,m,396,The Resistance,2009,8411a4db-e104-4e45-995f-24b2f1849437,164,Muse,gb,9c9f1380-2516-4fc9-a3e6-f9f61941d090,,,,
484,Cold Little Heart,en,m,397,Love & Hate,2016,c51bb243-59ac-4de0-9a51-4ead3d4e1bf8,260,Michael Kiwanuka,gb,11f570ff-44d9-4e9c-8812-e6d56103c5c1,,,,
485,Lose Yourself,en,m,398,8 Mile,2002,33d67f25-ee34-3bb9-86d6-c23abd5d9550,217,Eminem,us,b95ce3ff-3d05-4e87-9e01-c97b66af13d4,,,,
486,Hallelujah (live),en,m,399,Live At Sin-é,1993,7a841849-94bd-3af3-aaff-0b80362569c6,61,Jeff Buckley,us,e6e879c0-3d56-4f12-b3c5-3ce459661a8e,,,,
487,Back in Black,en,m,400,Back in Black,1980,d3bc1a64-7561-3787-b680-0003aa50f8f1,5,AC/DC,au,66c662b6-6e2f-4930-8610-912e24c63ed1,,,,
488,(You Make Me Feel Like) A Natural Woman,en,f,401,Lady Soul,1968,"05571372-5b11-39b7-89c5-1c02589a27c8",200,Aretha Franklin,us,2f9ecbed-27be-40e6-abca-6de49d50299e,,,,
489,For Whom the Bell Tolls,en,m,402,Ride the Lightning,1984,"0da580f2-6768-498f-af9d-2becaddf15e0",85,Metallica,us,65f4f0c5-ef9e-490c-aee3-909e7ae6b2ab,,,,
490,Girls & Boys,en,m,403,Parade,1986,8c20e5ba-1418-393e-a946-b6525fa3a94a,101,Prince,us,"070d193a-845c-479f-980e-bef15710653e",,,,
491,Wind of Change,en,m,404,Crazy World,1990,d8a27312-3b03-36a0-a184-49b032528c1d,119,Scorpions,de,c3cceeed-3332-4cf0-8c4c-bbde425147b6,,,,
492,Free Bird,en,m,405,(Pronounced 'Leh-'Nérd 'Skin-'Nérd),1973,33446893-8c9f-30b6-aa73-d719df371430,261,Lynyrd Skynyrd,us,c544ed4d-2390-4442-a83e-1ea2883b09c8,,,,
493,Melvin,en,m,406,Lokemo,2011,8a5e5acc-2662-4112-a85d-5fb2f64dca2e,262,Arsenal,be,8d834b78-b9dd-4241-8f70-98b963eded68,,,,
494,Sweet Dreams (Are Made of This),en,f,407,Sweet Dreams (Are Made of This),1983,b969f851-b5cf-3a3f-9bfe-1280eb271406,263,Eurythmics,gb,b4d32cff-f19e-455f-86c4-f347d824ca61,,,,
495,Rhiannon,en,f,408,Fleetwood Mac,1975,6b5d9bf1-f496-34b5-9488-7df2533d6208,46,Fleetwood Mac,gb,bd13909f-1c29-4c27-a874-d4aaf27c5b1a,,,,
496,Bombtrack,en,m,163,Rage Against the Machine,1992,1305859b-8937-397f-9c33-39f62eb672fb,105,Rage Against the Machine,us,3798b104-01cb-484c-a3b0-56adc6399b80,,,,
497,Innuendo,en,m,409,Innuendo,1991,daf57856-a734-3441-b0fd-26aa5f28ca64,103,Queen,gb,"0383dadf-2a4e-4d10-a46a-e9e041da8eb3",,,,
498,Ne me quitte pas,fr,m,410,La Valse à Mille Temps,1959,7c32d3aa-ce22-35cf-b053-6d7fa20d624e,264,Jacques Brel,be,91eda19b-1437-42cd-b7af-69df24b7f275,,,,
499,These Days,en,m,381,Wasting Light,2011,91825bcf-e51d-4357-986c-ac2a49b4d205,167,Foo Fighters,us,67f66c07-6e61-4026-ade5-7e782fad3a5d,,,,
500,The Weeping Song,en,m,41,The Good Son,1990,2457f698-2866-3506-aca6-91262e463459,89,Nick Cave,au,172e1f1a-504d-4488-b053-6344ba63e6d0,,,,
501,Little Lion Man,en,m,411,Sigh No More,2009,e098b168-2395-4be9-9bfa-ed6e8b488182,265,Mumford & Sons,gb,c44e9c22-ef82-4a77-9bcd-af6c958446d6,,,,
502,Three Little Birds,en,m,412,Exodus,1977,c5650313-60f3-34d3-92e4-300545133792,17,Bob Marley & the Wailers,jm,c296e10c-110a-4103-9e77-47bfebb7fb2e,,,,
503,Changes,en,m,413,Greatest Hits,1998,70e2423a-6a30-3ea0-a977-d1a21084f31a,266,2Pac,us,382f1005-e9ab-4684-afd4-0bdae4ee37f2,,,,
504,This Must Be the Place (Naive Melody),en,m,206,Speaking in Tongues,1983,8a7a9db3-f87b-37d5-96a6-67485a8792e6,137,Talking Heads,us,a94a7155-c79d-4409-9fcf-220cb0e4dc3a,,,,
505,The Drugs Don't Work,en,m,244,Urban Hymns,1997,3dd0c8e4-af53-3605-9c20-f27c7635fb60,169,The Verve,gb,d4d17620-fd97-4574-92a8-a2cb7e72ce42,,,,
506,Ich will,de,m,338,Mutter,2001,833a9e1a-62c0-32f6-ab47-7797c4d83b07,229,Rammstein,de,b2d122f9-eadb-4930-a196-8f221eeb0c66,,,,
507,Les yeux de ma mère,fr,m,414,À la française,1995,10eac3a4-292d-3d4e-9cdf-755e3422af5b,267,Arno,be,"03a82b66-d021-4754-aca2-399d51ee6199",,,,
508,While My Guitar Gently Weeps,en,m,415,The Beatles (White Album),1968,"055be730-dcad-31bf-b550-45ba9c202aa3",12,The Beatles,gb,b10bbbfc-cf9e-42e0-be17-e2c3e1d2600d,,,,
1520,Love Shack,en,x,1084,Cosmic Thing,1989,1b36a363-eec6-35ba-b0ed-34a1f2f2cd82,594,The B-52's,us,127f591a-7e27-4435-92db-0780f219f3a1,,,,
511,Good Riddance (Time of Your Life),en,m,417,Nimrod,1997,4f1d08f2-d4bd-3ef2-ba72-eb348ae4c332,53,Green Day,us,"084308bd-1654-436f-ba03-df6697104e19",,,,
512,Sunday Bloody Sunday (live),en,m,418,Under a Blood Red Sky,1983,880334fc-8365-36b9-b212-6cafa92879e5,146,U2,ie,a3cb23fc-acd3-4ce0-8f36-1e5aa6a18432,,,,
513,Tunnel of Love,en,m,419,Making Movies,1980,5b0a15ce-8aa9-323b-8fb6-02b657756ba9,36,Dire Straits,gb,614e3804-7d34-41ba-857f-811bad7c2b7a,,,,
514,TV Treated,en,m,420,TV Treated,1982,"087dfc53-1055-4bde-b64f-2989b0d7edc2",269,The Neon Judgement,be,5fbefbed-09d5-4e9b-9c58-520b9511158b,,,,
515,American Pie,en,m,421,American Pie,1971,1189a8bc-f356-3c0a-a689-d8e0d1b5e4b8,270,Don McLean,us,fa19ee38-c2a9-4ed1-9b24-a18100cf9db3,,,,
516,Chasing Cars,en,m,422,Eyes Open,2006,2d53108e-17c3-37cd-864a-319440ce6a21,271,Snow Patrol,gb,a66999a7-ae5c-460e-ba94-1a01143ae847,,,,
517,I Feel Love,en,f,423,I Remember Yesterday,1977,ad08974f-1da6-37af-b1b7-3523d892caa9,272,Donna Summer,us,b60527cc-54f3-4bbe-a01b-dcf34c95ae14,,,,
518,Bulls on Parade,en,m,424,Evil Empire,1996,1b469da1-e542-346b-84e6-4d7fe45be181,105,Rage Against the Machine,us,3798b104-01cb-484c-a3b0-56adc6399b80,,,,
519,Livin' on a Prayer,en,m,425,Slippery When Wet,1986,f07346e6-c889-33b8-83c8-ad987d7b14f6,273,Bon Jovi,us,5dcdb5eb-cb72-4e6e-9e63-b7bace604965,,,,
520,Personal Jesus,en,m,236,Violator,1990,71f1482e-e63f-3b2c-811b-939f62708f2a,163,Depeche Mode,gb,8538e728-ca0b-4321-b7e5-cff6565dd4c0,,,,
521,The Show Must Go On,en,m,409,Innuendo,1991,daf57856-a734-3441-b0fd-26aa5f28ca64,103,Queen,gb,"0383dadf-2a4e-4d10-a46a-e9e041da8eb3",,,,
522,Bliss,en,m,242,Origin of Symmetry,2001,ef03fe86-b54c-3667-8768-029833e7e1cd,164,Muse,gb,9c9f1380-2516-4fc9-a3e6-f9f61941d090,,,,
523,The Mercy Seat,en,m,426,Tender Prey,1988,52356383-49dd-378e-bcb4-ff44625f695c,89,Nick Cave,au,172e1f1a-504d-4488-b053-6344ba63e6d0,,,,
524,Ooit was ik een soldaat,nl,m,427,Boterhammen,1992,c8d345a2-b01e-3d5b-96a1-db04f59a66bf,52,Gorki,be,2fd1f1f6-9b93-49c5-85f8-64ab5d72bf59,,,,
526,War Pigs,en,m,27,Paranoid,1970,cc053745-c447-3566-8f27-bed5438c9133,14,Black Sabbath,gb,5182c1d9-c7d2-4dad-afa0-ccfeada921a8,,,,
527,Little Lies,en,f,278,Tango in the Night,1987,680b3cd8-426b-3112-bcf3-42cd66f75fa9,46,Fleetwood Mac,gb,bd13909f-1c29-4c27-a874-d4aaf27c5b1a,,,,
528,Sad but True,en,m,124,Metallica (The Black Album),1991,e8f70201-8899-3f0c-9e07-5d6495bc8046,85,Metallica,us,65f4f0c5-ef9e-490c-aee3-909e7ae6b2ab,,,,
529,I'm on Fire,en,m,199,Born in the U.S.A.,1984,3c39a076-8e52-38f2-8076-260d0672fb23,20,Bruce Springsteen,us,70248960-cb53-4ea4-943a-edb18f7d336f,,,,
530,Plug In Baby,en,m,242,Origin of Symmetry,2001,ef03fe86-b54c-3667-8768-029833e7e1cd,164,Muse,gb,9c9f1380-2516-4fc9-a3e6-f9f61941d090,,,,
531,Headhunter,en,m,429,Front by Front,1988,a3ca4232-fc0a-3afd-aee6-473e5a1bb321,274,Front 242,be,8fb6c00f-61d8-4f27-98f9-53e1ba481626,,,,
532,Du hast,de,m,430,Sehnsucht,1997,2a323740-b615-35bc-9f58-1d2e6a5d9289,229,Rammstein,de,b2d122f9-eadb-4930-a196-8f221eeb0c66,,,,
533,Heart-Shaped Box,en,m,131,In Utero,1993,2a0981fb-9593-3019-864b-ce934d97a16e,90,Nirvana,us,5b11f4ce-a62d-471e-81fc-a69a8278c7da,,,,
534,Smokers Outside the Hospital Doors,en,m,431,An End Has a Start,2007,8f01aa75-c576-3470-b661-b655223307eb,172,Editors,gb,"0efe858c-89e5-4e47-906a-356fa953fd6e",,,,
535,Make It Wit Chu,en,m,432,Era Vulgaris,2007,c349f4fb-19f3-3fc4-ad3d-3bea900e7cf2,153,Queens of the Stone Age,us,7dc8f5bd-9d0b-4087-9f73-dc164950bbd8,,,,
536,Would?,en,m,433,Dirt,1992,92d8f0c4-8c64-3bee-bee1-812a70e77efa,275,Alice in Chains,us,4bd95eea-b9f6-4d70-a36c-cfea77431553,,,,
537,Graceland,en,m,434,Graceland,1986,19847822-1430-3380-9cf1-bc45545b34ac,276,Paul Simon,us,"05517043-ff78-4988-9c22-88c68588ebb9",,,,
539,Total Eclipse of the Heart,en,f,436,Faster Than the Speed of Night,1983,4e7b1e94-a81c-3b76-a629-b161bc9349da,277,Bonnie Tyler,gb,"0aa8294b-6332-4b65-b677-e3a1f8591d3b",,,,
540,Ohne dich,de,m,437,"Reise, Reise",2004,ea9bf147-abbd-39df-b927-46fc945a5140,229,Rammstein,de,b2d122f9-eadb-4930-a196-8f221eeb0c66,,,,
541,Fortunate Son,en,m,438,Willy and the Poor Boys,1969,5fdea541-32fc-3b17-b7c4-50b40f65203d,29,Creedence Clearwater Revival,us,109958eb-a335-4c5e-907e-597ff4c6af46,,,,
542,Rocket Man,en,m,439,Honky Château,1972,e17f2d6e-7849-37f9-a6d8-cda4d59cea28,39,Elton John,gb,b83bc61f-8451-4a5d-8b8e-7e9ed295e822,,,,
543,Lateralus,en,m,211,Lateralus,2001,"02f79295-21e1-34cc-82f2-63219eec4f0a",143,Tool,us,66fc5bf8-daa4-4241-b378-9bc9077939d2,,,,
544,You Shook Me All Night Long,en,m,400,Back in Black,1980,d3bc1a64-7561-3787-b680-0003aa50f8f1,5,AC/DC,au,66c662b6-6e2f-4930-8610-912e24c63ed1,,,,
545,Help,en,m,440,Unsafe,1994,f75225fe-5fec-3693-b611-2c484399c884,278,Channel Zero,be,"08003348-b873-4b22-91af-c1592cdf2f08",,,,
546,Jolene,en,m,441,Under Blackpool Lights,2004,903501eb-a9f8-3c55-b1b5-33b12d894b4c,158,The White Stripes,us,11ae9fbb-f3d7-4a47-936f-4c0a04d3b3b5,,,,
547,Rebel Rebel,en,m,442,Diamond Dogs,1974,"0dc4835d-b21a-3612-bac6-ab1e782a1396",32,David Bowie,gb,5441c29d-3602-4898-b1a1-b77fa23b8e50,,,,
548,One Day Like This,en,m,443,The Seldom Seen Kid,2008,e7750214-a944-370f-a68e-99e63cda4758,279,Elbow,gb,3cb3928a-526c-4a3d-93c5-53315fa9bde0,,,,
550,Dream On,en,m,444,Aerosmith,1973,8a58cc1a-be0d-3b1b-8d0d-aa8f467a59da,280,Aerosmith,us,3d2b98e5-556f-4451-a3ff-c50ea18d57cb,,,,
551,Best of You,en,m,445,In Your Honor,2005,304479f9-ea77-3299-8745-3985f05cfa13,167,Foo Fighters,us,67f66c07-6e61-4026-ade5-7e782fad3a5d,,,,
552,Sober,en,m,446,Undertow,1993,b067cde8-f3a7-394a-b8e7-640ca744f2e4,143,Tool,us,66fc5bf8-daa4-4241-b378-9bc9077939d2,,,,
538,Hysteria,en,m,435,Absolution,2003,6f151223-f3a3-3e57-810f-598f7897006c,164,Muse,gb,9c9f1380-2516-4fc9-a3e6-f9f61941d090,,,,
525,Friday I'm in Love,en,m,428,Wish,1992,88154914-4f14-355c-8066-b3cecd38c42c,31,The Cure,gb,69ee3720-a7cb-4402-b48d-a02c366f2bcf,,,,
553,Gimme! Gimme! Gimme! (A Man After Midnight),en,f,447,Greatest Hits Vol. 2,1979,9d568d33-dadb-302c-bbe1-2025227358cb,4,ABBA,se,d87e52c5-bb8d-4da8-b941-9f4928627dc8,,,,
554,Jubilee Street,en,m,448,Push the Sky Away,2013,ae8faaeb-9134-400d-819b-773e20a7d4e4,89,Nick Cave,au,172e1f1a-504d-4488-b053-6344ba63e6d0,,,,
555,You Can Call Me Al,en,m,434,Graceland,1986,19847822-1430-3380-9cf1-bc45545b34ac,276,Paul Simon,us,"05517043-ff78-4988-9c22-88c68588ebb9",,,,
557,Exit Music (For a Film),en,m,161,OK Computer,1997,b1392450-e666-3926-a536-22c65f834433,104,Radiohead,gb,a74b1b7f-71a5-4011-9441-d0b5e4122711,,,,
558,Hunger Strike,en,m,449,Temple of the Dog,1991,b9369fce-01fc-36b2-9d67-3a7fb14a8f44,281,Temple of the Dog,us,e9571c17-817f-4d34-ae3f-0c7a96f822c1,,,,
559,Cortez the Killer,en,m,450,Zuma,1975,13b7462a-0764-3ece-946e-314aa01079cf,88,Neil Young,ca,75167b8b-44e4-407b-9d35-effe87b223cf,,,,
560,Vicarious,en,m,451,"10,000 Days",2006,ecfd0a01-57c8-3949-990a-1a950942e0e0,143,Tool,us,66fc5bf8-daa4-4241-b378-9bc9077939d2,,,,
561,Blackbird,en,m,415,The Beatles (White Album),1968,"055be730-dcad-31bf-b550-45ba9c202aa3",12,The Beatles,gb,b10bbbfc-cf9e-42e0-be17-e2c3e1d2600d,,,,
562,The Pot,en,m,451,"10,000 Days",2006,ecfd0a01-57c8-3949-990a-1a950942e0e0,143,Tool,us,66fc5bf8-daa4-4241-b378-9bc9077939d2,,,,
563,Juicy,en,m,452,Ready to Die,1994,5afcfeac-118a-35e6-af0d-35ec9003354d,282,The Notorious B.I.G.,us,d5d97b2b-b83b-4976-814a-056d9076c8c3,,,,
564,Lena,en,m,453,Trop Petit,1985,a7c62512-cca1-3d9e-9b78-273386052f09,283,2 Belgen,be,2455aabf-c637-4b2c-94bb-13aeb89f3a2c,,,,
565,Starman,en,m,30,The Rise and Fall of Ziggy Stardust and the Spiders from Mars,1972,6c9ae3dd-32ad-472c-96be-69d0a3536261,32,David Bowie,gb,5441c29d-3602-4898-b1a1-b77fa23b8e50,,,,
566,I Need My Girl,en,m,454,Trouble Will Find Me,2013,a5a2875f-41cb-4c48-9a72-e845d224db96,181,The National,us,664c3e0e-42d8-48c1-b209-1efca19c0325,,,,
567,Sinnerman,en,f,455,Pastel Blues,1965,1b3233e2-15ed-344e-bc8e-6630455db87f,199,Nina Simone,us,2944824d-4c26-476f-a981-be849081942f,,,,
568,Immigrant Song,en,m,323,Led Zeppelin III,1970,53f80f76-f8af-3558-bfd5-e7221e055c75,75,Led Zeppelin,gb,678d88b2-87b0-403b-b63d-5da7465aecc3,,,,
569,Ploegsteert,nl,m,456,Ploegsteert,2012,"045f9107-2325-4f68-9d81-e8834d4933b7",284,Het Zesde Metaal,be,674ae793-ab49-4c56-b5c1-889b601ec06e,,,,
570,Sometimes It Snows in April,en,m,403,Parade,1986,8c20e5ba-1418-393e-a946-b6525fa3a94a,101,Prince,us,"070d193a-845c-479f-980e-bef15710653e",,,,
571,Crawling,en,m,268,Hybrid Theory,2000,b5b4bb4b-8ba5-3acf-88cb-4cae2699d8da,191,Linkin Park,us,f59c5520-5f46-4d2c-b2c4-822eabf53419,,,,
572,September,en,m,457,"The Best of Earth, Wind & Fire, Vol. 1",1978,c3626108-ec1b-3330-9aa5-12657d263a8e,285,"Earth, Wind & Fire",us,535afeda-2538-435d-9dd1-5e10be586774,,,,
573,Debonair,en,m,458,Gentlemen,1993,3b27e8ac-c904-3b1e-a4a9-920c79664dfa,286,The Afghan Whigs,us,2feb192c-2363-46d6-b476-1c88a25cb294,,,,
575,Time,en,m,140,The Dark Side of the Moon,1973,f5093c06-23e3-404f-aeaa-40f72885ee3a,98,Pink Floyd,gb,83d91898-7763-47d7-b03b-b92132375c47,,,,
576,Come Together,en,m,459,Abbey Road,1969,9162580e-5df4-32de-80cc-f45a8d8a9b1d,12,The Beatles,gb,b10bbbfc-cf9e-42e0-be17-e2c3e1d2600d,,,,
577,Paradise City,en,m,87,Appetite for Destruction,1987,a0b94d0a-210b-4b15-bd1d-93be2196c14a,55,Guns n' Roses,us,eeb1195b-f213-4ce1-b28c-8565211f8e43,,,,
580,Because the Night,en,f,462,Easter,1978,93e9dc29-9c7b-334a-9765-a6fa0186b1e2,226,Patti Smith,us,d135874d-9cae-4fef-97e3-36acbd9f5a26,,,,
581,Somebody to Love,en,m,463,A Day at the Races,1976,a106e33b-e440-3ff3-9250-c6408ed73e60,103,Queen,gb,"0383dadf-2a4e-4d10-a46a-e9e041da8eb3",,,,
582,Better Man,en,m,464,Vitalogy,1994,6e384e83-6cb1-36bd-813c-ca7d4cf4b9ba,94,Pearl Jam,us,83b9cbe7-9857-49e2-ab8e-b57b01038103,,,,
583,Iron Sky,en,m,465,Caustic Love,2014,debe7f92-dc96-43ae-ae40-28852fdde33c,287,Paolo Nutini,gb,24ea074c-59cc-41c5-a5de-f68c2952965f,,,,
584,Life on Mars?,en,m,466,Hunky Dory,1971,743b0b2e-a23a-3182-950e-232f8cb0dfb7,32,David Bowie,gb,5441c29d-3602-4898-b1a1-b77fa23b8e50,,,,
586,Stinkfist,en,m,460,Ænima,1996,ef1e8130-dd5f-336a-85fa-4936a47342bd,143,Tool,us,66fc5bf8-daa4-4241-b378-9bc9077939d2,,,,
587,R U Mine?,en,m,272,AM,2013,a348ba2f-f8b3-4686-b928-e63d8d94d543,174,Arctic Monkeys,gb,ada7a83c-e3e1-40f1-93f9-3e73dbc9298a,,,,
579,Baba O'Riley,en,m,461,Who's Next,1971,9584e28b-66a7-3846-8d52-b3008a283539,150,The Who,gb,9fdaa16b-a6c4-4831-b87c-bc9ca8ce7eaa,,,,
578,Ænema,en,m,460,Ænima,1996,ef1e8130-dd5f-336a-85fa-4936a47342bd,143,Tool,us,66fc5bf8-daa4-4241-b378-9bc9077939d2,,,,
574,Under the Pressure,en,m,277,Lost in the Dream,2014,943b191f-616f-4091-8516-0979987b5eef,196,The War on Drugs,us,87b9b3b8-ab93-426c-a200-4012d667a626,,,,
588,(Sittin' On) The Dock of the Bay,en,m,467,The Dock of the Bay,1968,dbf9393e-6d37-3d09-8d15-463e869abd48,288,Otis Redding,us,82b1f5fd-cd31-41a9-b5d4-7e33f0eb9751,,,,
589,Where the Streets Have No Name,en,m,213,The Joshua Tree,1987,6f3e9fa6-be7a-3de8-a2b2-2072ece8a54d,146,U2,ie,a3cb23fc-acd3-4ce0-8f36-1e5aa6a18432,,,,
590,Even Flow,en,m,138,Ten,1991,cea5d18a-1924-3cda-bebc-38933834b25d,94,Pearl Jam,us,83b9cbe7-9857-49e2-ab8e-b57b01038103,,,,
591,L.A. Woman,en,m,64,L.A. Woman,1971,7be633bd-d1f6-3d89-8939-803ae0ed0de8,37,The Doors,us,9efff43b-3b29-4082-824e-bc82f646f93d,,,,
592,Don't Stop Believin',en,m,468,Escape,1981,89ed7ed6-4292-3892-b0de-c9c27005c08d,289,Journey,us,abd506e1-6f2b-4d6f-b937-92c267f6f88b,,,,
593,Blue Monday,en,m,469,Blue Monday,1983,262a92d6-a644-363d-94c2-fe2745799aec,290,New Order,gb,f1106b17-dcbb-45f6-b938-199ccfab50cc,,,,
594,Poison,en,m,470,Trash,1989,323b33a8-199f-3aaf-8727-f809766e9882,291,Alice Cooper,us,ee58c59f-8e7f-4430-b8ca-236c4d3745ae,,,,
595,Sky and Sand,en,m,471,Sky and Sand,2009,322a7c08-c1e5-49e8-aab7-8be50f4f6d28,242,Paul Kalkbrenner,de,a5f92d47-b562-4582-b267-71963a515f4c,295,Fritz Kalkbrenner,de,
597,Live Forever,en,m,376,Definitely Maybe,1994,451dca98-c118-32e1-9244-c47ca9c3c0f9,92,Oasis,gb,39ab1aed-75e0-4140-bd47-540276886b60,,,,
598,Black Fuel,en,m,473,Black Fuel,1996,6b2a38a1-80c3-37b0-944a-a047f3ec8d96,278,Channel Zero,be,"08003348-b873-4b22-91af-c1592cdf2f08",,,,
599,Gimme Shelter,en,m,474,Let It Bleed,1969,784c0edd-0f37-33a2-9ca5-dff87b4f999c,113,The Rolling Stones,gb,b071f9fa-14b0-4217-8e97-eb41da73f598,,,,
600,Thunder Road,en,m,198,Born to Run,1975,39b22944-7503-3937-8bba-09b17281cc6a,20,Bruce Springsteen,us,70248960-cb53-4ea4-943a-edb18f7d336f,,,,
601,Here Comes the Sun,en,m,459,Abbey Road,1969,9162580e-5df4-32de-80cc-f45a8d8a9b1d,12,The Beatles,gb,b10bbbfc-cf9e-42e0-be17-e2c3e1d2600d,,,,
602,Romeo and Juliet,en,m,419,Making Movies,1980,5b0a15ce-8aa9-323b-8fb6-02b657756ba9,36,Dire Straits,gb,614e3804-7d34-41ba-857f-811bad7c2b7a,,,,
604,Mr. Blue Sky,en,m,475,Out of the Blue,1977,a720436f-9c8e-439a-a147-18e83441edab,292,Electric Light Orchestra,gb,"0c502791-4ee9-4c5f-9696-0602b721ff3b",,,,
605,Sonne,de,m,338,Mutter,2001,833a9e1a-62c0-32f6-ab47-7797c4d83b07,229,Rammstein,de,b2d122f9-eadb-4930-a196-8f221eeb0c66,,,,
606,Red Right Hand,en,m,476,Let Love In,1994,f369d4bf-71f1-31f5-9e01-ffdbf15acdbe,89,Nick Cave,au,172e1f1a-504d-4488-b053-6344ba63e6d0,,,,
607,Toxicity,en,m,254,Toxicity,2001,f50fbcb4-bfcd-3784-b4c9-44f4793e66b2,182,System of a Down,us,cc0b7089-c08d-4c10-b6b0-873582c17fd6,,,,
648,Good Vibrations,en,m,508,Smiley Smile,1967,9f28a4d3-95b9-3807-8c7d-92ba17dfa7f5,253,The Beach Boys,us,ebfc1398-8d96-47e3-82c3-f782abcdb13d,,,,
649,Princes,en,m,509,Entity,2014,"03170edf-5173-4fbe-a957-7cadda9ccc16",313,Oscar and the Wolf,be,74e6bd6b-46fd-4f6a-80e1-c16e8169a21c,,,,
650,Fly Away,en,m,510,5,1998,9a3f82c4-bcb5-3b01-a303-2882158ead23,76,Lenny Kravitz,us,"0ef3f425-9bd2-4216-9dd2-219d2fe90f1f",,,,
651,Gardenia,en,m,511,Welcome to Sky Valley,1994,eecc24d6-b4ba-39a9-818f-a6ec14a9a04f,314,Kyuss,us,ea0f2a37-7007-4217-a812-396227f5013a,,,,
608,Down by the Water,en,f,477,To Bring You My Love,1995,2a976d93-1131-3821-9bcb-6c79542d93aa,293,PJ Harvey,gb,e795e03d-b5d5-4a5f-834d-162cfb308a2c,,,,
609,Conversation 16,en,m,253,High Violet,2010,1ce57f6a-62c8-4017-ad38-3339f542faae,181,The National,us,664c3e0e-42d8-48c1-b209-1efca19c0325,,,,
610,Should I Stay or Should I Go,en,m,478,Combat Rock,1982,b1907b62-6aaf-3ea4-9895-b71234a0e5c1,219,The Clash,gb,8f92558c-2baa-4758-8c38-615519e9deda,,,,
611,Road to Nowhere,en,m,479,Little Creatures,1985,8d8aadcd-fcd6-3e0f-b17e-3ec2d88e65d3,137,Talking Heads,us,a94a7155-c79d-4409-9fcf-220cb0e4dc3a,,,,
612,Fell on Black Days,en,m,375,Superunknown,1994,8300fe9c-0022-3c55-8a3e-8dc61f282e8c,249,Soundgarden,us,153c9281-268f-4cf3-8938-f5a4593e5df4,,,,
614,The Masterplan,en,m,481,Wonderwall,1995,1c6dfb4a-3a45-356a-a368-57b6cef05c9c,92,Oasis,gb,39ab1aed-75e0-4140-bd47-540276886b60,,,,
615,T.V. Song,en,m,482,Everyday I Wear a Greasy Black Feather on My Hat,1995,af687280-a2f6-31cc-bf9a-927c599a146b,296,Moondog Jr.,be,8a7a3c4e-5a82-4ef7-ac45-966f51e47610,,,,
616,One Step Beyond,i,i,483,One Step Beyond...,1979,f1e1b952-ec8d-363a-bd63-4c72d248cb51,297,Madness,gb,5f58803e-8c4c-478e-8b51-477f38483ede,,,,
617,Papercut,en,m,268,Hybrid Theory,2000,b5b4bb4b-8ba5-3acf-88cb-4cae2699d8da,191,Linkin Park,us,f59c5520-5f46-4d2c-b2c4-822eabf53419,,,,
619,Mama,en,m,485,Genesis,1983,48bb31b2-1b07-38ec-9ef2-3bb52c1f9411,298,Genesis,gb,8e3fcd7d-bda1-4ca0-b987-b8528d2ee74e,,,,
620,Seasons (Waiting on You),en,m,486,Singles,2014,82b000c5-b4ca-4c6d-8ea1-68622dda00c8,299,Future Islands,us,74963434-dcb6-4b14-98cc-99873b06db66,,,,
621,Delilah,en,f,487,"How Big, How Blue, How Beautiful",2015,6ea55fd7-547f-4fc2-92b7-c7ce70c5b61b,243,Florence + the Machine,gb,5fee3020-513b-48c2-b1f7-4681b01db0c6,,,,
622,En toen was er niets meer,nl,m,488,En toen was er niets meer,1980,931cfefe-eafb-4b10-a305-56c168590385,300,De Brassers,be,e4fa2811-6185-4b4f-8692-834d1c7122c9,,,,
623,Move On Up,en,m,489,Curtis,1970,"0c24e81f-b710-3e24-a4fa-12950e153585",301,Curtis Mayfield,us,4dca4bb2-23ba-4103-97e6-5810311db33a,,,,
624,I Think I Like You,en,m,880,Set Your Head on Fire,2007,10d73e75-b3b6-3b6e-b0f3-216313ab33fd,302,Black Box Revelation,be,45994334-1e7e-4fc2-a814-e069f28f59b3,,,,
625,Reflektor,en,x,491,Reflektor,2013,3dc9ee80-0768-490d-9e43-534796da3076,165,Arcade Fire,ca,52074ba6-e495-4ef3-9bb4-0703888a9f68,,,,
627,The Crystal Ship,en,m,63,The Doors,1967,8ebffd15-06c3-3b88-a761-ec18c5513287,37,The Doors,us,9efff43b-3b29-4082-824e-bc82f646f93d,,,,
628,Slide Away,en,m,376,Definitely Maybe,1994,451dca98-c118-32e1-9244-c47ca9c3c0f9,92,Oasis,gb,39ab1aed-75e0-4140-bd47-540276886b60,,,,
629,Chiquitita,en,f,492,Voulez-Vous,1979,7401fb97-46e6-32cd-bd59-6c49debaa3ae,4,ABBA,se,d87e52c5-bb8d-4da8-b941-9f4928627dc8,,,,
630,Prison Sex,en,m,446,Undertow,1993,b067cde8-f3a7-394a-b8e7-640ca744f2e4,143,Tool,us,66fc5bf8-daa4-4241-b378-9bc9077939d2,,,,
631,Gotta Catch 'Em All (Pokémon Theme),en,m,493,Pokémon 2.B.A. Master,1999,ab8dcad5-7543-39ba-b288-6bc04140e46d,303,Jason Paige,us,,,,,
632,Break on Through (To the Other Side),en,m,63,The Doors,1967,8ebffd15-06c3-3b88-a761-ec18c5513287,37,The Doors,us,9efff43b-3b29-4082-824e-bc82f646f93d,,,,
633,Le plat pays,fr,m,494,Les Bourgeois,1962,17306528-aae2-3fbc-9b82-8e7687a3af4b,264,Jacques Brel,be,91eda19b-1437-42cd-b7af-69df24b7f275,,,,
634,Novocaine for the Soul,en,m,495,Beautiful Freak,1996,119a9488-9980-3645-be68-f50210a35a26,183,Eels,us,14387b0f-765c-4852-852f-135335790466,,,,
635,Heart of Glass,en,f,496,Parallel Lines,1978,"0c1a4d70-5926-3ae8-aa25-466fe65639fe",304,Blondie,us,4d2956d1-a3f7-44bb-9a41-67563e1a0c94,,,,
636,Your Song,en,m,497,360 Degrees of Billy Paul,1972,c17568bf-71ce-3e6e-89fc-df2d2d3a3e9a,305,Billy Paul,us,7e8a2d88-ebed-433c-9971-643a66834835,,,,
637,Fifteen Floors,en,m,498,Applause,2010,cf5ac9ca-40a0-4fea-adad-ef91518d4cc5,306,Balthazar,be,91511517-ef93-4d71-a0f0-c858272af4a7,,,,
638,Eye in the Sky,en,m,499,Eye in the Sky,1982,c9137ca5-26bd-3374-bebc-a813fbfe9c4f,307,The Alan Parsons Project,gb,f98711e5-06f7-43ed-8239-da0f61a9c460,,,,
639,Pet Sematary,en,m,500,Brain Drain,1989,c2998c83-704e-3d14-8f17-a1987ad21e42,170,Ramones,us,d6ed7887-a401-47a8-893c-34b967444d26,,,,
640,Domino,i,i,501,Domino (online release),2006,,308,Oxia,fr,,,,,
641,Money Trees,en,m,502,"good kid, m.A.A.d city",2012,499c19c8-0dab-4824-884b-6191d145e95b,309,Kendrick Lamar,us,381086ea-f511-4aba-bdf9-71c753dc5077,467,Jay Rock,us,
642,Drunken Lullabies,en,m,503,Drunken Lullabies,2002,b76238ee-4bb3-36b3-a328-d3218a0ecb6c,310,Flogging Molly,us,c3694ddc-f7e5-40dd-9fad-90d11a2c50fa,,,,
643,Rock 'n' Roll Suicide,en,m,30,The Rise and Fall of Ziggy Stardust and the Spiders from Mars,1972,6c9ae3dd-32ad-472c-96be-69d0a3536261,32,David Bowie,gb,5441c29d-3602-4898-b1a1-b77fa23b8e50,,,,
644,Just the Two of Us,en,m,504,Winelight,1980,ad775d76-0297-30d2-8ada-5b5bfdc53b62,311,Grover Washington Jr.,us,c60e178f-36f1-4169-9c03-84addbdbf104,245,Bill Withers,us,fd1a2d9d-9bb6-44de-83a3-41560658aba9
645,"Jesus, Etc.",en,m,505,Yankee Hotel Foxtrot,2002,95f2ba4b-2dd9-38d1-8158-a416a391489c,312,Wilco,us,9e53f84d-ef44-4c16-9677-5fd4d78cbd7d,,,,
646,Holding On,en,m,506,A Deeper Understanding,2017,a08e02b3-f076-42c2-9a6a-374e15eda4fe,196,The War on Drugs,us,87b9b3b8-ab93-426c-a200-4012d667a626,,,,
647,Cream,en,m,507,Diamonds and Pearls,1991,50a39c17-0400-35c5-baca-413eb0ed0b70,101,Prince,us,"070d193a-845c-479f-980e-bef15710653e",,,,
652,Monstertje,nl,m,512,Monstertje,1996,374d50aa-be2c-30e9-9689-456e7348fe85,52,Gorki,be,2fd1f1f6-9b93-49c5-85f8-64ab5d72bf59,,,,
613,50 Ways to Leave Your Lover,en,m,480,Still Crazy After All These Years,1975,cd0c17f4-ff8d-3b1d-ac36-397ebbb069e9,276,Paul Simon,us,"05517043-ff78-4988-9c22-88c68588ebb9",,,,
654,Afterlife,en,m,491,Reflektor,2013,3dc9ee80-0768-490d-9e43-534796da3076,165,Arcade Fire,ca,52074ba6-e495-4ef3-9bb4-0703888a9f68,,,,
655,Sugar Kane,en,m,514,Dirty,1992,30fef5ef-b1d4-36b5-8f75-f45b8e76c545,316,Sonic Youth,us,5cbef01b-cc35-4f52-af7b-d0df0c4f61b9,,,,
657,Feel Good Hit of the Summer,en,m,299,Rated R,2000,7818bb84-ed80-3488-9f50-f9bf4347e372,153,Queens of the Stone Age,us,7dc8f5bd-9d0b-4087-9f73-dc164950bbd8,,,,
658,Breaking the Habit,en,m,273,Meteora,2003,"09474d62-17dd-3a4f-98fb-04c65f38a479",191,Linkin Park,us,f59c5520-5f46-4d2c-b2c4-822eabf53419,,,,
659,Station to Station,en,m,515,Station to Station,1976,686cdbd1-b400-32d8-8cb8-9317a2e41a58,32,David Bowie,gb,5441c29d-3602-4898-b1a1-b77fa23b8e50,,,,
660,Morregen,nl,m,516,Adenosine trifosfaat preparaat,1994,cf713b6d-9ec9-31c4-b556-cf70686d8f86,317,Belgian Asociality,be,1c20f802-eaf5-4370-9559-042a23bbe76c,,,,
661,Brianstorm,en,m,269,Favourite Worst Nightmare,2007,f113fa38-7908-3ec9-8145-d2455e78a8b2,174,Arctic Monkeys,gb,ada7a83c-e3e1-40f1-93f9-3e73dbc9298a,,,,
662,Crucify,en,f,517,Little Earthquakes,1992,cb10018e-e795-3b62-b9d6-f143d188e496,318,Tori Amos,us,c0b2500e-0cef-4130-869d-732b23ed9df5,,,,
663,Fat Bottomed Girls,en,m,267,Jazz,1978,c192ea46-7377-34f0-b332-dd9810edd560,103,Queen,gb,"0383dadf-2a4e-4d10-a46a-e9e041da8eb3",,,,
664,Unintended,en,m,518,Showbiz,1999,a842d860-a023-3a71-ad2e-a3a94cffabd7,164,Muse,gb,9c9f1380-2516-4fc9-a3e6-f9f61941d090,,,,
665,Saturday Night,en,m,519,Shpritsz,1978,d0f667bc-d0b8-3eb0-93d5-04f4076aaa38,319,Herman Brood & His Wild Romance,nl,940e6450-5075-463c-9269-35a116cede39,,,,
666,Ik wil je,nl,m,520,Hier en nu,1990,feb814b3-3458-326c-9379-13f217e24587,320,De Kreuners,be,ced59532-a7e5-4cb4-8ef2-5b9daf17bfa9,,,,
667,A Sky Full of Stars,en,m,521,Ghost Stories,2014,9c5aa9d2-068b-4626-b352-ae6f4f4e0b15,25,Coldplay,gb,cc197bad-dc9c-440d-a5b5-d52ba2e14234,,,,
668,Island in the Sun,en,m,522,Weezer (Green Album),2001,923d5ba6-7eee-3bce-bcb2-c913b2bd69d4,321,Weezer,us,6fe07aa5-fec0-4eca-a456-f29bff451b04,,,,
669,Lucy in the Sky with Diamonds,en,m,10,Sgt. Pepper's Lonely Hearts Club Band,1967,9f7a4c28-8fa2-3113-929c-c47a9f7982c3,12,The Beatles,gb,b10bbbfc-cf9e-42e0-be17-e2c3e1d2600d,,,,
670,Do It Again,en,m,523,Can't Buy a Thrill,1972,9d73a864-2976-3286-b6c1-8aabc7407737,322,Steely Dan,us,e01c3376-15fa-40d7-b747-5f219bdefdd7,,,,
672,We Used to Wait,en,m,298,The Suburbs,2010,bf306022-c851-449d-a619-7864caddf5c7,165,Arcade Fire,ca,52074ba6-e495-4ef3-9bb4-0703888a9f68,,,,
673,Joker & the Thief,en,m,525,Wolfmother,2005,bad80049-06eb-35f0-a109-f640ebd0a550,324,Wolfmother,au,f0c8f75f-8736-4b1d-b312-9349fcff321d,,,,
674,Make Me Smile (Come Up and See Me),en,m,526,The Best Years of Our Lives,1975,13921f8a-1ccd-36bd-9e96-ed4210925245,325,Steve Harley,gb,58177b75-d725-45e1-9b35-df18f1fd15c2,24,Cockney Rebel,gb,9a07b4ae-7c2f-4473-b019-c63c3d5db45c
675,Lazy Eye,en,m,527,Carnavas,2006,4eb68c5b-dc3f-3a1d-bcc1-9ade293f7627,326,Silversun Pickups,us,b5bd9f88-962e-4730-84a7-795592ba42e8,,,,
676,Like a Criminal,en,m,528,New Parade,1999,9bc218f0-5885-32d4-9207-669731ada3e1,327,The Sheila Divine,us,65a521c2-e645-41d0-95a4-6dd859e89138,,,,
677,The Art of Conversation,en,m,529,Bastogne,1981,61463fe7-4f26-4a38-820b-a0f375b38424,110,Red Zebra,be,bad3dadb-1ac2-46b8-ae10-9480593cb36e,,,,
678,Links 2 3 4,de,m,338,Mutter,2001,833a9e1a-62c0-32f6-ab47-7797c4d83b07,229,Rammstein,de,b2d122f9-eadb-4930-a196-8f221eeb0c66,,,,
679,Everyday Is Like Sunday,en,m,530,Viva Hate,1988,"005909de-978b-3450-a820-c89b7dae787a",328,Morrissey,gb,"013fa897-86db-41d3-8e9f-386c8a34f4e6",,,,
680,The Blower's Daughter,en,m,531,O,2002,d7e69fd9-59ac-3093-8b72-60b77a91b298,227,Damien Rice,ie,2119beb8-6ac5-4f21-82a4-b831c90c0024,,,,
681,Crazy in Love,en,f,532,Dangerously in Love,2003,f639ba46-b371-3262-b494-5f2dbee36f5c,329,Beyoncé,us,859d0860-d480-4efd-970c-c05d5f1776b8,350,Jay-Z,us,f82bcf78-5b69-4622-a5ef-73800768d9ac
682,Everybody's Free (To Wear Sunscreen),en,m,533,Something for Everybody,1998,6219c22b-d191-327a-8baf-190833c22fb2,330,Baz Luhrmann,au,,,,,
683,Riptide,en,m,534,Dream Your Life Away,2014,dd7ecfc9-58e6-40d9-a18f-986fcaeea091,331,Vance Joy,au,df36f6db-5987-46ed-9d02-0cf36ed4e060,,,,
684,Cornflake Girl,en,f,535,Under the Pink,1994,ef2b891f-ca73-3e14-b38b-a68699dab8c4,318,Tori Amos,us,c0b2500e-0cef-4130-869d-732b23ed9df5,,,,
685,She Goes Nana,en,m,536,The Sound of Music,1992,aaac63c3-5b83-356e-9c99-d323fdb83b39,332,The Radios,be,"0a191182-b16b-4d1e-9765-737afcb513ce",,,,
687,Sweet Home Alabama,en,m,537,Second Helping,1974,cbff20dc-1ed7-3579-9a60-c705e88bdf19,261,Lynyrd Skynyrd,us,c544ed4d-2390-4442-a83e-1ea2883b09c8,,,,
688,Bakerman,en,m,538,Hole in the Sky,1990,c15c6850-f06a-33f5-b341-577d9998f11d,333,Laid Back,dk,a8fee308-c305-4ca1-8d30-28d150a8d5f7,,,,
689,Fly Me to the Moon,en,m,539,It Might as Well Be Swing,1964,80c2bb42-0c5e-35ed-8c63-392da06d5983,334,Frank Sinatra,us,197450cd-0124-4164-b723-3c22dd16494d,,,,
690,Oh Well,en,m,540,Then Play On,1969,f8d4b05b-e5dc-3c67-aed8-13cac163b06c,46,Fleetwood Mac,gb,bd13909f-1c29-4c27-a874-d4aaf27c5b1a,,,,
691,My Hometown,en,m,199,Born in the U.S.A.,1984,3c39a076-8e52-38f2-8076-260d0672fb23,20,Bruce Springsteen,us,70248960-cb53-4ea4-943a-edb18f7d336f,,,,
692,De roos,nl,f,541,De roos,1980,,335,Ann Christy,be,324eabfa-d46f-44ca-b6dc-4dd847d497b0,,,,
693,Beast of Burden,en,m,542,Some Girls,1978,b44bc358-a28f-3a1f-b07e-604910f12d37,113,The Rolling Stones,gb,b071f9fa-14b0-4217-8e97-eb41da73f598,,,,
694,One of These Days,i,i,543,Meddle,1971,4e98c9b4-92f6-3049-b9da-a1088b623672,98,Pink Floyd,gb,83d91898-7763-47d7-b03b-b92132375c47,,,,
695,I Wish,en,m,544,Songs in the Key of Life,1976,ea88b09b-fd34-33cf-a3e5-25a3a2fb4c6f,259,Stevie Wonder,us,1ee18fb3-18a6-4c7f-8ba0-bc41cdd0462e,,,,
696,The Diamond Sea,en,m,545,Washing Machine,1995,9722731f-48ec-3958-a6b7-a08521fcf115,316,Sonic Youth,us,5cbef01b-cc35-4f52-af7b-d0df0c4f61b9,,,,
697,I Am Mine,en,m,546,Riot Act,2002,42bb668a-c33b-381a-a492-1b38ac7611e8,94,Pearl Jam,us,83b9cbe7-9857-49e2-ab8e-b57b01038103,,,,
656,More Than This,en,m,175,Avalon,1982,4b51d75c-ca0e-3ea7-9950-639eda1f7d1a,114,Roxy Music,gb,331ce348-1b08-40b9-8ed7-0763b92bd003,,,,
686,Fools Gold,en,m,291,The Stone Roses,1989,88b86fe0-26f5-3949-817a-8082145e704d,205,The Stone Roses,gb,b5fa29f1-6c22-4321-a488-b5f363b06b06,,,,
702,Intergalactic,en,m,550,Hello Nasty,1998,96c996ab-2a78-3abd-8974-c96b5724ae28,11,Beastie Boys,us,9beb62b2-88db-4cea-801e-162cd344ee53,,,,
703,It's the End of the World as We Know It (And I Feel Fine),en,m,156,Document,1987,137385b2-b4cc-385e-9d59-781e7674f5bc,111,R.E.M.,us,ea4dfa26-f633-4da6-a52a-f49ea4897b58,,,,
704,Cannonball,en,f,551,Last Splash,1993,7aaf0618-292c-3474-bfbc-d831baf710cf,337,The Breeders,us,667e856e-f3a7-42e9-8244-95422ef31321,,,,
705,You,en,m,552,One by One,1981,fe635dc5-7692-4d52-a9b0-b376ea1b1a8f,338,Scooter,be,ecfb0632-bc69-4796-99c5-fad5e7f91fcc,,,,
706,Time,en,m,178,Royalty in Exile,1990,6bb5526e-df0e-391a-9c90-d96f8a29d249,117,The Scabs,be,53c97a52-d691-4477-99f3-cb6e46b0bd94,,,,
707,Mr. Tambourine Man,en,m,553,Bringing It All Back Home,1965,6cadda7c-fbd0-3b19-9546-56915e3305d8,16,Bob Dylan,us,72c536dc-7137-4477-a521-567eeb840fa8,,,,
708,Farewell to the Fairground,en,m,554,To Lose My Life...,2009,773fee4e-ebcd-3f22-847d-e49b93a41c2e,339,White Lies,gb,5bdb38bd-5c5b-4d0f-8901-8bbe1d7062d8,,,,
709,I Still Haven't Found What I'm Looking For,en,m,213,The Joshua Tree,1987,6f3e9fa6-be7a-3de8-a2b2-2072ece8a54d,146,U2,ie,a3cb23fc-acd3-4ce0-8f36-1e5aa6a18432,,,,
710,Hey Boy Hey Girl,en,m,555,Surrender,1999,22ca85ec-ee39-3895-aef9-dee5d5c2f4d6,340,The Chemical Brothers,gb,1946a82a-f927-40c2-8235-38d64f50d043,,,,
711,Stuck in the Middle with You,en,m,556,Stealers Wheel,1972,5300d93f-8c4e-3a24-ac0f-d2a72fa7489f,341,Stealers Wheel,gb,63200203-e2c6-4081-8e0d-00c9732c6b6f,,,,
712,Amerika,de,m,437,"Reise, Reise",2004,ea9bf147-abbd-39df-b927-46fc945a5140,229,Rammstein,de,b2d122f9-eadb-4930-a196-8f221eeb0c66,,,,
713,Orange,en,m,557,Surgery for Zebra,1995,3edfcd65-c0b2-3487-8974-09ba4f448084,342,Metal Molly,be,9fcc6e85-4552-48b8-9576-ffa143e27f67,,,,
714,Bleed It Out,en,m,558,Minutes to Midnight,2007,a4201f5c-f0d7-319c-ba9d-ba0bac38da7a,191,Linkin Park,us,f59c5520-5f46-4d2c-b2c4-822eabf53419,,,,
715,Life's What You Make It,en,m,559,The Colour of Spring,1986,"072ec17c-aa60-3070-99ab-fce9e9009d97",343,Talk Talk,gb,a74f43e4-50c4-4b19-a2ce-c05ce9bccb03,,,,
716,Cigarettes & Alcohol,en,m,376,Definitely Maybe,1994,451dca98-c118-32e1-9244-c47ca9c3c0f9,92,Oasis,gb,39ab1aed-75e0-4140-bd47-540276886b60,,,,
717,Sheela-Na-Gig,en,f,560,Dry,1992,78e2be48-6a07-31bf-b85f-3a1093177263,293,PJ Harvey,gb,e795e03d-b5d5-4a5f-834d-162cfb308a2c,,,,
718,Blackened,en,m,123,...And Justice for All,1988,67553e23-8dad-3792-b6f2-8fedd5650ff3,85,Metallica,us,65f4f0c5-ef9e-490c-aee3-909e7ae6b2ab,,,,
719,Are You Gonna Go My Way,en,m,561,Are You Gonna Go My Way,1993,cd5aa852-4f01-3477-8e04-2399bf5f965f,76,Lenny Kravitz,us,"0ef3f425-9bd2-4216-9dd2-219d2fe90f1f",,,,
720,Dry Your Eyes,en,m,336,A Grand Don't Come for Free,2004,606032a2-ec19-32ca-a7c9-17a32dea72ae,228,The Streets,gb,6f607087-9c46-4bb2-a884-e4efc764554c,,,,
721,King Kunta,en,m,562,To Pimp a Butterfly,2015,d9103c72-3807-4378-9ce7-b6f3e8fdd547,309,Kendrick Lamar,us,381086ea-f511-4aba-bdf9-71c753dc5077,,,,
722,Cocaine Blues,en,m,563,At Folsom Prison,1968,6b4ea595-3378-3019-be5f-058412670791,187,Johnny Cash,us,d43d12a1-2dc9-4257-a2fd-0a3bb1081b86,,,,
723,Longee,pt,f,564,Oyebo Soul,2003,51f40943-2631-3a3c-89e0-1a9de3f308ba,262,Arsenal,be,8d834b78-b9dd-4241-8f70-98b963eded68,,,,
724,C'mon Billy,en,f,477,To Bring You My Love,1995,2a976d93-1131-3821-9bcb-6c79542d93aa,293,PJ Harvey,gb,e795e03d-b5d5-4a5f-834d-162cfb308a2c,,,,
725,Hurt,en,m,565,The Downward Spiral,1994,7c4cab8d-dead-3870-b501-93c90fd0a580,344,Nine Inch Nails,us,b7ffd2af-418f-4be2-bdd1-22f8b48613da,,,,
726,Higgs Boson Blues,en,m,448,Push the Sky Away,2013,ae8faaeb-9134-400d-819b-773e20a7d4e4,89,Nick Cave,au,172e1f1a-504d-4488-b053-6344ba63e6d0,,,,
727,Formaldehyde,en,m,292,The Weight of Your Love,2013,1db9eb6b-4f42-4f1e-a0a7-e3243b657c7d,172,Editors,gb,"0efe858c-89e5-4e47-906a-356fa953fd6e",,,,
728,Supermassive Black Hole,en,m,238,Black Holes and Revelations,2006,af2e8e23-e9c3-4e67-8ad8-66387c5898fd,164,Muse,gb,9c9f1380-2516-4fc9-a3e6-f9f61941d090,,,,
729,Cloudbusting,en,f,370,Hounds of Love,1985,"017f2a37-a78f-3578-9611-fa40408e5d90",69,Kate Bush,gb,4b585938-f271-45e2-b19a-91c634b5e396,,,,
730,Can't Help Falling in Love,en,m,566,Blue Hawaii,1961,eb26d6a0-35db-38a7-b3c0-ae2083db5737,41,Elvis Presley,us,"01809552-4f87-45b0-afff-2c6f0730a3be",,,,
731,Rapper's Delight,en,m,567,Sugarhill Gang,1980,51302e56-54ce-35d8-9ec6-66926dc8054f,345,The Sugarhill Gang,us,336f2e14-b064-45c8-8b2a-01663a0bee64,,,,
732,Overkill,en,m,568,Overkill,1979,c99d9663-dd14-3ba2-9d8c-10c8f8fa569b,192,Motörhead,gb,57961a97-3796-4bf7-9f02-a985a8979ae9,,,,
733,Take This Waltz,en,m,569,I'm Your Man,1988,7f073c9c-f64f-3a79-bbd8-5aa7668e5cd8,189,Leonard Cohen,ca,65314b12-0e08-43fa-ba33-baaa7b874c15,,,,
734,The Next Episode,en,m,394,2001,1999,f28e065d-fd56-3929-b0a4-6aa1b4c78bdb,258,Dr. Dre,us,5f6ab597-f57a-40da-be9e-adad48708203,464,Snoop Dogg,us,
735,Neighborhood #1 (Tunnels),en,m,239,Funeral,2004,"05affa96-5959-32da-8d75-1c9eb985ca59",165,Arcade Fire,ca,52074ba6-e495-4ef3-9bb4-0703888a9f68,,,,
736,Dear Mama,en,m,570,Me Against the World,1995,cfc98a2a-6aaa-3dda-a01d-e034e56c4fec,266,2Pac,us,382f1005-e9ab-4684-afd4-0bdae4ee37f2,,,,
737,I Wanna Dance with Somebody (Who Loves Me),en,f,571,Whitney,1987,4f5bfc50-7a41-385e-9961-3db0feaec430,346,Whitney Houston,us,"0307edfc-437c-4b48-8700-80680e66a228",,,,
738,Frederick,en,f,572,Wave,1979,412f2b72-9ab2-3033-a52f-e41bc5e595fa,226,Patti Smith,us,d135874d-9cae-4fef-97e3-36acbd9f5a26,,,,
739,Sometime Around Midnight,en,m,573,The Airborne Toxic Event,2008,2c6cf5f6-3eb0-31a3-86d2-969b6f3d35db,347,The Airborne Toxic Event,us,892fb2e4-0af4-42be-9e60-22898de51d32,,,,
740,Chicago,en,m,574,Illinois,2005,1fb75447-c513-38c4-ad8f-1bfc441aa74c,348,Sufjan Stevens,us,"01d3c51b-9b98-418a-8d8e-37f6fab59d8c",,,,
741,Rid of Me,en,f,575,Rid of Me,1993,c1bb54cc-751d-300c-ba29-d7502d571c2d,293,PJ Harvey,gb,e795e03d-b5d5-4a5f-834d-162cfb308a2c,,,,
742,Eye of the Tiger,en,m,576,Eye of the Tiger,1982,9554c59d-afff-3ea2-b732-19a459ea0d1b,349,Survivor,us,55ef024a-6cc0-49ed-8ce2-2e12193c0f46,,,,
743,Much Against Everyone's Advice,en,m,197,Much Against Everyone's Advice,1998,a2826b1a-66ee-387c-a0cd-bef439f12c72,133,Soulwax,be,68ec1b08-3c2e-40b3-b0af-8f323743fdff,,,,
744,I Wanna Be Your Lover,en,m,577,Prince,1979,5436e902-e53d-3ab8-82b7-3b96a04d6f40,101,Prince,us,"070d193a-845c-479f-980e-bef15710653e",,,,
745,Empire State of Mind,en,x,578,The Blueprint 3,2009,8f046e37-21ef-46de-9aa6-4f89e3d48bbb,350,Jay-Z,us,f82bcf78-5b69-4622-a5ef-73800768d9ac,469,Alicia Keys,us,8ef1df30-ae4f-4dbd-9351-1a32b208a01e
746,Never Going Back Again,en,m,73,Rumours,1977,416bb5e5-c7d1-3977-8fd7-7c9daf6c2be6,46,Fleetwood Mac,gb,bd13909f-1c29-4c27-a874-d4aaf27c5b1a,,,,
747,I Need You,en,m,178,Royalty in Exile,1990,6bb5526e-df0e-391a-9c90-d96f8a29d249,117,The Scabs,be,53c97a52-d691-4477-99f3-cb6e46b0bd94,,,,
748,Painkiller,en,m,579,Painkiller,1990,384f9bb3-6437-386f-8f1e-ff7c1b772455,351,Judas Priest,gb,6b335658-22c8-485d-93de-0bc29a1d0349,,,,
749,Disorder,en,m,580,Unknown Pleasures,1979,42352def-1aab-3000-b548-895ebd869cb6,67,Joy Division,gb,9a58fda3-f4ed-4080-a3a5-f457aac9fcdd,,,,
750,Everything Counts,en,m,581,Construction Time Again,1983,f8d0b912-ac57-3365-a2bb-89de094bb3db,163,Depeche Mode,gb,8538e728-ca0b-4321-b7e5-cff6565dd4c0,,,,
751,Glory Days,en,m,199,Born in the U.S.A.,1984,3c39a076-8e52-38f2-8076-260d0672fb23,20,Bruce Springsteen,us,70248960-cb53-4ea4-943a-edb18f7d336f,,,,
752,Free Fallin',en,m,582,Full Moon Fever,1989,ffbef03e-3651-39db-8a2f-e140dc5aa219,352,Tom Petty,us,f93dbc64-6f08-4033-bcc7-8a0bb4689849,,,,
753,The Seed (2.0),en,m,583,Phrenology,2002,98277141-0f63-3796-894a-11409d1377c4,353,The Roots,us,80b3cf5e-18fe-4c59-98c7-e5bb87210710,779,Cody Chesnutt,us,
754,The Devil in I,en,m,584,.5: The Gray Chapter,2014,7ae66014-0153-4f48-ad22-973b0582261c,128,Slipknot,us,a466c2a2-6517-42fb-a160-1087c3bafd9f,,,,
755,Eisbär,de,m,585,Eisbär,1981,fa165d77-ab48-3e49-87ed-bcd24d28d8db,354,Grauzone,ch,163b54e5-8256-4f35-8c6e-623dccd2fbc2,,,,
756,Ergens onderweg,nl,m,586,Liefde,2001,930a7d37-33a4-3696-999e-da413c6c7373,160,De Mens,be,57c4babc-069d-48e8-a6b3-0887cd48d183,,,,
757,Rollin' & Scratchin',i,i,587,Homework,1997,"00054665-89fa-33d5-a8f0-1728ea8c32c3",208,Daft Punk,fr,"056e4f3e-d505-4dad-8ec1-d04f521cbb56",,,,
758,Regulate,en,m,588,Regulate... G Funk Era,1994,7d2ec03f-4abb-3fef-b7e5-465334a47b54,355,Warren G,us,85d7666c-d3ce-4e2c-8b1b-f20db7cdae4f,468,Nate Dogg,us,
760,Don't Speak,en,f,590,Tragic Kingdom,1995,"04b0b075-bed7-388b-b44b-cf34077ad96c",356,No Doubt,us,fbd2a255-1d57-4d31-ac11-65b671c19958,,,,
761,Psycho,en,m,591,Drones,2015,3133d4d5-5cfb-4f53-87f5-f3a97c8f310d,164,Muse,gb,9c9f1380-2516-4fc9-a3e6-f9f61941d090,,,,
762,Echoes,en,m,543,Meddle,1971,4e98c9b4-92f6-3049-b9da-a1088b623672,98,Pink Floyd,gb,83d91898-7763-47d7-b03b-b92132375c47,,,,
763,Ahead by a Century,en,m,592,Trouble at the Henhouse,1996,1686c7d2-b5ee-390d-978c-3d63237074fe,357,The Tragically Hip,ca,e86ab653-bec8-46f3-b4b6-a1a866919ef6,,,,
765,Bicycle Race,en,m,267,Jazz,1978,c192ea46-7377-34f0-b332-dd9810edd560,103,Queen,gb,"0383dadf-2a4e-4d10-a46a-e9e041da8eb3",,,,
766,Creeping Death,en,m,402,Ride the Lightning,1984,"0da580f2-6768-498f-af9d-2becaddf15e0",85,Metallica,us,65f4f0c5-ef9e-490c-aee3-909e7ae6b2ab,,,,
767,Don't Stop,en,x,73,Rumours,1977,416bb5e5-c7d1-3977-8fd7-7c9daf6c2be6,46,Fleetwood Mac,gb,bd13909f-1c29-4c27-a874-d4aaf27c5b1a,,,,
768,Iedereen is van de wereld,nl,m,179,Blauw,1990,95b6e745-99fc-39ff-8426-6b825429dc40,118,The Scene,nl,80d49857-8a0b-439e-95d3-3f41bd8eefbe,,,,
769,Cornerstone,en,m,594,Humbug,2009,23b7e9e9-8820-4a49-b44f-a7a60e0a7e81,174,Arctic Monkeys,gb,ada7a83c-e3e1-40f1-93f9-3e73dbc9298a,,,,
770,Everybody Here Wants You,en,m,595,Sketches for My Sweetheart the Drunk,1998,98dd8826-eae5-3700-957e-397bd0cf82d4,61,Jeff Buckley,us,e6e879c0-3d56-4f12-b3c5-3ce459661a8e,,,,
771,Gold Dust Woman,en,f,73,Rumours,1977,416bb5e5-c7d1-3977-8fd7-7c9daf6c2be6,46,Fleetwood Mac,gb,bd13909f-1c29-4c27-a874-d4aaf27c5b1a,,,,
772,Who's the King,en,m,596,All Boro Kings,1994,69404ba7-d9dd-3df9-9cd0-6eed9877573e,359,Dog Eat Dog,us,2d91fff5-460c-431b-a44c-21d345129a91,,,,
773,Miss You,en,m,542,Some Girls,1978,b44bc358-a28f-3a1f-b07e-604910f12d37,113,The Rolling Stones,gb,b071f9fa-14b0-4217-8e97-eb41da73f598,,,,
775,The Times They Are a-Changin',en,m,597,The Times They Are a-Changin',1964,846f8032-9a85-3f4f-b7f5-28c86573d044,16,Bob Dylan,us,72c536dc-7137-4477-a521-567eeb840fa8,,,,
776,Talkin' 'bout a Revolution,en,f,42,Tracy Chapman,1988,a738bdf1-f610-30aa-9ae7-9a4f90d6f2d7,144,Tracy Chapman,us,1129817c-488a-4096-80c1-77fc1b107c93,,,,
777,Alors on danse,fr,m,598,Cheese,2010,ce87cfa3-42cc-411b-b8bc-2d92aaa73c81,216,Stromae,be,ab2528d9-719f-4261-8098-21849222a0f2,,,,
778,Cure for Pain,en,m,599,Cure for Pain,1993,c27c4bc3-98da-33ea-ad7a-5a765ccf9580,360,Morphine,us,42689657-cbec-4f66-a9ed-80f939ea23ed,,,,
779,Like a Prayer,en,f,600,Like a Prayer,1989,1f75a8df-176c-3d23-8f1f-b0c8935682ec,361,Madonna,us,79239441-bfd5-4981-a70c-55c3f15c1287,,,,
780,Holy Diver,en,m,601,Holy Diver,1983,4e7b34de-0d87-356a-a3da-b21f769b7d4d,362,Dio,us,c55193fb-f5d2-4839-a263-4c044fca1456,,,,
781,It's My Life,en,m,602,It's My Life,1984,84cf35fd-adb5-3fdd-9eec-8535b134be13,343,Talk Talk,gb,a74f43e4-50c4-4b19-a2ce-c05ce9bccb03,,,,
782,Use Somebody,en,m,247,Only by the Night,2008,7a23bc7e-d7bd-3a22-a38d-7d1f793bae1c,171,Kings of Leon,us,6ffb8ea9-2370-44d8-b678-e9237bbd347b,,,,
783,Somebody,en,m,603,Some Great Reward,1984,b3100982-db15-3a4b-a3ed-363c91cb40de,163,Depeche Mode,gb,8538e728-ca0b-4321-b7e5-cff6565dd4c0,,,,
784,I Don't Want to Miss a Thing,en,m,604,Armageddon,1998,f51d56e4-0211-3533-a9a5-08c02d8bb04a,280,Aerosmith,us,3d2b98e5-556f-4451-a3ff-c50ea18d57cb,,,,
785,Lonely Boy,en,m,319,El Camino,2011,c2eed4c1-5cd9-469a-9075-b82077093967,220,The Black Keys,us,d15721d8-56b4-453d-b506-fc915b14cba2,,,,
786,Walking on the Moon,en,m,146,Reggatta de Blanc,1979,2b98e6d7-a521-332f-961e-d281ba33ba3d,100,The Police,gb,9e0e2b01-41db-4008-bd8b-988977d6019a,,,,
787,Moonage Daydream,en,m,30,The Rise and Fall of Ziggy Stardust and the Spiders from Mars,1972,6c9ae3dd-32ad-472c-96be-69d0a3536261,32,David Bowie,gb,5441c29d-3602-4898-b1a1-b77fa23b8e50,,,,
788,Crystalised,en,x,605,xx,2009,23355caf-a543-4b5f-80fe-449101868fc1,363,The xx,gb,c5c2ea1c-4bde-4f4d-bd0b-47b200bf99d6,,,,
789,Never Gonna Give You Up,en,m,606,Whenever You Need Somebody,1987,"082c6aff-a7cc-36e0-a960-35a578ecd937",364,Rick Astley,gb,db92a151-1ac2-438b-bc43-b82e149ddd50,,,,
790,Just Can't Get Enough,en,m,607,Speak & Spell,1981,7a0e0366-91f4-3444-b45a-83b158004165,163,Depeche Mode,gb,8538e728-ca0b-4321-b7e5-cff6565dd4c0,,,,
791,C.R.E.A.M.,en,m,608,Enter the Wu-Tang (36 Chambers),1993,610fb60f-900a-3c42-ac7d-f6b6aa8035f9,365,Wu-Tang Clan,us,"0febdcf7-4e1f-4661-9493-b40427de2c13",,,,
793,Somebody to Love,en,f,330,Surrealistic Pillow,1967,e6440cd2-5e8e-367d-bc49-cc042b5ef524,225,Jefferson Airplane,us,39c2a93d-9afa-4a22-9bba-c087ab056e1c,,,,
794,Sleeper in Metropolis,en,f,610,Changing Places,1983,9bd75b41-7d6e-38e3-90b3-c10b20e90f0f,8,Anne Clark,gb,a019a8cf-2601-4a81-b3c3-7b279a873713,,,,
795,This Charming Man,en,m,611,The Smiths,1984,91811b68-aa6e-35b3-a5e1-6a2733eb6ae9,130,The Smiths,gb,40f5d9e4-2de7-4f2d-ad41-e31a9a9fea27,,,,
796,Whatever,en,m,820,Whatever,1994,36e25684-f1cc-3525-8f11-0e202b9073df,92,Oasis,gb,39ab1aed-75e0-4140-bd47-540276886b60,,,,
797,Ramble On,en,m,107,Led Zeppelin II,1969,33b4653d-006e-3cc1-8afb-386b15a6cd6e,75,Led Zeppelin,gb,678d88b2-87b0-403b-b63d-5da7465aecc3,,,,
798,China Girl,en,m,33,Let's Dance,1983,75c2bddf-1799-3eda-b6b3-a0cf5189d8ed,32,David Bowie,gb,5441c29d-3602-4898-b1a1-b77fa23b8e50,,,,
799,Around the World,en,m,587,Homework,1997,"00054665-89fa-33d5-a8f0-1728ea8c32c3",208,Daft Punk,fr,"056e4f3e-d505-4dad-8ec1-d04f521cbb56",,,,
800,Fire,en,m,612,Bruce Springsteen & The E Street Band Live 1975-85,1986,85206823-9808-3da2-a9d7-2e9b8b0f4e99,20,Bruce Springsteen,us,70248960-cb53-4ea4-943a-edb18f7d336f,,,,
801,Cowboys from Hell,en,m,613,Cowboys from Hell,1990,a0398241-a842-3593-83b4-a1aa1df23328,366,Pantera,us,541f16f5-ad7a-428e-af89-9fa1b16d3c9c,,,,
802,Wake Me Up When September Ends,en,m,347,American Idiot,2004,de9bf827-a9b0-348b-a7c9-556c03c3fb07,53,Green Day,us,"084308bd-1654-436f-ba03-df6697104e19",,,,
803,Tusk,en,x,302,Tusk,1979,22deeac8-6009-31ad-a069-26e85d246412,46,Fleetwood Mac,gb,bd13909f-1c29-4c27-a874-d4aaf27c5b1a,,,,
804,Kiss,en,m,403,Parade,1986,8c20e5ba-1418-393e-a946-b6525fa3a94a,101,Prince,us,"070d193a-845c-479f-980e-bef15710653e",,,,
805,Ain't Nobody,en,f,614,Stompin' at the Savoy,1983,8819781b-defd-3b2f-a245-e3fa458fc486,367,Rufus and Chaka Khan,us,,,,,
806,Breathe,en,m,615,The Fat of the Land,1997,ac9138ce-6331-3f8d-86d7-69f13e4ab4f4,207,The Prodigy,gb,4a4ee089-93b1-4470-af9a-6ff575d32704,,,,
807,The Day Brings,en,m,616,Interiors,1997,a5009ba3-862a-3f4d-b55a-4b0cf10d4842,368,Brad,us,edbaa513-b8d3-4e8f-b81f-ef640b8ad128,,,,
808,For Those About to Rock (We Salute You),en,m,617,For Those About to Rock We Salute You,1981,331084ff-497b-3e3a-958e-0fefdae80cb6,5,AC/DC,au,66c662b6-6e2f-4930-8610-912e24c63ed1,,,,
809,Big Poppa,en,m,452,Ready to Die,1994,5afcfeac-118a-35e6-af0d-35ec9003354d,282,The Notorious B.I.G.,us,d5d97b2b-b83b-4976-814a-056d9076c8c3,,,,
810,That's When I Reach for My Revolver,en,m,618,Animal Rights,1996,1ac226e0-d7f2-34d7-9b72-2fdfdb558595,201,Moby,us,8970d868-0723-483b-a75b-51088913d3d4,,,,
811,Wheels,en,m,619,Greatest Hits,2009,edc167ea-ca3e-4178-9f2e-f43d62b19380,167,Foo Fighters,us,67f66c07-6e61-4026-ade5-7e782fad3a5d,,,,
812,Agape,en,m,620,Islands,2014,3c06110e-b43c-4c19-97eb-a410ba5bf7cb,369,Bear's Den,gb,f11f6e85-a39a-4dd8-875b-cd84839ddec6,,,,
813,Angels,en,m,621,Life Thru a Lens,1997,1cd3a513-be39-373c-b56d-54a3fed5b928,370,Robbie Williams,gb,db4624cf-0e44-481e-a9dc-2142b833ec2f,,,,
814,Julia,en,m,622,Pampered Menial,1975,c65d4fd1-b5cd-30d8-af86-6087c5183b2b,371,Pavlov's Dog,us,,,,,
815,Where the Wild Roses Grow,en,x,623,Murder Ballads,1996,4030ac23-b953-33ee-9f31-35e9f3febf86,89,Nick Cave,au,172e1f1a-504d-4488-b053-6344ba63e6d0,465,Kylie Minogue,au,
816,A Boy Named Sue,en,m,624,At San Quentin,1969,50df1aa9-6c37-46da-90bd-140363ddf878,187,Johnny Cash,us,d43d12a1-2dc9-4257-a2fd-0a3bb1081b86,,,,
817,Brilliant Disguise,en,m,625,Tunnel of Love,1987,b3559cb2-d7ad-32eb-a17e-54a873ce4122,20,Bruce Springsteen,us,70248960-cb53-4ea4-943a-edb18f7d336f,,,,
818,Starfish and Coffee,en,m,152,Sign 'O' The Times,1987,90718403-7634-3786-84bf-2053a7bd4f4c,101,Prince,us,"070d193a-845c-479f-980e-bef15710653e",,,,
819,Fallen,en,m,626,Beyond Hell / Above Heaven,2010,e0d5936f-306e-492a-abb9-56cd877b30a2,224,Volbeat,dk,4753fcb7-9270-493a-974d-8daca4e49125,,,,
820,Still Waiting,en,m,627,Does This Look Infected?,2002,3ebc1782-e140-3a1a-971e-17826ddf462d,372,Sum 41,ca,f2eef649-a6d5-4114-afba-e50ab26254d2,,,,
821,The Boxer,en,m,184,Bridge over Troubled Water,1970,c39f7f80-d42f-3669-9653-230f8e922083,123,Simon & Garfunkel,us,5d02f264-e225-41ff-83f7-d9b1f0b1874a,,,,
822,The Best Is Yet to Come,en,m,132,Novastar,2000,d6418d53-daf9-3e22-9b19-64ab7d1de76e,91,Novastar,be,7604fd80-8984-4dab-a52e-f74a84e1a122,,,,
823,Midnight City,en,m,628,"Hurry Up, We're Dreaming",2011,5f898a60-acc5-48fc-a11b-2926084c0924,373,M83,fr,6d7b7cd4-254b-4c25-83f6-dd20f98ceacd,,,,
824,Albatross,i,i,629,Albatross,1968,873b1bde-d4b9-4e77-9dbc-f23175284921,46,Fleetwood Mac,gb,bd13909f-1c29-4c27-a874-d4aaf27c5b1a,,,,
825,Papaoutai,fr,m,314,Racine carrée,2013,d079dc50-fa9b-4a88-90f4-5e8723accd75,216,Stromae,be,ab2528d9-719f-4261-8098-21849222a0f2,,,,
826,Bad Timing,en,m,630,Pocket Revolution,2005,4d19d8f8-e418-372e-a93c-4088f3f8019a,35,dEUS,be,2d0ec174-2bff-4f46-ae1b-dfea0ed9391c,,,,
827,Sara,en,m,66,Desire,1976,fc325dd3-73ed-36aa-9c77-6b65a958e3cf,16,Bob Dylan,us,72c536dc-7137-4477-a521-567eeb840fa8,,,,
828,For Evigt,en,m,631,Seal the Deal & Let's Boogie,2016,fb31cdb0-a8ac-46d9-9851-5f1aa25d25f9,224,Volbeat,dk,4753fcb7-9270-493a-974d-8daca4e49125,,,,
829,Smack My Bitch Up,en,m,615,The Fat of the Land,1997,ac9138ce-6331-3f8d-86d7-69f13e4ab4f4,207,The Prodigy,gb,4a4ee089-93b1-4470-af9a-6ff575d32704,,,,
831,Nowhere,en,m,632,Troublegum,1994,a7fe04fa-0f36-3c18-9e63-25b55d33fca6,141,Therapy?,gb,85226286-349a-4046-8dcf-f75b32baa6b1,,,,
832,Enola Gay,en,m,633,Organisation,1980,cff0ea94-bf45-3712-8ce8-238fd3c5d13f,374,Orchestral Manoeuvres in the Dark,gb,6d072aa8-c851-49c5-92f9-cbca05f4bed9,,,,
833,You & Me (Flume Remix),en,f,634,Settle,2013,cefd427e-185e-4a94-a6a9-a03d8a53b60a,375,Disclosure,gb,ae65c507-d9a0-4d42-9a6c-2b1f82158b9f,,,,
834,Run To You,en,m,23,Reckless,1984,fe1d2bcd-cdb6-333b-b2c6-8389e5890f04,21,Bryan Adams,ca,4dbf5678-7a31-406a-abbe-232f8ac2cd63,,,,
835,Rolling in the Deep,en,f,258,21,2011,e4174758-d333-4a8e-a31f-dd0edd51518e,185,Adele,gb,cc2c9c3c-b7bc-4b8b-84d8-4fbd8779e493,,,,
836,Major Tom,de,m,635,Fehler im System,1982,5cc3fc0b-6e53-3081-a7e0-ef76e96f836c,376,Peter Schilling,de,bc6be178-3933-44ad-88a7-fde1a160bc29,,,,
837,You Do Something to Me,en,m,636,Stanley Road,1995,"00a470c7-3944-3231-8e78-fa11b697997c",377,Paul Weller,gb,c4406045-e640-4cfe-8b88-4732cce314d4,,,,
838,Never Tear Us Apart,en,m,637,Kick,1987,ec6bc9d7-01e1-3d58-8e79-960611b26f44,378,INXS,au,481bf5f9-2e7c-4c44-b08a-05b32bc7c00d,,,,
839,Levels,en,f,638,Levels,2011,3ed4cd58-5ef4-4a30-a828-357c102cf4c6,379,Avicii,se,c85cfd6b-b1e9-4a50-bd55-eb725f04f7d5,,,,
841,Throne,en,m,640,That's the Spirit,2015,78113c03-d7dc-4200-91f0-5b20088e403d,381,Bring Me the Horizon,gb,"074e3847-f67f-49f9-81f1-8c8cea147e8e",,,,
842,Nothing on My Radio,en,m,641,Jumping the Tracks,1991,c94ce9b3-53a9-3680-b36e-2ffc2319cc89,117,The Scabs,be,53c97a52-d691-4477-99f3-cb6e46b0bd94,,,,
843,Little Monster,en,m,642,Royal Blood,2014,1e4a055a-e3de-4b82-bc34-cd6ac1967835,382,Royal Blood,gb,aa62b28e-b6d4-4086-91d4-e5fac1ed56f3,,,,
844,Every You Every Me,en,m,643,Without You I'm Nothing,1998,b568aff6-f2b2-3fe0-980f-417df6ccfad4,213,Placebo,gb,847e8284-8582-4b0e-9c26-b042a4f49e57,,,,
845,You Know I'm No Good,en,f,263,Back to Black,2006,6eac2e57-ee50-36f8-b0c4-c4c847a2c098,188,Amy Winehouse,gb,dfe9a7c4-8cf2-47f4-9dcb-d233c2b86ec3,,,,
846,T.N.T.,en,m,644,High Voltage,1976,c7962404-3148-46ba-bf57-d96633079708,5,AC/DC,au,66c662b6-6e2f-4930-8610-912e24c63ed1,,,,
847,I Need Never Get Old,en,m,645,Nathaniel Rateliff & The Night Sweats,2015,4864c4d4-ddb4-4bef-aba3-efd5056039aa,383,Nathaniel Rateliff & The Night Sweats,us,da54c619-9e9f-4e57-9cce-cddfa09345df,,,,
848,I Walk the Line,en,m,311,With His Hot and Blue Guitar,1957,288b58ea-6b89-3dae-8428-2822fb15c7cb,187,Johnny Cash,us,d43d12a1-2dc9-4257-a2fd-0a3bb1081b86,,,,
849,Don't Dream It's Over,en,m,646,Crowded House,1986,9fd1dad9-94a1-36f3-9288-33fdbbc6cc8c,30,Crowded House,au,9854d99f-d954-4c0f-9ae5-58a0cdd885f5,,,,
850,All Night Long (All Night),en,m,647,Can't Slow Down,1983,cccdb1a1-333d-30e1-9486-81b8113e608a,384,Lionel Richie,us,3cb25fb2-5547-4b05-adec-1a5e37830d46,,,,
851,Sign of the Times,en,m,648,Harry Styles,2017,"05e6b686-b590-472a-9924-e623b223cb6d",385,Harry Styles,gb,7eb1ce54-a355-41f9-8d68-e018b096d427,,,,
852,Waiting Room,en,m,649,Fugazi,1988,5be01c92-bb45-326c-9634-badf08f9ad7f,386,Fugazi,us,233fc3f3-6de2-465c-985e-e721dbabbace,,,,
853,Sexual Healing,en,m,650,Midnight Love,1982,"0ffad470-d1e3-3988-8e3b-1a644495b964",81,Marvin Gaye,us,afdb7919-059d-43c1-b668-ba1d265e7e42,,,,
854,Rise,en,m,274,Into the Wild,2007,9fbbb26b-282f-36aa-9170-4b41e5fb73ef,193,Eddie Vedder,us,1a60d6dd-9d3e-40fc-a66d-3184f9ee0d61,,,,
855,The Architect,en,m,651,Vantage Point,2008,da274f6b-9b58-3eb7-84b8-cb9bf64e5d9f,35,dEUS,be,2d0ec174-2bff-4f46-ae1b-dfea0ed9391c,,,,
856,Isolation,en,m,652,Closer,1980,852f9715-24b3-37d5-b8a5-456f5e19b41e,67,Joy Division,gb,9a58fda3-f4ed-4080-a3a5-f457aac9fcdd,,,,
857,Violet,en,f,653,Live Through This,1994,fe676d05-f97c-303a-890b-da53c69e5d42,387,Hole,us,1dcc8968-f2cd-441c-beda-6270f70f2863,,,,
858,The Final Countdown,en,m,654,The Final Countdown,1986,da4f2d37-3eb9-3d62-800d-88d345551ec9,388,Europe,se,ccfe7a3c-1a45-4984-a8d0-644549cefe61,,,,
859,Gangsta's Paradise,en,m,655,Gangsta's Paradise,1995,de8d13e3-eb1b-326f-a56c-822dac4bb628,389,Coolio,us,cc30e630-8c75-4d78-b205-8e2edc6bdaa7,,,,
860,Could You Be Loved,en,m,255,Uprising,1980,6dd29c00-7539-319d-98e0-b2f07e861497,17,Bob Marley & the Wailers,jm,c296e10c-110a-4103-9e77-47bfebb7fb2e,,,,
861,Lucky Man,en,m,244,Urban Hymns,1997,3dd0c8e4-af53-3605-9c20-f27c7635fb60,169,The Verve,gb,d4d17620-fd97-4574-92a8-a2cb7e72ce42,,,,
862,Rock the Casbah,en,m,478,Combat Rock,1982,b1907b62-6aaf-3ea4-9895-b71234a0e5c1,219,The Clash,gb,8f92558c-2baa-4758-8c38-615519e9deda,,,,
863,Resistance,en,m,396,The Resistance,2009,8411a4db-e104-4e45-995f-24b2f1849437,164,Muse,gb,9c9f1380-2516-4fc9-a3e6-f9f61941d090,,,,
864,Spectrum (Say My Name),en,f,657,Ceremonials,2011,998f1bc8-6703-49fe-8aed-028ec04a14f2,243,Florence + the Machine,gb,5fee3020-513b-48c2-b1f7-4681b01db0c6,,,,
866,You're So Vain,en,f,659,No Secrets,1972,ebf50233-3954-3d0c-9fdb-27bfd28aafd7,392,Carly Simon,us,c4df30f5-5487-4806-9189-b69c9f27532c,,,,
867,In My Life,en,m,660,Rubber Soul,1965,dca03435-8adb-30a5-ba82-5a162267ff38,12,The Beatles,gb,b10bbbfc-cf9e-42e0-be17-e2c3e1d2600d,,,,
868,Another Day in Paradise,en,m,661,...But Seriously,1989,822d9247-6059-3716-b1f9-f7b95526f721,97,Phil Collins,gb,401c3991-b76b-499d-8082-9f2df958ef78,,,,
869,Breed,en,m,129,Nevermind,1991,1b022e01-4da6-387b-8658-8678046e4cef,90,Nirvana,us,5b11f4ce-a62d-471e-81fc-a69a8278c7da,,,,
870,Paradise Circus,en,f,662,Heligoland,2010,29a4c71c-2e7a-40e3-81d7-7960e8ec1bb1,82,Massive Attack,gb,10adbe5e-a2c0-4bf3-8249-2b4cbf6e6ca8,,,,
871,What's My Age Again?,en,m,663,Enema of the State,1999,cd367c59-eb86-384b-bbc7-62f6d2d677b9,393,Blink-182,us,"0743b15a-3c32-48c8-ad58-cb325350befa",,,,
872,Mutter,de,m,338,Mutter,2001,833a9e1a-62c0-32f6-ab47-7797c4d83b07,229,Rammstein,de,b2d122f9-eadb-4930-a196-8f221eeb0c66,,,,
873,Last Kiss,en,m,664,Last Kiss,1999,1da44150-3d05-3a07-850f-8f952859b6f5,94,Pearl Jam,us,83b9cbe7-9857-49e2-ab8e-b57b01038103,,,,
874,Da Funk,i,i,587,Homework,1997,"00054665-89fa-33d5-a8f0-1728ea8c32c3",208,Daft Punk,fr,"056e4f3e-d505-4dad-8ec1-d04f521cbb56",,,,
875,Theme for Great Cities,i,i,665,Sons and Fascination/Sister Feelings Call,1981,99a35b0d-23e6-381e-833f-7320df1395ed,124,Simple Minds,gb,f41490ce-fe39-435d-86c0-ab5ce098b423,,,,
876,Dust in the Wind,en,m,666,Point of Know Return,1977,c71e6754-dbc9-3882-82ce-7d41457d1fb5,394,Kansas,us,69689acf-d9cd-4d20-a972-47db4ed51b1a,,,,
877,Munich,en,m,667,The Back Room,2005,afcf1710-40aa-3614-85e4-ab2cf12a7a5a,172,Editors,gb,"0efe858c-89e5-4e47-906a-356fa953fd6e",,,,
878,The Man Who Sold the World,en,m,668,The Man Who Sold the World,1970,2536a41d-fde9-35d5-a6c6-cd4d94ffd916,32,David Bowie,gb,5441c29d-3602-4898-b1a1-b77fa23b8e50,,,,
879,Paradise,en,m,669,Mylo Xyloto,2011,61b7b6cd-86a6-4728-9478-b58c93bca8fd,25,Coldplay,gb,cc197bad-dc9c-440d-a5b5-d52ba2e14234,,,,
880,This Corrosion,en,m,670,Floodland,1987,d1ae968e-ed20-35a2-9741-17f82e20bd28,126,The Sisters of Mercy,gb,553d8166-27b0-49fe-b8e4-89a984e2c375,,,,
881,The Wind Cries Mary,en,m,88,Are You Experienced,1967,da40e720-2097-3730-8a7f-0c2ddbff4a96,62,Jimi Hendrix,us,"06fb1c8b-566e-4cb2-985b-b467c90781d4",,,,
882,Sound and Vision,en,m,671,Low,1977,f6a51281-56c4-3538-b915-65a9d4eb29b5,32,David Bowie,gb,5441c29d-3602-4898-b1a1-b77fa23b8e50,,,,
865,The Killing Moon,en,m,658,Ocean Rain,1984,ecbe6d07-c2e4-37fe-9a99-8484dd7f9a20,391,Echo & the Bunnymen,gb,ccd4879c-5e88-4385-b131-bf65296bf245,,,,
883,Dancing in the Moonlight,en,m,672,Onka's Big Moka,2000,"0663f3c7-8bcc-3a39-8c12-ff5832e8690c",395,Toploader,gb,3bdf9667-3205-4c5b-865b-ca3bb33fc5ac,,,,
884,Bobby Brown (Goes Down),en,m,673,Sheik Yerbouti,1979,c2980035-5ee5-30ff-9fbc-657255fbe4fd,396,Frank Zappa,us,e20747e7-55a4-452e-8766-7b985585082d,,,,
885,I Wanna Be Yours,en,m,272,AM,2013,a348ba2f-f8b3-4686-b928-e63d8d94d543,174,Arctic Monkeys,gb,ada7a83c-e3e1-40f1-93f9-3e73dbc9298a,,,,
886,Reckoner,en,m,674,In Rainbows,2007,6e335887-60ba-38f0-95af-fae7774336bf,104,Radiohead,gb,a74b1b7f-71a5-4011-9441-d0b5e4122711,,,,
887,Go,i,i,675,Moby,1992,6838bf7e-b70d-3299-b9eb-8f5ec90d5229,201,Moby,us,8970d868-0723-483b-a75b-51088913d3d4,,,,
888,The Future,en,m,676,Cat Fit Fury!,2010,"0b4066a6-b050-4120-8276-e4998f431a49",397,The Van Jets,be,15fa2639-cea9-4f13-8ed7-88ad594fdfb9,,,,
889,Closer,en,m,247,Only by the Night,2008,7a23bc7e-d7bd-3a22-a38d-7d1f793bae1c,171,Kings of Leon,us,6ffb8ea9-2370-44d8-b678-e9237bbd347b,,,,
890,My Way,en,m,677,My Way,1969,8d09140c-21e9-31ea-be11-9201f9cce665,334,Frank Sinatra,us,197450cd-0124-4164-b723-3c22dd16494d,,,,
891,Take Me Out,en,m,678,Franz Ferdinand,2004,c145ca26-2556-3780-828f-82729de51f7b,398,Franz Ferdinand,gb,aa7a2827-f74b-473c-bd79-03d065835cf7,,,,
892,Break My Stride,en,m,679,I Don't Speak the Language,1983,cf39e120-b694-32b6-a8ae-8110c605ff15,399,Matthew Wilder,us,471e21ab-7a14-4190-a9d2-f95197616df4,,,,
893,Alive and Kicking,en,m,680,Once Upon a Time,1985,8b184afd-58a6-3626-a4c6-67089ab88734,124,Simple Minds,gb,f41490ce-fe39-435d-86c0-ab5ce098b423,,,,
894,"Lover, You Should've Come Over",en,m,36,Grace,1994,ea29c347-696f-3165-986d-7bad1394b178,61,Jeff Buckley,us,e6e879c0-3d56-4f12-b3c5-3ce459661a8e,,,,
895,Shake It Out,en,f,657,Ceremonials,2011,998f1bc8-6703-49fe-8aed-028ec04a14f2,243,Florence + the Machine,gb,5fee3020-513b-48c2-b1f7-4681b01db0c6,,,,
896,Songbird,en,f,73,Rumours,1977,416bb5e5-c7d1-3977-8fd7-7c9daf6c2be6,46,Fleetwood Mac,gb,bd13909f-1c29-4c27-a874-d4aaf27c5b1a,,,,
897,Escape (The Pina Colada Song),en,m,681,Partners in Crime,1979,"070f8c5f-b178-3fd5-8243-1c2bfd925e4c",400,Rupert Holmes,us,3e7ef7ed-18c1-436d-b946-7e7e63ace408,,,,
898,Man in the Mirror,en,m,95,Bad,1987,a5711a77-42d1-3f4c-830c-e27a96f0800f,86,Michael Jackson,us,f27ec8db-af05-4f36-916e-3d57f91ecf5e,,,,
900,Proud Mary,en,x,683,Workin' Together,1970,c0127d64-6ad7-330e-bb1f-98b788e64b59,58,Ike & Tina Turner,us,1c7b3786-b99a-40ab-81e4-f3056da19e13,,,,
901,One Love,en,m,412,Exodus,1977,c5650313-60f3-34d3-92e4-300545133792,17,Bob Marley & the Wailers,jm,c296e10c-110a-4103-9e77-47bfebb7fb2e,,,,
902,The Lovecats,en,m,685,Japanese Whispers,1983,6a276bf7-5f45-34ec-8276-a4362d4cc733,31,The Cure,gb,69ee3720-a7cb-4402-b48d-a02c366f2bcf,,,,
903,Smooth Criminal,en,m,95,Bad,1987,a5711a77-42d1-3f4c-830c-e27a96f0800f,86,Michael Jackson,us,f27ec8db-af05-4f36-916e-3d57f91ecf5e,,,,
904,Naar de wuppe,nl,m,686,Calais,2016,e0e2251d-a86a-4d9c-9e3e-75081b026ee1,284,Het Zesde Metaal,be,674ae793-ab49-4c56-b5c1-889b601ec06e,,,,
905,Somebody Told Me,en,m,243,Hot Fuss,2004,e8c09b4e-33ae-368b-8f70-24b4e14fb9ad,168,The Killers,us,95e1ead9-4d31-4808-a7ac-32c3614c116b,,,,
906,School,en,m,687,Crime of the Century,1974,c3749af5-0d0c-3ed1-b1c0-8b4a8f6c3436,401,Supertramp,gb,d2ff6b6b-fc30-48dc-8952-06f9d8fc64f8,,,,
907,Candy,en,m,688,Sunny Side Up,2009,b9b923ff-61e1-4773-9f2d-101095717ddd,287,Paolo Nutini,gb,24ea074c-59cc-41c5-a5de-f68c2952965f,,,,
908,Angel,en,m,116,Mezzanine,1998,6f9f6899-c0d3-311d-ae87-a10ae6bc53a9,82,Massive Attack,gb,10adbe5e-a2c0-4bf3-8249-2b4cbf6e6ca8,,,,
909,Orange Crush,en,m,689,Green,1988,16a9cef3-b470-3ae1-bf10-cc04232d3e21,111,R.E.M.,us,ea4dfa26-f633-4da6-a52a-f49ea4897b58,,,,
910,Summertime,en,f,281,Cheap Thrills,1968,"02de8887-e93b-3ea6-8b6d-de072a159bba",198,Big Brother and the Holding Company,us,3cf5a3be-25ef-4408-98fe-e66fee536be1,,,,
911,Impossible Germany,en,m,690,Sky Blue Sky,2007,1aa7ce82-1b74-3f83-b426-531edf4d4284,312,Wilco,us,9e53f84d-ef44-4c16-9677-5fd4d78cbd7d,,,,
912,Read My Mind,en,m,691,Sam's Town,2006,e5ae2682-f6cb-327d-9e5e-8e055fb5b094,168,The Killers,us,95e1ead9-4d31-4808-a7ac-32c3614c116b,,,,
913,Linger,en,f,692,"Everybody Else Is Doing It, So Why Can't We?",1993,e6b486b3-68e7-331c-a078-94fd71d61877,27,The Cranberries,ie,c98d40fd-f6cf-4b26-883e-eaa515ee2851,,,,
914,Savior,en,m,693,Appeal to Reason,2008,"0b0e4477-4b04-3683-8f01-3a4544c36b41",402,Rise Against,us,606bf117-494f-4864-891f-09d63ff6aa4b,,,,
915,1979,en,m,193,Mellon Collie and the Infinite Sadness,1995,1af599c9-0b44-3a5a-a06b-39e8db6b2b4e,129,The Smashing Pumpkins,us,ba0d6274-db14-4ef5-b28d-657ebde1a396,,,,
916,Tougher Than the Rest,en,m,625,Tunnel of Love,1987,b3559cb2-d7ad-32eb-a17e-54a873ce4122,20,Bruce Springsteen,us,70248960-cb53-4ea4-943a-edb18f7d336f,,,,
917,T-shirt van Metallica,nl,m,694,Helgië,2016,a0048f2f-c23a-4604-a544-abfc04ee1ea4,403,Fleddy Melculy,be,,,,,
919,Being Boiled,en,m,696,Travelogue,1980,e30d6387-674f-3489-8b57-138735f5f9cf,405,The Human League,gb,7adaabfb-acfb-47bc-8c7c-59471c2f0db8,,,,
920,Candy,en,x,697,Brick by Brick,1990,543e2da9-5ecc-3812-a15c-01cf2baeb5db,57,Iggy Pop,us,f37b3f31-b1f8-4b88-8cb5-b34f709b17d7,,,,
921,I Will Wait,en,m,698,Babel,2012,9bc0a481-57e5-4d16-bb9c-049a974cc2b2,265,Mumford & Sons,gb,c44e9c22-ef82-4a77-9bcd-af6c958446d6,,,,
923,Ghost Division,en,m,700,The Art of War,2008,e621d007-031d-331a-8aea-fe81d2b8b853,250,Sabaton,se,39a31de6-763d-48b6-a45c-f7cfad58ffd8,,,,
924,Blackstar,en,m,701,Blackstar,2016,1fd18f5b-9a92-41fd-a590-da6b5cc60d85,32,David Bowie,gb,5441c29d-3602-4898-b1a1-b77fa23b8e50,,,,
925,Stargazer,en,m,702,Rising,1976,66576223-2647-37df-b6c2-746fc35c1a41,406,Rainbow,gb,e3cb4543-210f-499a-b0d1-3882c312dfb9,,,,
926,Svefn-g-englar,is,m,703,Ágætis byrjun,1999,62b427b8-1c52-34e7-b250-da2aa3e44860,407,Sigur Rós,is,f6f2326f-6b25-4170-b89d-e235b25508e8,,,,
927,Break Stuff,en,m,704,Significant Other,1999,2234d0c4-5ee5-3388-8baa-49bcb23ebbbd,408,Limp Bizkit,us,8f9d6bb2-dba4-4cca-9967-cc02b9f4820c,,,,
929,Wasted Years,en,m,706,Somewhere in Time,1986,a5fe4d2d-3aab-3e86-91ad-22a3fe16c4f2,184,Iron Maiden,gb,ca891d65-d9b0-4258-89f7-e6ba29d83767,,,,
899,Run,en,m,682,Final Straw,2003,eefd9e7b-d805-3e47-935f-9157dc72ae2a,271,Snow Patrol,gb,a66999a7-ae5c-460e-ba94-1a01143ae847,,,,
918,Son of a Preacher Man,en,f,695,Dusty in Memphis,1969,aac8700b-8f62-30fc-ac2a-23b6cb37e3c3,404,Dusty Springfield,gb,b896aa8c-2761-40ce-b485-0e1fffd26167,,,,
930,Someday,en,m,707,Is This It,2001,efea26d1-a016-30f6-b8e2-bc8c02336b0a,410,The Strokes,us,f181961b-20f7-459e-89de-920ef03c7ed0,,,,
931,Zanna,en,x,708,The Ship,1984,,411,Luc Van Acker & Anna Domino,be,,,,,
932,Estupendo,en,m,709,Lotuk,2008,ab683618-be9c-3384-9aa7-a6339e20de5f,262,Arsenal,be,8d834b78-b9dd-4241-8f70-98b963eded68,,,,
933,Someone Somewhere in Summertime,en,m,185,New Gold Dream (81-82-83-84),1982,c7126542-56ab-3d15-8a86-9caf5b3d4de1,124,Simple Minds,gb,f41490ce-fe39-435d-86c0-ab5ce098b423,,,,
934,Ms. Jackson,en,m,710,Stankonia,2000,"00d2cd53-21c9-3738-b683-56847b7b0040",412,Outkast,us,73fdb566-a9b1-494c-9f32-51768ec9fd27,,,,
935,Locomotive Breath,en,m,711,Aqualung,1971,204cc47e-2e1a-3877-8e1e-d14bfffd19aa,413,Jethro Tull,gb,ece57992-dc2e-4f67-a269-fa43626c1a3d,,,,
936,Porch,en,m,138,Ten,1991,cea5d18a-1924-3cda-bebc-38933834b25d,94,Pearl Jam,us,83b9cbe7-9857-49e2-ab8e-b57b01038103,,,,
937,Map of the Problematique,en,m,238,Black Holes and Revelations,2006,af2e8e23-e9c3-4e67-8ad8-66387c5898fd,164,Muse,gb,9c9f1380-2516-4fc9-a3e6-f9f61941d090,,,,
938,The Rising,en,m,712,The Rising,2002,d19453c0-cd72-3468-b110-0f898c111e5e,20,Bruce Springsteen,us,70248960-cb53-4ea4-943a-edb18f7d336f,,,,
939,Time Is Running Out,en,m,435,Absolution,2003,6f151223-f3a3-3e57-810f-598f7897006c,164,Muse,gb,9c9f1380-2516-4fc9-a3e6-f9f61941d090,,,,
940,Atomic,en,f,713,Eat to the Beat,1979,d3d9f1bb-8b4b-3bc0-b544-dd3c8b776fec,304,Blondie,us,4d2956d1-a3f7-44bb-9a41-67563e1a0c94,,,,
941,Helter Skelter,en,m,415,The Beatles (White Album),1968,"055be730-dcad-31bf-b550-45ba9c202aa3",12,The Beatles,gb,b10bbbfc-cf9e-42e0-be17-e2c3e1d2600d,,,,
942,Tribute,en,m,714,Tenacious D,2001,a1369e69-ceb7-3d23-9e19-4c76157b3cad,414,Tenacious D,us,148ddea2-6839-4354-8e2c-5dfadf136b7f,,,,
943,Shiny Happy People,en,m,157,Out of Time,1991,400a5fdd-e616-3598-a9bf-cd8275cb53d0,111,R.E.M.,us,ea4dfa26-f633-4da6-a52a-f49ea4897b58,,,,
944,Give It Away,en,m,166,Blood Sugar Sex Magik,1991,68bee70d-b425-3813-aca7-dd7b912c3d11,109,Red Hot Chili Peppers,us,8bfac288-ccc5-448d-9573-c33ea2aa5c30,,,,
945,Doo Wop (That Thing),en,f,715,The Miseducation of Lauryn Hill,1998,8691d12c-abd8-385c-b1eb-d841190124f7,415,Lauryn Hill,us,e8414012-4a1c-4ad4-be5e-fc55294e28cc,,,,
946,Angels,en,f,716,Coexist,2012,a862b364-6b65-4b6f-945f-6f4f1258411a,363,The xx,gb,c5c2ea1c-4bde-4f4d-bd0b-47b200bf99d6,,,,
947,Too Many Puppies,en,m,717,Frizzle Fry,1990,8632863d-318a-3dd7-8f33-2d292a44a2c8,416,Primus,us,84dc4f23-c0b8-4fe1-bbca-a3993ddc8fc2,,,,
948,Killing Me Softly with His Song,en,f,718,The Score,1996,dd2203dd-a149-316b-ad7f-a303dc4fc459,417,Fugees,us,ea321799-9b1d-4e74-a074-a5facf597d82,,,,
949,Teenage Dirtbag,en,m,719,Wheatus,2000,fb01130b-322d-3bb0-b55c-0bb510f3b4b3,418,Wheatus,us,741a2892-1c5d-402f-a769-2096356c77d7,,,,
950,Kids,en,m,720,Oracular Spectacular,2007,f7da2770-bf72-3dea-8904-ff6135822724,419,MGMT,us,c485632c-b784-4ee9-8ea1-c5fb365681fc,,,,
951,Simple Man,en,m,405,(Pronounced 'Leh-'Nérd 'Skin-'Nérd),1973,33446893-8c9f-30b6-aa73-d719df371430,261,Lynyrd Skynyrd,us,c544ed4d-2390-4442-a83e-1ea2883b09c8,,,,
952,You'll Never Walk Alone,en,m,721,How Do You Like It?,1963,74c93faa-e907-339b-bd22-235448de3eb6,420,Gerry & The Pacemakers,gb,fe5fb618-2f8b-4158-92b6-464f31672bca,,,,
953,How You Remind Me,en,m,722,Silver Side Up,2001,f35498a6-e3a4-3834-b243-8a67d3d1f88c,421,Nickelback,ca,bc710bcf-8815-42cf-bad2-3f1d12246aeb,,,,
954,Somewhere Only We Know,en,m,723,Hopes and Fears,2004,b74d25cf-dcb5-3d19-992c-964fc0c72ba7,422,Keane,gb,c7020c6d-cae9-4db3-92a7-e5c561cbad50,,,,
956,Given to Fly,en,m,725,Yield,1998,e88ee520-a5d1-40bd-84d4-649974435492,94,Pearl Jam,us,83b9cbe7-9857-49e2-ab8e-b57b01038103,,,,
957,She’s Always a Woman,en,m,726,The Stranger,1977,735bcee6-6be6-3957-af15-d21ba2bd355b,13,Billy Joel,us,64b94289-9474-4d43-8c93-918ccc1920d1,,,,
958,The Winner Takes It All,en,f,727,Super Trouper,1980,24944755-2f68-3778-974e-f572a9e30108,4,ABBA,se,d87e52c5-bb8d-4da8-b941-9f4928627dc8,,,,
959,Englishman in New York,en,m,728,...Nothing Like the Sun,1987,ec048bb5-1fc3-32a7-b560-c07ddd0df544,424,Sting,gb,7944ed53-2a58-4035-9b93-140a71e41c34,,,,
960,Gabriel,en,f,729,What Sound,2001,a8adc5f5-b343-40d8-b9a2-7998e9ef5cc3,74,Lamb,gb,"0d4bc6e5-2a3e-4fdf-8bbf-59ad0bc374d7",,,,
961,Jeanny,de,m,730,Falco 3,1985,b57bc440-df3e-333e-b60a-e1db9a13b9a6,425,Falco,at,dcd95aa4-f3ff-492d-a621-8518ada0f58b,,,,
962,Psychosocial,en,m,731,All Hope Is Gone,2008,6a75b970-84c9-3794-bafd-261f82f1343c,128,Slipknot,us,a466c2a2-6517-42fb-a160-1087c3bafd9f,,,,
963,Lotuk,en,m,709,Lotuk,2008,ab683618-be9c-3384-9aa7-a6339e20de5f,262,Arsenal,be,8d834b78-b9dd-4241-8f70-98b963eded68,,,,
964,We Come 1,en,m,732,Outrospective,2001,1e3189ae-3ae5-3e66-9064-b69c26b98999,44,Faithless,gb,23d9d74d-c95e-46a6-be26-a6075c49747a,,,,
965,When You Were Young,en,m,691,Sam's Town,2006,e5ae2682-f6cb-327d-9e5e-8e055fb5b094,168,The Killers,us,95e1ead9-4d31-4808-a7ac-32c3614c116b,,,,
966,"He's Simple, He's Dumb, He's the Pilot",en,m,733,The Sophtware Slump,2000,1feb6a47-2725-3f26-9762-3dc0ecffe4de,426,Grandaddy,us,9d4c4835-c71a-4647-a4fc-263e26832cd0,,,,
967,Why'd You Only Call Me When You're High?,en,m,272,AM,2013,a348ba2f-f8b3-4686-b928-e63d8d94d543,174,Arctic Monkeys,gb,ada7a83c-e3e1-40f1-93f9-3e73dbc9298a,,,,
968,Reptilia,en,m,734,Room on Fire,2003,1e9db573-5671-301f-87fc-846a605fe35b,410,The Strokes,us,f181961b-20f7-459e-89de-920ef03c7ed0,,,,
969,Le vent nous portera,fr,m,735,Des visages des figures,2001,fb9ef440-6e16-318a-95a8-7f706688967a,427,Noir Désir,fr,e6358374-5eea-4205-be22-382ed6df493c,543,Manu Chao,fr,7570a0dd-5a67-401b-b19a-261eee01a284
970,You Want It Darker,en,m,736,You Want It Darker,2016,99599db8-0e36-4a93-b0e8-350e9d7502a9,189,Leonard Cohen,ca,65314b12-0e08-43fa-ba33-baaa7b874c15,,,,
971,Scar Tissue,en,m,167,Californication,1999,ca5dfcc3-83fb-3eee-9061-c27296b77b2c,109,Red Hot Chili Peppers,us,8bfac288-ccc5-448d-9573-c33ea2aa5c30,,,,
1750,The Reason,en,m,1235,The Reason,2003,a15cf3f5-5ca1-39dc-9d1d-7c3aefc530bd,666,Hoobastank,us,2fa0d3ac-b64c-401a-b0a1-4915ba6cc157,,,,
972,Lazarus,en,m,701,Blackstar,2016,1fd18f5b-9a92-41fd-a590-da6b5cc60d85,32,David Bowie,gb,5441c29d-3602-4898-b1a1-b77fa23b8e50,,,,
973,Touch Me,en,m,737,The Soft Parade,1969,cf90c9a0-4831-3d30-a545-ed77308e807b,37,The Doors,us,9efff43b-3b29-4082-824e-bc82f646f93d,,,,
974,Knockin' on Heaven's Door,en,m,821,Use Your Illusion II,1991,617c9f00-9488-3a70-a994-9de312541617,55,Guns n' Roses,us,eeb1195b-f213-4ce1-b28c-8565211f8e43,,,,
975,Bring Me to Life,en,f,317,Fallen,2003,2187d248-1a3b-35d0-a4ec-bead586ff547,218,Evanescence,us,f4a31f0a-51dd-4fa7-986d-3095c40c5ed9,,,,
976,Suck My Energy,en,m,440,Unsafe,1994,f75225fe-5fec-3693-b611-2c484399c884,278,Channel Zero,be,"08003348-b873-4b22-91af-c1592cdf2f08",,,,
977,Saudade,pt,m,738,Outsides,2005,f1124bfe-e0be-3594-8a03-c2f305d6536f,262,Arsenal,be,8d834b78-b9dd-4241-8f70-98b963eded68,,,,
978,Breathe You in My Dreams,en,f,739,Fourth Corner,2013,8af267df-3ff3-4cff-bc37-0b4d0392f4b9,428,Trixie Whitley,be,9207ea60-81f9-401d-af2c-940506d19452,,,,
979,Heaven nor Hell,en,m,626,Beyond Hell / Above Heaven,2010,e0d5936f-306e-492a-abb9-56cd877b30a2,224,Volbeat,dk,4753fcb7-9270-493a-974d-8daca4e49125,,,,
980,Love Like Blood,en,m,740,Night Time,1985,11851270-b38e-3d60-a3ae-972a1e98d326,429,Killing Joke,gb,f5aca88c-e3c1-4bc2-af33-68a9a9f7b56a,,,,
981,Little Green Bag,en,m,741,Little Green Bag,1970,5741114c-b375-385e-8c31-8c3b255e99ab,430,George Baker Selection,nl,b46d30ff-f8ee-467e-8650-c58b6b47053a,,,,
982,Daydream,en,m,742,Laughing Cavalier,1969,4de6559d-d64c-41a2-8cde-896a4d36e4ab,431,Wallace Collection,be,cefba826-a2b1-43e9-ab52-49b1ba44a875,,,,
983,Mardy Bum,en,m,252,"Whatever People Say I Am, That's What I'm Not",2006,6c9c4985-3628-3070-b956-b538f30c9bea,174,Arctic Monkeys,gb,ada7a83c-e3e1-40f1-93f9-3e73dbc9298a,,,,
984,Such a Shame,en,m,602,It's My Life,1984,84cf35fd-adb5-3fdd-9eec-8535b134be13,343,Talk Talk,gb,a74f43e4-50c4-4b19-a2ce-c05ce9bccb03,,,,
985,Dani California,en,m,390,Stadium Arcadium,2006,19181d75-deda-366e-ace5-622293be9ef0,109,Red Hot Chili Peppers,us,8bfac288-ccc5-448d-9573-c33ea2aa5c30,,,,
986,Beat It,en,m,94,Thriller,1982,f32fab67-77dd-3937-addc-9062e28e4c37,86,Michael Jackson,us,f27ec8db-af05-4f36-916e-3d57f91ecf5e,,,,
987,I Would Die 4 U,en,m,151,Purple Rain,1984,b93a7c47-a6d4-33f2-9034-53fdd991f4ba,101,Prince,us,"070d193a-845c-479f-980e-bef15710653e",,,,
988,Gigantic,en,m,143,Surfer Rosa,1988,74e36cbc-a747-3ebf-a60e-51e656c87741,99,Pixies,us,b6b2bb8d-54a9-491f-9607-7b546023b433,,,,
989,Sirens,en,m,743,Lightning Bolt,2013,681bb7dc-fa32-4f38-9e01-582ac8c91706,94,Pearl Jam,us,83b9cbe7-9857-49e2-ab8e-b57b01038103,,,,
991,Rehab,en,f,263,Back to Black,2006,6eac2e57-ee50-36f8-b0c4-c4c847a2c098,188,Amy Winehouse,gb,dfe9a7c4-8cf2-47f4-9dcb-d233c2b86ec3,,,,
992,No Surprises,en,m,161,OK Computer,1997,b1392450-e666-3926-a536-22c65f834433,104,Radiohead,gb,a74b1b7f-71a5-4011-9441-d0b5e4122711,,,,
993,Rags 'n' Run,en,m,745,Admiral Freebee,2003,25149750-ce5a-3ed2-9d2c-b99ee0cde95d,432,Admiral Freebee,be,"0af18ce6-668a-4f80-8d56-5c56eee2302d",,,,
994,You Can't Always Get What You Want,en,m,474,Let It Bleed,1969,784c0edd-0f37-33a2-9ca5-dff87b4f999c,113,The Rolling Stones,gb,b071f9fa-14b0-4217-8e97-eb41da73f598,,,,
995,Take On Me,en,m,746,Hunting High and Low,1985,af7347df-ef5a-3c41-826d-d884f8916c17,433,a-ha,no,7364dea6-ca9a-48e3-be01-b44ad0d19897,,,,
996,Purple Haze,en,m,88,Are You Experienced,1967,da40e720-2097-3730-8a7f-0c2ddbff4a96,62,Jimi Hendrix,us,"06fb1c8b-566e-4cb2-985b-b467c90781d4",,,,
997,Edge of Seventeen,en,f,747,Bella Donna,1981,87c584fc-02a5-34f8-a492-85c20de4835d,434,Stevie Nicks,us,b7f2cca2-72c6-41fb-ae33-53370fc62fe7,,,,
999,Swedish Designer Drugs,en,m,748,Bridge Burner,2002,"0b393d82-fd2f-3aa0-a4f2-92c15d1117f5",161,Daan,be,38a9dd50-aafd-491f-a7ea-29a07ea9ecfa,,,,
1000,Wild Is the Wind,en,m,515,Station to Station,1976,686cdbd1-b400-32d8-8cb8-9317a2e41a58,32,David Bowie,gb,5441c29d-3602-4898-b1a1-b77fa23b8e50,,,,
1001,Wild Horses,en,m,749,Sticky Fingers,1971,4a4213d0-f224-3d51-bcca-476f61162681,113,The Rolling Stones,gb,b071f9fa-14b0-4217-8e97-eb41da73f598,,,,
1002,Ready or Not,en,x,718,The Score,1996,dd2203dd-a149-316b-ad7f-a303dc4fc459,417,Fugees,us,ea321799-9b1d-4e74-a074-a5facf597d82,,,,
1003,Bed of Roses,en,m,750,Keep the Faith,1992,"0e2ccac6-fd7b-3b8e-8dfe-07b56b61cb29",273,Bon Jovi,us,5dcdb5eb-cb72-4e6e-9e63-b7bace604965,,,,
1004,Daughter,en,m,751,Vs.,1993,50ac60c4-fb35-37f8-a065-222996ea139c,94,Pearl Jam,us,83b9cbe7-9857-49e2-ab8e-b57b01038103,,,,
1005,Icon,en,m,752,Manhay,2009,7f0df2d1-7ee6-3f58-9fa1-26bb82debcb5,161,Daan,be,38a9dd50-aafd-491f-a7ea-29a07ea9ecfa,,,,
1006,Bette Davis Eyes,en,f,753,Mistaken Identity,1981,d89b92f6-ebf7-3285-b3b0-968e7816e31a,435,Kim Carnes,us,600c5212-a8e6-458e-bd3f-78b6fbfe329a,,,,
1007,Know Your Enemy,en,m,163,Rage Against the Machine,1992,1305859b-8937-397f-9c33-39f62eb672fb,105,Rage Against the Machine,us,3798b104-01cb-484c-a3b0-56adc6399b80,,,,
1008,Walk,en,m,754,Vulgar Display of Power,1992,814e0b20-6884-31c5-9d99-d215f048cfd6,366,Pantera,us,541f16f5-ad7a-428e-af89-9fa1b16d3c9c,,,,
1009,Wake Up,en,m,239,Funeral,2004,"05affa96-5959-32da-8d75-1c9eb985ca59",165,Arcade Fire,ca,52074ba6-e495-4ef3-9bb4-0703888a9f68,,,,
1010,Tim,nl,m,755,Alles is nog bij het oude,1975,,211,Wim De Craene,be,9c5e89b8-16d7-4690-ac9b-6f42980da0d2,,,,
1011,Monkey Wrench,en,m,241,The Colour and the Shape,1997,7822977a-984d-358d-823f-426139c0eaba,167,Foo Fighters,us,67f66c07-6e61-4026-ade5-7e782fad3a5d,,,,
1012,The Kids Aren't Alright,en,m,756,Americana,1998,fb43ac3a-8d28-3686-8653-bbf15a5e4389,93,The Offspring,us,23a03e33-a603-404e-bcbf-2c00159d7067,,,,
1013,Rammstein,de,m,757,Herzeleid,1995,806eb9e1-06c6-385e-bf04-f3c5e2b4a6be,229,Rammstein,de,b2d122f9-eadb-4930-a196-8f221eeb0c66,,,,
1015,The Time Is Now,en,f,758,Things to Make and Do,2000,"03ceccf5-3815-3cc4-ad58-7e83518c69ab",436,Moloko,gb,2f94016a-3880-4d8c-9af9-0e197ee77189,,,,
1016,Stand by Me,en,f,759,Songs From Final Fantasy XV,2016,"0228d741-752b-4f9d-b2e5-8ba5ce5d8d6e",243,Florence + the Machine,gb,5fee3020-513b-48c2-b1f7-4681b01db0c6,,,,
1064,Yellow Ledbetter,en,m,785,Jeremy,1992,25306552-dbcf-3a6f-ab38-eecd982e9ab2,94,Pearl Jam,us,83b9cbe7-9857-49e2-ab8e-b57b01038103,,,,
998,Black Dog,en,m,108,Led Zeppelin IV,1971,2e61da88-39e9-3473-81d2-c964cb394952,75,Led Zeppelin,gb,678d88b2-87b0-403b-b63d-5da7465aecc3,,,,
1017,We Didn't Start the Fire,en,m,760,Storm Front,1989,2b749a86-14bf-3b42-bdcf-3cc44d9bd338,13,Billy Joel,us,64b94289-9474-4d43-8c93-918ccc1920d1,,,,
1018,Wrong Side of Heaven,en,m,761,"The Wrong Side of Heaven and the Righteous Side of Hell, Volume 1",2013,488b457e-e9b0-4bc5-a0b8-200eec10955e,437,Five Finger Death Punch,us,7e8571b1-7c5a-4739-bc51-73d422ee9d74,,,,
1020,Crying Lightning,en,m,594,Humbug,2009,23b7e9e9-8820-4a49-b44f-a7a60e0a7e81,174,Arctic Monkeys,gb,ada7a83c-e3e1-40f1-93f9-3e73dbc9298a,,,,
1021,Brown Eyed Girl,en,m,762,Blowin' Your Mind!,1967,c89a3194-d0bb-3089-a538-f0b782ca4395,438,Van Morrison,gb,a41ac10f-0a56-4672-9161-b83f9b223559,,,,
1022,Intro,i,i,605,xx,2009,23355caf-a543-4b5f-80fe-449101868fc1,363,The xx,gb,c5c2ea1c-4bde-4f4d-bd0b-47b200bf99d6,,,,
1023,California Dreamin',en,m,763,If You Can Believe Your Eyes and Ears,1966,6399b0c8-a1a0-3674-92b5-585a574fdf20,439,The Mamas & the Papas,us,ff294730-0315-440d-a543-54005779c15b,,,,
1024,Shadowplay,en,m,580,Unknown Pleasures,1979,42352def-1aab-3000-b548-895ebd869cb6,67,Joy Division,gb,9a58fda3-f4ed-4080-a3a5-f457aac9fcdd,,,,
1025,Radio Ga Ga,en,m,346,The Works,1984,44c90c72-76b5-3c13-890e-3d37f21c10c9,103,Queen,gb,"0383dadf-2a4e-4d10-a46a-e9e041da8eb3",,,,
1026,Patience,en,m,1677,G N' R Lies,1988,b1b42d92-bbd0-349d-b2f8-ee4e6ef1bd9c,55,Guns n' Roses,us,eeb1195b-f213-4ce1-b28c-8565211f8e43,,,,
1027,Mercedes Benz,en,f,764,Pearl,1971,99878359-e736-3cdc-a225-548ad17d1c76,440,Janis Joplin,us,76c9a186-75bd-436a-85c0-823e3efddb7f,,,,
1028,Oh Darkness,en,m,765,Songs,2005,40b88418-0e77-3aa9-96cf-2bf7c7083b16,432,Admiral Freebee,be,"0af18ce6-668a-4f80-8d56-5c56eee2302d",,,,
1029,On Melancholy Hill,en,m,766,Plastic Beach,2010,5a676824-18cd-4f7f-89f0-df21623e2042,230,Gorillaz,gb,e21857d5-3256-4547-afb3-4b6ded592596,,,,
1030,No Shuffle,en,m,767,No Comment,1984,85b02c0c-dc36-3de5-82cf-6ddbf7ad9fd7,274,Front 242,be,8fb6c00f-61d8-4f27-98f9-53e1ba481626,,,,
1031,Mykonos,en,m,768,Sun Giant,2008,5d48f82c-08c5-3df9-814c-2a4f8c1ad554,441,Fleet Foxes,us,fa97dd36-1b82-43d7-a6e4-2adeafd59cef,,,,
1032,Beds Are Burning,en,m,769,Diesel and Dust,1987,31627a1a-3bc8-3da1-b106-d264ea4ac339,442,Midnight Oil,au,"05072650-4b05-4e8b-83d0-dba2576e306a",,,,
1033,Morning Glory,en,m,135,(What's the Story) Morning Glory?,1995,cc7e6348-cc55-31fa-aeb2-748a46a81cb3,92,Oasis,gb,39ab1aed-75e0-4140-bd47-540276886b60,,,,
1035,Last Nite,en,m,707,Is This It,2001,efea26d1-a016-30f6-b8e2-bc8c02336b0a,410,The Strokes,us,f181961b-20f7-459e-89de-920ef03c7ed0,,,,
1036,Welcome Home (Sanitarium),en,m,122,Master of Puppets,1986,3d00fb45-f8ab-3436-a8e1-b4bfc4d66913,85,Metallica,us,65f4f0c5-ef9e-490c-aee3-909e7ae6b2ab,,,,
1037,Close to Me,en,m,286,The Head on the Door,1985,cf5d6187-e43b-3848-ba51-8ec1df3d97e3,31,The Cure,gb,69ee3720-a7cb-4402-b48d-a02c366f2bcf,,,,
1038,Big Love,en,m,278,Tango in the Night,1987,680b3cd8-426b-3112-bcf3-42cd66f75fa9,46,Fleetwood Mac,gb,bd13909f-1c29-4c27-a874-d4aaf27c5b1a,,,,
1039,Everybody Wants to Rule the World,en,m,770,Songs from the Big Chair,1985,475946e9-4b00-3f7c-9bd7-c11f55740262,443,Tears for Fears,gb,7c7f9c94-dee8-4903-892b-6cf44652e2de,,,,
1040,Burning Down the House,en,m,206,Speaking in Tongues,1983,8a7a9db3-f87b-37d5-96a6-67485a8792e6,137,Talking Heads,us,a94a7155-c79d-4409-9fcf-220cb0e4dc3a,,,,
1041,Jump,en,m,771,1984,1984,5846f0c9-fec3-3b9e-a77c-fbe9a7bdf0e7,444,Van Halen,us,b665b768-0d83-4363-950c-31ed39317c15,,,,
1043,Waltz #2 (XO),en,m,773,XO,1998,5672afcd-18af-4c38-a62a-6a7d76f7e529,446,Elliott Smith,us,"03ad1736-b7c9-412a-b442-82536d63a5c4",,,,
1044,You Give Love a Bad Name,en,m,425,Slippery When Wet,1986,f07346e6-c889-33b8-83c8-ad987d7b14f6,273,Bon Jovi,us,5dcdb5eb-cb72-4e6e-9e63-b7bace604965,,,,
1045,I Miss You,en,m,774,Blink-182,2003,"04e0cb66-e8ee-38b9-863d-b4f21dee887d",393,Blink-182,us,"0743b15a-3c32-48c8-ad58-cb325350befa",,,,
1046,Winning,en,m,775,From the Lions Mouth,1981,136274f0-7d87-34f4-9a99-871b70ebde47,447,The Sound,gb,b2c36d47-e5e3-4ac8-a967-10e0265d3fff,,,,
1047,Rosanna,en,m,275,Toto IV,1982,"0d70d25f-a64a-3eed-8b26-13fe068a4519",194,Toto,us,aab5c954-cabe-432e-899e-1c4f99757327,,,,
1048,Numb / Encore,en,m,776,Collision Course,2004,8ef859e3-feb2-4dd1-93da-22b91280d768,350,Jay-Z,us,f82bcf78-5b69-4622-a5ef-73800768d9ac,191,Linkin Park,us,f59c5520-5f46-4d2c-b2c4-822eabf53419
1049,Idioteque,en,m,777,Kid A,2000,e75c0549-ad55-39e3-8025-c72c5d4a3c5d,104,Radiohead,gb,a74b1b7f-71a5-4011-9441-d0b5e4122711,,,,
1050,Teen Age Riot,en,m,778,Daydream Nation,1988,24769a99-8189-3d8c-947e-dbc8574dad5c,316,Sonic Youth,us,5cbef01b-cc35-4f52-af7b-d0df0c4f61b9,,,,
1051,Hells Bells,en,m,400,Back in Black,1980,d3bc1a64-7561-3787-b680-0003aa50f8f1,5,AC/DC,au,66c662b6-6e2f-4930-8610-912e24c63ed1,,,,
1052,All I Need,en,f,779,Moon Safari,1998,b0bf2b77-b8cf-32f6-8893-9741d757b400,448,Air,fr,cb67438a-7f50-4f2b-a6f1-2bb2729fd538,,,,
1053,Runnin' with the Devil,en,m,780,Van Halen,1978,43a0e8b5-6059-397f-81e6-b8df5a648496,444,Van Halen,us,b665b768-0d83-4363-950c-31ed39317c15,,,,
1054,Song to Say Goodbye,en,m,781,Meds,2006,90bf604b-bde5-3b45-bfd0-ba775be89986,213,Placebo,gb,847e8284-8582-4b0e-9c26-b042a4f49e57,,,,
1055,Estranged,en,m,821,Use Your Illusion II,1991,617c9f00-9488-3a70-a994-9de312541617,55,Guns n' Roses,us,eeb1195b-f213-4ce1-b28c-8565211f8e43,,,,
1056,Heist aan Zee,nl,m,782,Het plaatje van Bart Peeters,2003,5f478686-d574-3ea9-bbbd-378de1d69523,449,Bart Peeters,be,6cbddeda-39b0-4d89-90e1-b2f21295b3d0,,,,
1057,Rape Me,en,m,131,In Utero,1993,2a0981fb-9593-3019-864b-ce934d97a16e,90,Nirvana,us,5b11f4ce-a62d-471e-81fc-a69a8278c7da,,,,
1058,The Cave,en,m,411,Sigh No More,2009,e098b168-2395-4be9-9bfa-ed6e8b488182,265,Mumford & Sons,gb,c44e9c22-ef82-4a77-9bcd-af6c958446d6,,,,
1059,Eleanor Rigby,en,m,783,Revolver,1966,72d15666-99a7-321e-b1f3-a3f8c09dff9f,12,The Beatles,gb,b10bbbfc-cf9e-42e0-be17-e2c3e1d2600d,,,,
1060,Forever Young,en,m,784,Forever Young,1984,bd021fbe-fbe9-3564-96c7-14de208de37f,450,Alphaville,de,31aa6f87-8d00-4ae9-a5cc-6d7eeea109d2,,,,
1061,Intervention,en,m,354,Neon Bible,2007,c091b282-aa91-3bc0-9c95-938db1f1f930,165,Arcade Fire,ca,52074ba6-e495-4ef3-9bb4-0703888a9f68,,,,
1062,Pain,en,m,506,A Deeper Understanding,2017,a08e02b3-f076-42c2-9a6a-374e15eda4fe,196,The War on Drugs,us,87b9b3b8-ab93-426c-a200-4012d667a626,,,,
1063,Cosmic Love,en,f,367,Lungs,2009,50fe703f-173e-496a-9155-b2a495d704e5,243,Florence + the Machine,gb,5fee3020-513b-48c2-b1f7-4681b01db0c6,,,,
1019,Feuer frei!,en,f,338,Mutter,2001,833a9e1a-62c0-32f6-ab47-7797c4d83b07,229,Rammstein,de,b2d122f9-eadb-4930-a196-8f221eeb0c66,,,,
1065,Anja,nl,m,83,Gorky,1992,77309866-f3e5-3c28-98d9-d04a59417d46,52,Gorki,be,2fd1f1f6-9b93-49c5-85f8-64ab5d72bf59,,,,
1066,The Less I Know the Better,en,m,772,Currents,2015,"08aa7a6c-3e43-4459-87b2-e47faf3a088a",445,Tame Impala,au,63aa26c3-d59b-4da4-84ac-716b54f1ef4d,,,,
1068,The Racing Rats,en,m,431,An End Has a Start,2007,8f01aa75-c576-3470-b661-b655223307eb,172,Editors,gb,"0efe858c-89e5-4e47-906a-356fa953fd6e",,,,
1069,Holocene,en,m,787,Bon Iver,2011,2cb36662-3560-4b90-a0a5-7924ac039490,315,Bon Iver,us,437a0e49-c6ae-42f6-a6c1-84f25ed366bc,,,,
1070,Terrible Love,en,m,253,High Violet,2010,1ce57f6a-62c8-4017-ad38-3339f542faae,181,The National,us,664c3e0e-42d8-48c1-b209-1efca19c0325,,,,
1071,Rearviewmirror,en,m,751,Vs.,1993,50ac60c4-fb35-37f8-a065-222996ea139c,94,Pearl Jam,us,83b9cbe7-9857-49e2-ab8e-b57b01038103,,,,
1072,Ain't No Mountain High Enough,en,x,788,United,1967,"069ee10c-f694-36d9-91b0-2e1f405a9708",81,Marvin Gaye,us,afdb7919-059d-43c1-b668-ba1d265e7e42,466,Tammi Terrell,us,
1073,Human,en,m,789,Day & Age,2008,485b458c-7b4f-38c4-a113-aa4ea29c3d6d,168,The Killers,us,95e1ead9-4d31-4808-a7ac-32c3614c116b,,,,
1074,Suspicious Minds,en,m,790,From Elvis in Memphis,1969,2a753764-89d5-3b72-8dff-8c599f1ea925,41,Elvis Presley,us,"01809552-4f87-45b0-afff-2c6f0730a3be",,,,
1077,Deutschland,de,m,792,Rammstein,2019,e4d39d2e-9420-4007-881a-9b5bc23944e0,229,Rammstein,de,b2d122f9-eadb-4930-a196-8f221eeb0c66,,,,
1078,Roads,en,f,361,Dummy,1994,48140466-cff6-3222-bd55-63c27e43190d,238,Portishead,gb,8f6bd1e4-fbe1-4f50-aa9b-94c450ec0f11,,,,
1079,Ring of Fire,en,m,793,Ring of Fire: The Best of Johnny Cash,1963,5bf1dbe0-0d63-36ae-a3bb-8bd6172ce54b,187,Johnny Cash,us,d43d12a1-2dc9-4257-a2fd-0a3bb1081b86,,,,
1080,Pictures of You,en,m,334,Disintegration,1989,494bf606-d2f7-36d0-8340-eadad8601d2b,31,The Cure,gb,69ee3720-a7cb-4402-b48d-a02c366f2bcf,,,,
1081,She's Lost Control,en,m,580,Unknown Pleasures,1979,42352def-1aab-3000-b548-895ebd869cb6,67,Joy Division,gb,9a58fda3-f4ed-4080-a3a5-f457aac9fcdd,,,,
1082,Let There Be Rock,en,m,22,Let There Be Rock,1977,c9673ff0-15b5-394d-a5ec-3d2a27dfce83,5,AC/DC,au,66c662b6-6e2f-4930-8610-912e24c63ed1,,,,
1083,Dancing Barefoot,en,f,572,Wave,1979,412f2b72-9ab2-3033-a52f-e41bc5e595fa,226,Patti Smith,us,d135874d-9cae-4fef-97e3-36acbd9f5a26,,,,
1084,Soms vraagt een mens zich af,nl,m,83,Gorky,1992,77309866-f3e5-3c28-98d9-d04a59417d46,52,Gorki,be,2fd1f1f6-9b93-49c5-85f8-64ab5d72bf59,,,,
1085,All the Small Things,en,m,663,Enema of the State,1999,cd367c59-eb86-384b-bbc7-62f6d2d677b9,393,Blink-182,us,"0743b15a-3c32-48c8-ad58-cb325350befa",,,,
1086,Hedonism (Just Because You Feel Good),en,f,794,Stoosh,1996,cfd79ed2-d63b-3564-b3b4-75cfc2afd0cc,127,Skunk Anansie,gb,e212efdf-98b2-4dce-92ed-62cfc1e29854,,,,
1087,Duality,en,m,795,Vol. 3: The Subliminal Verses,2004,aa38e6f0-e748-35c8-a8d4-04ff660e9354,128,Slipknot,us,a466c2a2-6517-42fb-a160-1087c3bafd9f,,,,
1088,Diamonds on the Soles of Her Shoes,en,m,434,Graceland,1986,19847822-1430-3380-9cf1-bc45545b34ac,276,Paul Simon,us,"05517043-ff78-4988-9c22-88c68588ebb9",,,,
1090,Die Laughing,en,m,632,Troublegum,1994,a7fe04fa-0f36-3c18-9e63-25b55d33fca6,141,Therapy?,gb,85226286-349a-4046-8dcf-f75b32baa6b1,,,,
1091,Fly,en,m,797,New Lines,1980,1e94e826-cec3-3957-b308-503d6e613f13,453,Machiavel,be,88ecfc31-b618-4704-83f3-45e16b2433ba,,,,
1092,(Don't Fear) The Reaper,en,m,798,Agents of Fortune,1976,ec282fb2-4fc7-3bee-99ab-f11c6b821b55,454,Blue Öyster Cult,us,c7423e0c-ab3e-4ab4-be10-cdff5a9d3062,,,,
1093,American Idiot,en,m,347,American Idiot,2004,de9bf827-a9b0-348b-a7c9-556c03c3fb07,53,Green Day,us,"084308bd-1654-436f-ba03-df6697104e19",,,,
1094,Superstition,en,m,799,Talking Book,1972,58c6d809-bfa7-3b25-acf3-a99d53402b08,259,Stevie Wonder,us,1ee18fb3-18a6-4c7f-8ba0-bc41cdd0462e,,,,
1095,Here Comes Your Man,en,m,144,Doolittle,1989,1aa41b19-5a72-341b-bd91-4cf61d1dab6b,99,Pixies,us,b6b2bb8d-54a9-491f-9607-7b546023b433,,,,
1096,Welcome to the Black Parade,en,m,800,The Black Parade,2006,bcba43e7-2f72-3b60-b234-577e77fd2d9e,455,My Chemical Romance,us,c07f0676-9143-4217-8a9f-4c26bd636f13,,,,
1097,Common People,en,m,801,Different Class,1995,88f69eab-8f07-343b-847c-b944ad33dfcf,456,Pulp,gb,76b2e842-5e85-4c97-ab62-d5bc315595b5,,,,
1098,An End Has a Start,en,m,431,An End Has a Start,2007,8f01aa75-c576-3470-b661-b655223307eb,172,Editors,gb,"0efe858c-89e5-4e47-906a-356fa953fd6e",,,,
1099,Raining Blood,en,m,350,Reign in Blood,1986,dbf1b3c0-1efb-4e5f-9fe1-4c42b144aa24,233,Slayer,us,bdacc37b-8633-4bf8-9dd5-4662ee651aec,,,,
1100,One Step Closer,en,m,268,Hybrid Theory,2000,b5b4bb4b-8ba5-3acf-88cb-4cae2699d8da,191,Linkin Park,us,f59c5520-5f46-4d2c-b2c4-822eabf53419,,,,
1101,People Have the Power,en,f,802,Dream of Life,1988,92f0659b-0d81-3491-a2ad-6028ddcbd628,226,Patti Smith,us,d135874d-9cae-4fef-97e3-36acbd9f5a26,,,,
1102,Strangest Thing,en,m,506,A Deeper Understanding,2017,a08e02b3-f076-42c2-9a6a-374e15eda4fe,196,The War on Drugs,us,87b9b3b8-ab93-426c-a200-4012d667a626,,,,
1103,Nantes,en,m,803,The Flying Club Cup,2007,d12a6792-0f28-319a-ab2f-1dd40412f01e,457,Beirut,us,"0af78501-5647-4c18-9a0d-66ac8789e13b",,,,
1104,Arabella,en,m,272,AM,2013,a348ba2f-f8b3-4686-b928-e63d8d94d543,174,Arctic Monkeys,gb,ada7a83c-e3e1-40f1-93f9-3e73dbc9298a,,,,
1105,Beautiful Freak,en,m,495,Beautiful Freak,1996,119a9488-9980-3645-be68-f50210a35a26,183,Eels,us,14387b0f-765c-4852-852f-135335790466,,,,
1106,Your Latest Trick,en,m,62,Brothers in Arms,1985,b02f651e-32a1-30ae-bc23-070b59170278,36,Dire Straits,gb,614e3804-7d34-41ba-857f-811bad7c2b7a,,,,
1151,Emerge,en,m,834,#1,2001,"0fc357b5-b750-32e9-9b68-4c80e69f0ab4",478,Fischerspooner,us,a4f54716-24d9-4c6b-8ba7-1d7e7a5173d0,,,,
1109,Electricity,en,m,805,Orchestral Manoeuvres in the Dark,1980,4165a5fd-d85f-3020-9016-bad3d516b4e9,374,Orchestral Manoeuvres in the Dark,gb,6d072aa8-c851-49c5-92f9-cbca05f4bed9,,,,
1107,Envoi,en,m,804,Absynthe Minded,2009,f007defc-0203-418a-a5e3-07bd0192cd72,162,Absynthe Minded,be,"01614f48-a5cc-4c44-868e-6eac343e1d89",,,,
1067,As the Bottle Runs Dry,en,m,786,Where Is the Party,1989,a52beaa0-7377-3eeb-b505-c9c01e88b70b,451,The Wolf Banes,be,9a27fce5-77e1-45cd-8488-04ac0d2e0865,,,,
1108,Man on the Moon,en,m,158,Automatic for the People,1992,c86c6af9-d10e-3079-b34b-30b682a797eb,111,R.E.M.,us,ea4dfa26-f633-4da6-a52a-f49ea4897b58,,,,
1075,Goud,nl,m,791,Echo,2016,965c4cb9-275c-465b-969f-30533edf5c11,452,Bazart,be,187d77b6-58b0-4576-83de-4d32ef776004,,,,
1110,The Boys of Summer,en,m,806,Building the Perfect Beast,1984,cb763b61-26ae-3fbb-80ff-946275a4e697,458,Don Henley,us,b2c2d4fe-8c1e-44ec-8be6-ff500e105a90,,,,
1112,Lay All Your Love on Me,en,f,727,Super Trouper,1980,24944755-2f68-3778-974e-f572a9e30108,4,ABBA,se,d87e52c5-bb8d-4da8-b941-9f4928627dc8,,,,
1113,Weird Fishes/Arpeggi,en,m,674,In Rainbows,2007,6e335887-60ba-38f0-95af-fae7774336bf,104,Radiohead,gb,a74b1b7f-71a5-4011-9441-d0b5e4122711,,,,
1114,Me and Bobby McGee,en,f,764,Pearl,1971,99878359-e736-3cdc-a225-548ad17d1c76,440,Janis Joplin,us,76c9a186-75bd-436a-85c0-823e3efddb7f,,,,
1115,Dancing on My Own,en,f,808,Body Talk,2010,1e151a63-e906-4903-b108-b3ecf21218b4,459,Robyn,se,5a8e07d5-d932-4484-a7f7-e700793a9c94,,,,
1116,Hard Sun,en,m,274,Into the Wild,2007,9fbbb26b-282f-36aa-9170-4b41e5fb73ef,193,Eddie Vedder,us,1a60d6dd-9d3e-40fc-a66d-3184f9ee0d61,,,,
1117,Down with the Sickness,en,m,809,The Sickness,2000,92852c11-b67d-32b9-84d8-b52bba0cec9e,197,Disturbed,us,4bb4e4e4-5f66-4509-98af-62dbb90c45c5,,,,
1119,"My My, Hey Hey (Out of the Blue)",en,m,811,Rust Never Sleeps,1979,a710c7c7-46e6-36ca-9c3c-87c8e79f8daf,88,Neil Young,ca,75167b8b-44e4-407b-9d35-effe87b223cf,,,,
1120,How Soon Is Now?,en,m,812,Hatful of Hollow,1984,f81500a3-d01a-30e7-8ec9-75f672e9a775,130,The Smiths,gb,40f5d9e4-2de7-4f2d-ad41-e31a9a9fea27,,,,
1121,A Horse with No Name,en,m,813,America,1971,51e2e0bd-a458-3a6c-8ee1-8a85f62ab7b6,461,America,us,34cf95c7-4be9-4efd-a48a-c2ea4a0bb114,,,,
1122,Lean on Me,en,m,814,Still Bill,1972,63544e97-de86-3096-8702-250590ae5f90,245,Bill Withers,us,fd1a2d9d-9bb6-44de-83a3-41560658aba9,,,,
1123,Gold,en,m,815,This Marauder's Midnight,2014,8dc6f99e-da4f-435e-9dca-be8c9df571ef,462,Gabriel Ríos,be,de2fbc46-e06b-4ce0-9cfc-d590d7a04d5c,,,,
1124,Ain't No Sunshine,en,m,816,Just As I Am,1971,a72ee504-15b5-343c-bfd7-e71f9272e0e5,245,Bill Withers,us,fd1a2d9d-9bb6-44de-83a3-41560658aba9,,,,
1125,Alone,en,m,817,Image,2018,4a5aa4d7-af3b-49b0-b0c6-29acc868326c,463,Whispering Sons,be,dfbeaca6-dd9f-444d-aa08-b35ca9803aab,,,,
1126,Clint Eastwood,en,m,818,Gorillaz,2001,b0405d2a-5720-340a-bb56-4e135d031cc2,230,Gorillaz,gb,e21857d5-3256-4547-afb3-4b6ded592596,,,,
1127,I'm Still Standing,en,m,819,Too Low for Zero,1983,"06e023f6-8b88-3554-9ce6-e2b8f1e69925",39,Elton John,gb,b83bc61f-8451-4a5d-8b8e-7e9ed295e822,,,,
1128,Robbin' the Liquor Store,en,m,641,Jumping the Tracks,1991,c94ce9b3-53a9-3680-b36e-2ffc2319cc89,117,The Scabs,be,53c97a52-d691-4477-99f3-cb6e46b0bd94,,,,
1129,Landslide,en,f,408,Fleetwood Mac,1975,6b5d9bf1-f496-34b5-9488-7df2533d6208,46,Fleetwood Mac,gb,bd13909f-1c29-4c27-a874-d4aaf27c5b1a,,,,
1130,Blood Like Wine,en,m,498,Applause,2010,cf5ac9ca-40a0-4fea-adad-ef91518d4cc5,306,Balthazar,be,91511517-ef93-4d71-a0f0-c858272af4a7,,,,
1131,Dog Days Are Over,en,f,367,Lungs,2009,50fe703f-173e-496a-9155-b2a495d704e5,243,Florence + the Machine,gb,5fee3020-513b-48c2-b1f7-4681b01db0c6,,,,
1132,Thinking of a Place,en,m,506,A Deeper Understanding,2017,a08e02b3-f076-42c2-9a6a-374e15eda4fe,196,The War on Drugs,us,87b9b3b8-ab93-426c-a200-4012d667a626,,,,
1133,(We Are) The Road Crew,en,m,270,Ace of Spades,1980,51d51de2-0312-4798-8529-bed2ae2581c6,192,Motörhead,gb,57961a97-3796-4bf7-9f02-a985a8979ae9,,,,
1134,Bennie And The Jets,en,m,98,Goodbye Yellow Brick Road,1973,80df0f1b-4ce7-348a-aa1b-0d31ebff111a,39,Elton John,gb,b83bc61f-8451-4a5d-8b8e-7e9ed295e822,,,,
1135,Is It,en,m,822,What Grabs Ya?,2008,a275a981-94d4-306d-992d-bbeae17bd91b,470,Triggerfinger,be,b3e73938-5249-4d47-9db4-5edabbbb8c95,,,,
1136,Watskeburt?!,nl,m,823,Parels voor de zwijnen,2005,6035e18c-da11-390a-a529-f37bf9182506,471,De Jeugd van Tegenwoordig,nl,810eb6c6-cced-4944-8f5a-1e0b15d930be,,,,
1137,It's Like That,en,m,824,It's Like That,1997,243a32f8-8c22-448c-87a4-13d28f48a9be,472,Run-D.M.C.,us,5ecc3f72-20a6-47a0-8dc5-fb0b3dadeea0,788,Jason Nevins,us,
1138,Min Moaten,nl,m,825,Ocharme ik,2001,a2d6df88-9872-3198-b1a6-b2e5cf624048,473,Flip Kowlier,be,59db5f29-4d76-49e3-9f60-be7c7ed6c4bf,,,,
1139,All Around the World,en,m,826,Be Here Now,1997,aea3ea51-121e-30a6-adc2-c63e659603ac,92,Oasis,gb,39ab1aed-75e0-4140-bd47-540276886b60,,,,
1140,Kids in America,en,f,827,Kim Wilde,1981,7636a902-b6cd-3048-9da2-65dcf3fcd508,474,Kim Wilde,gb,4b462375-c508-432a-8c88-ceeec38b16ae,,,,
1141,Madness,en,m,828,The 2nd Law,2012,422cd8ac-8599-4356-b874-4da79a06abac,164,Muse,gb,9c9f1380-2516-4fc9-a3e6-f9f61941d090,,,,
1142,Ik ben aanwezig,nl,m,829,Ik ben aanwezig,1998,e1e40ecd-2365-39de-b570-e5d950094463,52,Gorki,be,2fd1f1f6-9b93-49c5-85f8-64ab5d72bf59,,,,
1143,I Can See Clearly Now,en,m,830,I Can See Clearly Now,1972,5de5b01c-3abf-46d9-9cb9-993d52b0ce6c,475,Johnny Nash,us,"0efaa6e3-3ef1-4481-bc01-aa3d5901dbdc",,,,
1144,Oceans,en,m,138,Ten,1991,cea5d18a-1924-3cda-bebc-38933834b25d,94,Pearl Jam,us,83b9cbe7-9857-49e2-ab8e-b57b01038103,,,,
1145,Young and Beautiful,en,f,831,The Great Gatsby,2013,77c0e563-2b89-4ca9-ac67-578dfe5ac183,476,Lana Del Rey,us,b7539c32-53e7-4908-bda3-81449c367da6,,,,
1146,Two Hearted Spider,en,m,292,The Weight of Your Love,2013,1db9eb6b-4f42-4f1e-a0a7-e3243b657c7d,172,Editors,gb,"0efe858c-89e5-4e47-906a-356fa953fd6e",,,,
1147,Special Needs,en,m,310,Sleeping with Ghosts,2003,fd6279cf-0bf3-3d8f-9e07-bde8b7a34448,213,Placebo,gb,847e8284-8582-4b0e-9c26-b042a4f49e57,,,,
1148,The Backseat,en,m,832,4 Million Minutes,2008,4fcde23b-b1c0-38ba-b1cc-050f4f818a18,157,Zornik,be,"094413ef-f334-4e4a-96b1-18ab66919357",,,,
1149,England,en,m,253,High Violet,2010,1ce57f6a-62c8-4017-ad38-3339f542faae,181,The National,us,664c3e0e-42d8-48c1-b209-1efca19c0325,,,,
1150,Keep on Loving You,en,m,833,Hi Infidelity,1980,89a69718-85a9-3ac6-b935-8e02ad89638b,477,REO Speedwagon,us,bdc70372-7e8a-4cb9-8d33-f036b3b7cdc1,,,,
1154,Roadhouse Blues,en,m,837,Morrison Hotel,1970,deee6f92-2662-3095-8aea-6892b10b8265,37,The Doors,us,9efff43b-3b29-4082-824e-bc82f646f93d,,,,
1155,The House of House,en,m,838,The House of House,1994,,480,Cherrymoon Trax,be,,,,,
1118,Matilda,en,m,810,An Awesome Wave,2012,"0d8562eb-7f72-427b-8a0b-984cc5ee7766",460,alt-J,gb,fc7bbf00-fbaa-4736-986b-b3ac0266ca9b,,,,
1156,Get Back,en,m,11,Let It Be,1970,bff544a7-56e0-3ed6-9e0f-3b676cca9111,12,The Beatles,gb,b10bbbfc-cf9e-42e0-be17-e2c3e1d2600d,,,,
1157,Raggamuffin,en,f,839,Selah Sue,2011,305d7bb8-2b2f-455c-a8ba-ecb0f0cb45cf,481,Selah Sue,be,fefeb63b-9430-4fe8-a332-0c400351af50,,,,
1158,Territorial Pissings,en,m,129,Nevermind,1991,1b022e01-4da6-387b-8658-8678046e4cef,90,Nirvana,us,5b11f4ce-a62d-471e-81fc-a69a8278c7da,,,,
1159,People Are Strange,en,m,840,Strange Days,1967,9b1acd78-3d19-37bb-8ca0-5816d44da439,37,The Doors,us,9efff43b-3b29-4082-824e-bc82f646f93d,,,,
1160,Fade Into You,en,f,841,So Tonight That I Might See,1993,2863caa0-14e9-3016-83e4-4f0cdab55f4f,482,Mazzy Star,us,c48d4327-8122-4286-af66-05e1ee6ac4d8,,,,
1162,Giorgio by Moroder,en,m,843,Random Access Memories,2013,aa997ea0-2936-40bd-884d-3af8a0e064dc,208,Daft Punk,fr,"056e4f3e-d505-4dad-8ec1-d04f521cbb56",,,,
1163,Down Under,en,m,844,Business as Usual,1981,c9bff180-434f-3c93-aba5-ff579e3976aa,484,Men at Work,au,395cc503-63b5-4a0b-a20a-604e3fcacea2,,,,
1165,Goodbye Yellow Brick Road,en,m,98,Goodbye Yellow Brick Road,1973,80df0f1b-4ce7-348a-aa1b-0d31ebff111a,39,Elton John,gb,b83bc61f-8451-4a5d-8b8e-7e9ed295e822,,,,
1166,Van God los,nl,m,846,Van God los,2001,56a423b2-e7e3-32f9-98a2-71dfb4d88589,485,Monza,be,,,,,
1167,Darling Nikki,en,m,151,Purple Rain,1984,b93a7c47-a6d4-33f2-9034-53fdd991f4ba,101,Prince,us,"070d193a-845c-479f-980e-bef15710653e",,,,
1168,Hey,en,m,144,Doolittle,1989,1aa41b19-5a72-341b-bd91-4cf61d1dab6b,99,Pixies,us,b6b2bb8d-54a9-491f-9607-7b546023b433,,,,
1169,Strong,en,f,847,If You Wait,2013,dbf36a9a-df02-41c4-8fa9-5afe599960b0,486,London Grammar,gb,4dbe08c1-b40a-43b3-ab89-210000bd8ab2,,,,
1170,"Hey Hey, My My (Into the Black)",en,m,811,Rust Never Sleeps,1979,a710c7c7-46e6-36ca-9c3c-87c8e79f8daf,88,Neil Young,ca,75167b8b-44e4-407b-9d35-effe87b223cf,,,,
1171,Won't Get Fooled Again,en,m,461,Who's Next,1971,9584e28b-66a7-3846-8d52-b3008a283539,150,The Who,gb,9fdaa16b-a6c4-4831-b87c-bc9ca8ce7eaa,,,,
1172,Need You Tonight,en,m,637,Kick,1987,ec6bc9d7-01e1-3d58-8e79-960611b26f44,378,INXS,au,481bf5f9-2e7c-4c44-b08a-05b32bc7c00d,,,,
1173,My Baby Just Cares for Me,en,f,848,Little Girl Blue,1958,19ca48c1-af98-3000-bc9a-97ef5fa3e3be,199,Nina Simone,us,2944824d-4c26-476f-a981-be849081942f,,,,
1174,Barcelona,en,x,849,Barcelona,1988,374dc3eb-0f97-3657-8fb2-b99489deb01d,487,Freddie Mercury,gb,"022589ac-7177-460d-a178-9976cf70e29f",499,Montserrat Caballé,es,
1175,Fat Lip,en,m,850,All Killer No Filler,2001,dd2c168f-41a6-37f5-a727-6e188bf22c6e,372,Sum 41,ca,f2eef649-a6d5-4114-afba-e50ab26254d2,,,,
1176,In Dreams,en,m,851,In Dreams,1963,"0fffd8e9-d97e-3265-90fd-edc16106f4cf",115,Roy Orbison,us,"0bbbc496-c7b5-4b3f-bb6d-bd312827d6e5",,,,
1177,Habibi,en,m,852,Amir,2018,6fae4085-8ad6-41e9-bf06-feed3abe81cd,488,Tamino,be,60e0ba6c-b67e-44c0-b777-be65d42ef909,,,,
1179,Les filles du bord de mer,fr,m,854,Idiots savants,1993,659e10e7-cfc0-31f4-89e5-50d29f358b90,267,Arno,be,"03a82b66-d021-4754-aca2-399d51ee6199",,,,
1181,Flying Whales,en,m,856,From Mars to Sirius,2005,c64e38e7-ea8d-3cda-ba62-1f4b9f899419,489,Gojira,fr,1c5efd53-d6b6-4d63-9d22-a15025cf5f07,,,,
1182,Dancing Shoes,en,m,252,"Whatever People Say I Am, That's What I'm Not",2006,6c9c4985-3628-3070-b956-b538f30c9bea,174,Arctic Monkeys,gb,ada7a83c-e3e1-40f1-93f9-3e73dbc9298a,,,,
1183,She’s a Rainbow,en,m,857,Their Satanic Majesties Request,1967,40a087e8-908a-334d-b520-88a820deb09d,113,The Rolling Stones,gb,b071f9fa-14b0-4217-8e97-eb41da73f598,,,,
1184,Song to the Siren,en,f,858,It'll End in Tears,1984,91343ef2-93f7-3128-b83b-a24b11888677,490,This Mortal Coil,gb,60ef8ddb-7676-4056-a357-9a8c228d03a6,,,,
1188,"There, There",en,m,861,Hail To the Thief,2003,5c14fd50-a2f1-3672-9537-b0dad91bea2f,104,Radiohead,gb,a74b1b7f-71a5-4011-9441-d0b5e4122711,,,,
1189,Adam's Song,en,m,663,Enema of the State,1999,cd367c59-eb86-384b-bbc7-62f6d2d677b9,393,Blink-182,us,"0743b15a-3c32-48c8-ad58-cb325350befa",,,,
1190,Pompeii,en,m,1417,Bad Blood,2013,bf37b1a0-d94f-4230-b2c7-09b17f9f8a68,493,Bastille,gb,7808accb-6395-4b25-858c-678bbb73896b,,,,
1191,Say It Ain't So,en,m,863,Weezer,1994,c7b245c9-8099-32ea-af95-893acedde2cf,321,Weezer,us,6fe07aa5-fec0-4eca-a456-f29bff451b04,,,,
1192,Don't Cry,en,m,86,Use Your Illusion I,1991,642b183a-3e59-3cb9-9187-aeeefa0d8818,55,Guns n' Roses,us,eeb1195b-f213-4ce1-b28c-8565211f8e43,,,,
1194,Beats of Love,en,f,864,Beats of Love,1983,965d1d49-18b3-30d3-946f-b90a4c53a38b,494,Nacht und Nebel,be,77bfd0fc-5237-4557-9c36-ce9e6263ed6e,,,,
1197,Girl,en,f,866,Hotel New York,2004,2bcf36a2-a8f5-39df-bc3f-04ccf2659713,9,Anouk,nl,5e8da504-c75b-4bf5-9dfc-119057c1a9c0,,,,
1198,The Cross,en,m,152,Sign 'O' The Times,1987,90718403-7634-3786-84bf-2053a7bd4f4c,101,Prince,us,"070d193a-845c-479f-980e-bef15710653e",,,,
1199,Somebody That I Used to Know,en,m,867,Making Mirrors,2011,8c68c586-358f-46c0-85e3-77d2ea9650be,496,Gotye,be,6f6fd596-76e0-4b82-aa37-f558ac2d337b,780,Kimbra,nz,
1200,Hello,en,f,868,25,2015,5537624c-3d2f-4f5c-8099-df916082c85c,185,Adele,gb,cc2c9c3c-b7bc-4b8b-84d8-4fbd8779e493,,,,
1201,The Middle,en,m,869,Bleed American,2001,a92d9f5f-60a3-3e7d-a0a3-e028c29e5ca5,497,Jimmy Eat World,us,bbc5b66b-d037-4f26-aecf-0b129e7f876a,,,,
1202,Feeling so Real,en,m,870,Everything Is Wrong,1995,222c01b5-577a-3aa6-8dfd-73ce80f26c9e,201,Moby,us,8970d868-0723-483b-a75b-51088913d3d4,,,,
1204,I Sat by the Ocean,en,m,872,...Like Clockwork,2013,c92f73ee-527f-42ed-a556-fd615941e214,153,Queens of the Stone Age,us,7dc8f5bd-9d0b-4087-9f73-dc164950bbd8,,,,
1205,Baltimore,en,f,873,Baltimore,1978,4fa78391-c883-3941-8ce3-ba1ffa8e5f12,199,Nina Simone,us,2944824d-4c26-476f-a981-be849081942f,,,,
1206,Jóga,en,f,874,Homogenic,1997,810272e0-aef1-3d85-b2d3-e512e87fc38c,500,Björk,is,87c5dedd-371d-4a53-9f7f-80522fb7f3cb,,,,
1207,All That Matters,en,m,875,1977,2013,a4651496-a405-438a-a604-dcc4dbada0e3,501,Kölsch,dk,556ee13f-1ef3-4cf0-a11e-1c71aff962d4,,,,
1208,Moondance,en,m,876,Moondance,1970,16506432-d133-3b2f-a504-dc88966dad2a,438,Van Morrison,gb,a41ac10f-0a56-4672-9161-b83f9b223559,,,,
1209,The First Rebirth,i,i,877,The First Rebirth,1993,cf336c1c-7a61-3546-be83-9c5611c02704,502,Jones & Stephenson,be,6acad922-23d5-4cbf-9e2f-a029117bf8e7,,,,
1210,Don't Let Me Down,en,m,878,Get Back,1969,d577cc79-9558-3008-b674-86bd1a09a513,12,The Beatles,gb,b10bbbfc-cf9e-42e0-be17-e2c3e1d2600d,,,,
1211,No Rain,en,m,879,Blind Melon,1992,c606501d-93b9-39a6-bb4c-503233ff7be5,503,Blind Melon,us,38c5cdab-5d6d-43d1-85b0-dac41bde186e,,,,
1212,Breezeblocks,en,m,810,An Awesome Wave,2012,"0d8562eb-7f72-427b-8a0b-984cc5ee7766",460,alt-J,gb,fc7bbf00-fbaa-4736-986b-b3ac0266ca9b,,,,
1213,Rock and Roll,en,m,108,Led Zeppelin IV,1971,2e61da88-39e9-3473-81d2-c964cb394952,75,Led Zeppelin,gb,678d88b2-87b0-403b-b63d-5da7465aecc3,,,,
1214,Instant Crush,en,m,843,Random Access Memories,2013,aa997ea0-2936-40bd-884d-3af8a0e064dc,208,Daft Punk,fr,"056e4f3e-d505-4dad-8ec1-d04f521cbb56",785,Julian Casablancas,us,
1215,"Never Alone, Always Together",en,m,880,Set Your Head on Fire,2007,10d73e75-b3b6-3b6e-b0f3-216313ab33fd,302,Black Box Revelation,be,45994334-1e7e-4fc2-a814-e069f28f59b3,,,,
1219,The Way I Am,en,m,316,The Marshall Mathers LP,2000,b0fa91c8-0996-38f1-ab84-797f58d7c4eb,217,Eminem,us,b95ce3ff-3d05-4e87-9e01-c97b66af13d4,,,,
1220,Wetsuit,en,m,883,What Did You Expect from The Vaccines?,2011,44ffa53b-e141-4a00-8153-d9f33c92e5a6,505,The Vaccines,gb,aa76ec08-45ab-4724-9411-d80b0e59ac59,,,,
1221,Elderly Woman Behind the Counter in a Small Town,en,m,751,Vs.,1993,50ac60c4-fb35-37f8-a065-222996ea139c,94,Pearl Jam,us,83b9cbe7-9857-49e2-ab8e-b57b01038103,,,,
1222,Wherever I May Roam,en,m,124,Metallica (The Black Album),1991,e8f70201-8899-3f0c-9e07-5d6495bc8046,85,Metallica,us,65f4f0c5-ef9e-490c-aee3-909e7ae6b2ab,,,,
1203,Heartbeats,en,m,871,Veneer,2003,c128bbd3-0481-3abd-98df-4bf5ef8df243,498,José González,se,cd8c5019-5d75-4d5c-bc28-e1e26a7dd5c8,,,,
1178,"Harder, Better, Faster, Stronger",en,,301,Discovery,2001,48117b90-a16e-34ca-a514-19c702df1158,208,Daft Punk,fr,"056e4f3e-d505-4dad-8ec1-d04f521cbb56",,,,
1196,Closer,en,m,565,The Downward Spiral,1994,7c4cab8d-dead-3870-b501-93c90fd0a580,344,Nine Inch Nails,us,b7ffd2af-418f-4be2-bdd1-22f8b48613da,,,,
1186,Save a Prayer,en,m,859,Rio,1982,3c638420-8208-3c01-b723-f061b10e3f3a,491,Duran Duran,gb,1a1cd7f3-e5df-4eca-bae2-2757c9e656b5,,,,
1185,Henry Lee,en,x,623,Murder Ballads,1996,4030ac23-b953-33ee-9f31-35e9f3febf86,89,Nick Cave,au,172e1f1a-504d-4488-b053-6344ba63e6d0,293,PJ Harvey,gb,e795e03d-b5d5-4a5f-834d-162cfb308a2c
1187,The Weight,en,m,860,Music from Big Pink,1968,466fddac-8006-3e71-bbe7-7aa0f587aa88,492,The Band,ca,8c90ad8c-9150-4c51-a1eb-342232e99d06,,,,
1193,Firestarter,en,m,615,The Fat of the Land,1997,ac9138ce-6331-3f8d-86d7-69f13e4ab4f4,207,The Prodigy,gb,4a4ee089-93b1-4470-af9a-6ff575d32704,,,,
1195,The Power of Love,en,m,865,Welcome to the Pleasuredome,1984,c734406b-3c8a-3214-98cc-dd553f82f813,495,Frankie Goes to Hollywood,gb,c09c8263-40ef-4352-8031-e438b1ce68fc,,,,
1223,Wouldn't It Be Nice,en,m,386,Pet Sounds,1966,fdd96703-7b21-365e-bdea-38029fbeb84e,253,The Beach Boys,us,ebfc1398-8d96-47e3-82c3-f782abcdb13d,,,,
1224,Call Me,en,f,884,American Gigolo,1980,af14217d-d5e3-3367-baef-90cf418ca79d,304,Blondie,us,4d2956d1-a3f7-44bb-9a41-67563e1a0c94,,,,
1225,Breaking the Law,en,m,885,British Steel,1980,5bd56af7-2bd6-392e-a815-b39354e3780d,351,Judas Priest,gb,6b335658-22c8-485d-93de-0bc29a1d0349,,,,
1226,Penny Lane,en,m,12,Magical Mystery Tour,1967,6e514645-fbee-34ac-97e0-c2120a4a5644,12,The Beatles,gb,b10bbbfc-cf9e-42e0-be17-e2c3e1d2600d,,,,
1227,Pyro,en,m,886,Come Around Sundown,2010,b44f35b2-0ae7-461c-a526-df86123edb91,171,Kings of Leon,us,6ffb8ea9-2370-44d8-b678-e9237bbd347b,,,,
1228,Easy,en,m,315,Angel Dust,1992,503e5b85-df2a-365a-82e4-32ca30538d8d,43,Faith No More,us,b15ebd71-a252-417d-9e1c-3e6863da68f8,,,,
1229,Lemon Tree,en,m,887,Dish of the Day,1995,9dae99e3-ef1b-3fe8-b3fb-ab1ea48a6fc0,506,Fools Garden,de,80c38d4f-7419-4ae9-8d4c-cf899df0d5cc,,,,
1230,Goodbye,en,m,232,One-Armed Bandit,2004,15234ca2-9852-3d91-8dbe-4de9daa47b2f,157,Zornik,be,"094413ef-f334-4e4a-96b1-18ab66919357",,,,
1231,Twilight Zone,en,m,888,Cut,1982,48f9693d-b096-333b-9e42-bd1c497fed56,50,Golden Earring,nl,75336c3d-2833-46cb-8037-b835cd7d646d,,,,
1232,Babooshka,en,f,889,Never for Ever,1980,b3c5541a-e1d0-354f-b6c8-565c37dde332,69,Kate Bush,gb,4b585938-f271-45e2-b19a-91c634b5e396,,,,
1233,Putain Putain,fr,m,890,Choco,1983,9c79ab8d-7725-32da-a0ad-565daa49507b,138,T.C. Matic,be,72729f42-c4d4-4bad-94f0-b93730778995,,,,
1234,Another One Bites the Dust,en,m,891,The Game,1980,75702ddf-a46c-3cac-bace-0a466eb3c37c,103,Queen,gb,"0383dadf-2a4e-4d10-a46a-e9e041da8eb3",,,,
1235,Crocodile Rock,en,m,892,Don't Shoot Me I'm Only the Piano Player,1973,"0293c693-a065-395b-b9be-06a7f69b3e57",39,Elton John,gb,b83bc61f-8451-4a5d-8b8e-7e9ed295e822,,,,
1236,10:15 Saturday Night,en,m,893,Three Imaginary Boys,1979,76dc56cc-0f0f-31df-90cc-4522ca211a0d,31,The Cure,gb,69ee3720-a7cb-4402-b48d-a02c366f2bcf,,,,
1237,High Hopes,en,m,894,The Division Bell,1994,90878b63-f639-3c8b-aefb-190bdf3d1790,98,Pink Floyd,gb,83d91898-7763-47d7-b03b-b92132375c47,,,,
1238,In Too Deep,en,m,850,All Killer No Filler,2001,dd2c168f-41a6-37f5-a727-6e188bf22c6e,372,Sum 41,ca,f2eef649-a6d5-4114-afba-e50ab26254d2,,,,
1239,Sir Duke,en,m,544,Songs in the Key of Life,1976,ea88b09b-fd34-33cf-a3e5-25a3a2fb4c6f,259,Stevie Wonder,us,1ee18fb3-18a6-4c7f-8ba0-bc41cdd0462e,,,,
1240,Here Without You,en,m,896,Away from the Sun,2002,8f4d4f05-36ed-3c81-86a7-aae2a03b1520,2,3 Doors Down,us,2386cd66-e923-4e8e-bf14-2eebe2e9b973,,,,
1241,Shout,en,m,770,Songs from the Big Chair,1985,475946e9-4b00-3f7c-9bd7-c11f55740262,443,Tears for Fears,gb,7c7f9c94-dee8-4903-892b-6cf44652e2de,,,,
1242,I Could Never Take the Place of Your Man,en,m,152,Sign 'O' The Times,1987,90718403-7634-3786-84bf-2053a7bd4f4c,101,Prince,us,"070d193a-845c-479f-980e-bef15710653e",,,,
1243,Mamma Mia,en,f,898,ABBA,1975,5ee43a5f-94eb-3f0c-a1ec-e0476251d95f,4,ABBA,se,d87e52c5-bb8d-4da8-b941-9f4928627dc8,,,,
1244,La Grange,en,m,899,Tres Hombres,1973,3aee7fe4-813e-3f04-8280-8d25f066f143,507,ZZ Top,us,a81259a0-a2f5-464b-866e-71220f2739f1,,,,
1245,Lippy Kids,en,m,900,Build a Rocket Boys!,2011,f1071218-4843-4360-ab81-f93dc1707ce0,279,Elbow,gb,3cb3928a-526c-4a3d-93c5-53315fa9bde0,,,,
1246,Jigsaw Falling into Place,en,m,674,In Rainbows,2007,6e335887-60ba-38f0-95af-fae7774336bf,104,Radiohead,gb,a74b1b7f-71a5-4011-9441-d0b5e4122711,,,,
1247,Fistful of Steel,en,m,163,Rage Against the Machine,1992,1305859b-8937-397f-9c33-39f62eb672fb,105,Rage Against the Machine,us,3798b104-01cb-484c-a3b0-56adc6399b80,,,,
1248,Good Fortune,en,f,901,"Stories from the City, Stories from the Sea",2000,71641af7-d122-326a-b0bb-f76a8d09810c,293,PJ Harvey,gb,e795e03d-b5d5-4a5f-834d-162cfb308a2c,,,,
1249,Pinball Wizard,en,m,902,Tommy,1969,"0e587339-406a-3d21-8678-73e46e250379",150,The Who,gb,9fdaa16b-a6c4-4831-b87c-bc9ca8ce7eaa,,,,
1250,It's so Unreal,en,m,903,The Place Where You Will Find Us,2002,ad719508-43ef-39d6-b274-1a0526bcd6a8,157,Zornik,be,"094413ef-f334-4e4a-96b1-18ab66919357",,,,
1251,Every Little Thing She Does Is Magic,en,m,904,Ghost in the Machine,1981,b25caa9e-e35d-3243-82d7-954da613b782,100,The Police,gb,9e0e2b01-41db-4008-bd8b-988977d6019a,,,,
1252,Figure It Out,en,m,642,Royal Blood,2014,1e4a055a-e3de-4b82-bc34-cd6ac1967835,382,Royal Blood,gb,aa62b28e-b6d4-4086-91d4-e5fac1ed56f3,,,,
1253,"Ain't Got No, I Got Life",en,f,905,'Nuff Said!,1968,f10677ba-5e10-31ef-a8e1-88cbf9cfe410,199,Nina Simone,us,2944824d-4c26-476f-a981-be849081942f,,,,
1254,Du riechst so gut,de,m,757,Herzeleid,1995,806eb9e1-06c6-385e-bf04-f3c5e2b4a6be,229,Rammstein,de,b2d122f9-eadb-4930-a196-8f221eeb0c66,,,,
1255,Out of Time Man,en,m,906,King of Bongo,1991,8343cd71-680b-34f6-a628-9da4a09b5c46,508,Mano Negra,fr,e024a3ca-c78e-459a-9a98-8029f49b5a5f,,,,
1256,Afflitto,i,i,907,Afflitto,1997,"0eef8b4e-f6b1-47fc-a63e-a173299fe7d0",509,Fiocco,be,41489093-8348-4ea4-a695-f1523f042021,,,,
1258,Gloria,en,m,909,October,1981,87febb2c-e117-3a0d-a7f6-8fd9a6421af1,146,U2,ie,a3cb23fc-acd3-4ce0-8f36-1e5aa6a18432,,,,
1259,The Logical Song,en,m,910,Breakfast in America,1979,d584f7e7-55b4-39a1-87e9-af3b86773132,401,Supertramp,gb,d2ff6b6b-fc30-48dc-8952-06f9d8fc64f8,,,,
1260,Holiday,en,m,347,American Idiot,2004,de9bf827-a9b0-348b-a7c9-556c03c3fb07,53,Green Day,us,"084308bd-1654-436f-ba03-df6697104e19",,,,
1261,Marcia Baïla,fr,f,911,Rita Mitsouko,1984,183a97ea-647b-3365-8b59-11dd35f5f94c,511,Les Rita Mitsouko,fr,"0bfe360b-4abf-4750-962c-981cc5bfc4cf",,,,
1262,Death,en,m,554,To Lose My Life...,2009,773fee4e-ebcd-3f22-847d-e49b93a41c2e,339,White Lies,gb,5bdb38bd-5c5b-4d0f-8901-8bbe1d7062d8,,,,
1263,I Write Sins Not Tragedies,en,m,912,A Fever You Can't Sweat Out,2005,4c2e4e78-6b0f-3ca1-8131-06906e5b56e9,512,Panic! At The Disco,us,b9472588-93f3-4922-a1a2-74082cdf9ce8,,,,
1264,My Silver Lining,en,f,913,Stay Gold,2014,5fcf275b-ddae-479d-90a0-80f521404de8,513,First Aid Kit,se,373faa02-74d7-4b1d-9b47-7574ad510f8d,,,,
1265,Waterloo,en,f,914,Waterloo,1974,1f78ea53-5e9c-46b6-8cd4-9d8a9c547a85,4,ABBA,se,d87e52c5-bb8d-4da8-b941-9f4928627dc8,,,,
1266,A Certain Romance,en,m,252,"Whatever People Say I Am, That's What I'm Not",2006,6c9c4985-3628-3070-b956-b538f30c9bea,174,Arctic Monkeys,gb,ada7a83c-e3e1-40f1-93f9-3e73dbc9298a,,,,
1267,Buffalo Soldier,en,m,915,Confrontation,1983,e20b6b85-f911-31f2-933b-391f2d10dcb3,17,Bob Marley & the Wailers,jm,c296e10c-110a-4103-9e77-47bfebb7fb2e,,,,
1268,In the Shade of the Sun,en,m,916,Stuff & Such,2012,998d1173-d243-4e9f-8355-e7a9b3d4e2a8,514,Kapitan Korsakov,be,aa5d5146-3caa-481c-af2d-5f8b84a2f7ca,,,,
1269,Forty Six & 2,en,m,460,Ænima,1996,ef1e8130-dd5f-336a-85fa-4936a47342bd,143,Tool,us,66fc5bf8-daa4-4241-b378-9bc9077939d2,,,,
1270,Wonderful Life,en,m,917,Wonderful Life,1987,64839f7b-2623-3422-877f-ce1b9b8b217e,515,Black,gb,738457fb-624c-40db-b68c-66c7a238a955,,,,
1271,Strange Fruit,en,f,918,Strange Fruit,1939,21339daa-f558-3b60-9462-869402bb02a0,516,Billie Holiday,us,d59c4cda-11d9-48db-8bfe-b557ee602aed,,,,
1272,Black Sabbath,en,m,919,Black Sabbath,1970,826c9743-a3f0-3479-bf06-8df2e140ef1d,14,Black Sabbath,gb,5182c1d9-c7d2-4dad-afa0-ccfeada921a8,,,,
1273,Original Sin,en,m,920,The Swing,1984,"02265dc6-a45e-33b3-ac41-be454b7d4f21",378,INXS,au,481bf5f9-2e7c-4c44-b08a-05b32bc7c00d,,,,
1274,We're Not Gonna Take It,en,m,921,Stay Hungry,1984,ce11e17f-1c1f-345e-9c41-e5f0010c3b53,517,Twisted Sister,us,c6122fee-089f-41c4-a34f-e5f7e5607b05,,,,
1275,What's Love Got to Do with It,en,f,922,Private Dancer,1984,cffc5347-3b75-37cc-9120-0ae98b2748dc,504,Tina Turner,us,9072df14-b61e-42e2-b4f4-6bbb7fdb5586,,,,
1276,Rollin' (Air Raid Vehicle),en,m,923,Chocolate Starfish and the Hot Dog Flavored Water,2000,55203b2f-314b-39c2-9e48-56a95e41a337,408,Limp Bizkit,us,8f9d6bb2-dba4-4cca-9967-cc02b9f4820c,,,,
1277,Here I Go Again,en,m,924,Saints & Sinners,1982,b0dda456-8965-39ee-b933-6d2810c5a742,518,Whitesnake,gb,5dedf5cf-a598-4408-9556-3bf3f149f3ba,,,,
1278,Somewhere I Belong,en,m,273,Meteora,2003,"09474d62-17dd-3a4f-98fb-04c65f38a479",191,Linkin Park,us,f59c5520-5f46-4d2c-b2c4-822eabf53419,,,,
1279,Easy Lover,en,m,925,Chinese Wall,1984,ba28aaf4-1038-3361-9486-b216f3b44921,519,Philip Bailey,us,f4b25300-be93-49bc-9d44-15f9de480f50,97,Phil Collins,gb,401c3991-b76b-499d-8082-9f2df958ef78
1280,Breakfast in Vegas,en,m,926,Twenty First Century Skin,1999,9c189342-91ef-3e27-825a-127f06fdb7f4,520,Praga Khan,be,,,,,
1281,Are 'Friends' Electric?,en,m,927,Replicas,1979,c1fa1051-0993-397d-be13-2daec83eb841,521,Tubeway Army,gb,fc0bd304-cfd4-4478-9224-3446134d57fe,,,,
1282,Lepeltjesgewijs,nl,m,928,Op de groei,2014,167f844a-4ff8-4acf-8790-d8527536d9b3,449,Bart Peeters,be,6cbddeda-39b0-4d89-90e1-b2f21295b3d0,,,,
1283,Pretty Fly (for a White Guy),en,m,756,Americana,1998,fb43ac3a-8d28-3686-8653-bbf15a5e4389,93,The Offspring,us,23a03e33-a603-404e-bcbf-2c00159d7067,,,,
1284,Sorrow,en,m,929,The Process of Belief,2002,65710bf2-af41-3bfb-b78a-2c1effeb9afc,522,Bad Religion,us,149e6720-4e4a-41a4-afca-6d29083fc091,,,,
1285,Nude,en,m,674,In Rainbows,2007,6e335887-60ba-38f0-95af-fae7774336bf,104,Radiohead,gb,a74b1b7f-71a5-4011-9441-d0b5e4122711,,,,
1286,Little Wing,i,i,930,The Sky Is Crying,1991,e95cdadf-c7ef-39eb-a32a-6e880a0e7a49,523,Stevie Ray Vaughan,us,f5426431-f490-4678-ad44-a75c71097bb4,,,,
1287,Ruby,en,m,931,"Yours Truly, Angry Mob",2007,ecf45e1e-59a2-3c80-9267-9ed617133608,524,Kaiser Chiefs,gb,90218af4-4d58-4821-8d41-2ee295ebbe21,,,,
1288,Victory,en,m,233,Victory,2004,a346c1b9-a645-3e09-98f8-80aff76d7400,161,Daan,be,38a9dd50-aafd-491f-a7ea-29a07ea9ecfa,,,,
1289,Aerials,en,m,254,Toxicity,2001,f50fbcb4-bfcd-3784-b4c9-44f4793e66b2,182,System of a Down,us,cc0b7089-c08d-4c10-b6b0-873582c17fd6,,,,
1290,Dit is mijn huis,nl,m,121,De Mens,1992,cedb1ce4-cf41-3957-89bb-001d290b51a3,160,De Mens,be,57c4babc-069d-48e8-a6b3-0887cd48d183,,,,
1291,(You Gotta) Fight for Your Right (To Party!),en,m,932,Licensed to Ill,1986,57f5e7c8-2a6e-34a0-b4cd-0e77695bc36f,11,Beastie Boys,us,9beb62b2-88db-4cea-801e-162cd344ee53,,,,
1292,Garden,en,m,138,Ten,1991,cea5d18a-1924-3cda-bebc-38933834b25d,94,Pearl Jam,us,83b9cbe7-9857-49e2-ab8e-b57b01038103,,,,
1293,De zotte morgen,nl,m,933,De zotte norgen,1970,556383b5-e0ec-428d-a22f-699f4a51462a,525,Zjef Vanuytsel,be,,,,,
1294,Aces High,en,m,934,Powerslave,1984,60a20bc8-acac-3cbb-99f9-ce458317233a,184,Iron Maiden,gb,ca891d65-d9b0-4258-89f7-e6ba29d83767,,,,
1295,Hymn,i,i,870,Everything Is Wrong,1995,222c01b5-577a-3aa6-8dfd-73ce80f26c9e,201,Moby,us,8970d868-0723-483b-a75b-51088913d3d4,,,,
1296,At Last,en,f,935,At Last!,1960,56933d06-34a0-3a49-8e42-7c39f8c356dd,526,Etta James,us,e22d2f66-881e-41ca-9356-544697ee5f90,,,,
1297,Does Your Mother Know,en,x,492,Voulez-Vous,1979,7401fb97-46e6-32cd-bd59-6c49debaa3ae,4,ABBA,se,d87e52c5-bb8d-4da8-b941-9f4928627dc8,,,,
1298,Fuck Authority,en,m,936,Land of the Free?,2001,75b2ec0b-98d8-346d-9450-0d83a63553b6,95,Pennywise,us,5c210861-2ce2-4be3-9307-bbcfc361cc01,,,,
1299,Stronger Than Me,en,f,937,Frank,2003,9a9d41e9-2080-3293-8676-9e26f44a05b1,188,Amy Winehouse,gb,dfe9a7c4-8cf2-47f4-9dcb-d233c2b86ec3,,,,
1300,Making Plans for Nigel,en,m,938,Drums and Wires,1979,b2b0f57f-2caf-31b4-a2b1-ad245c3c7af2,152,XTC,gb,97c86b2c-2765-46a2-aef8-76a7e24c430f,,,,
1301,99 Luftballons,de,f,939,Nena,1983,4897a796-fb40-31ae-8b13-d4caf25a1fc4,527,Nena,de,c954d136-c7fd-4fd9-8bb0-fb0491fc6a02,,,,
1302,Dark Necessities,en,m,940,The Getaway,2016,831f10e3-32e5-4d22-b001-2f3ab1254be0,109,Red Hot Chili Peppers,us,8bfac288-ccc5-448d-9573-c33ea2aa5c30,,,,
1303,The Court of the Crimson King ,en,m,941,In the Court of the Crimson King,1969,a50636b5-5233-3329-a7f3-dba3d0e00ef7,528,King Crimson,gb,b38225b8-8e5f-42aa-bcdc-7bae5b5bdab3,,,,
1304,Atlantic City,en,m,942,Nebraska,1982,324aee0c-36ec-35c1-9c93-b67a1d428037,20,Bruce Springsteen,us,70248960-cb53-4ea4-943a-edb18f7d336f,,,,
1305,One More Light,en,m,943,One More Light,2017,b976c959-d13e-487c-85d7-cab70ed7c842,191,Linkin Park,us,f59c5520-5f46-4d2c-b2c4-822eabf53419,,,,
1306,Right Down the Line,en,m,162,City to City,1978,238c3fb4-5792-342b-b217-02f66298b424,48,Gerry Rafferty,gb,563201cb-721c-4cfb-acca-c1ba69e3d1fb,,,,
1307,Jamming,en,m,412,Exodus,1977,c5650313-60f3-34d3-92e4-300545133792,17,Bob Marley & the Wailers,jm,c296e10c-110a-4103-9e77-47bfebb7fb2e,,,,
1308,For What It's Worth,en,m,944,Buffalo Springfield,1966,"045b64e4-2bec-3b56-a94c-7a892a5f47c2",529,Buffalo Springfield,us,22dc19af-d085-4c9b-adfb-22ec256251f1,,,,
1309,Corduroy,en,m,464,Vitalogy,1994,6e384e83-6cb1-36bd-813c-ca7d4cf4b9ba,94,Pearl Jam,us,83b9cbe7-9857-49e2-ab8e-b57b01038103,,,,
1310,Pink Moon,en,m,945,Pink Moon,1972,740ec10a-e887-38a6-a04d-fe2069c9e2a7,530,Nick Drake,gb,99ea432a-e3d8-42cb-9d5e-db316a6a8458,,,,
1311,Da Ya Think I'm Sexy?,en,m,946,Blondes Have More Fun,1978,3728ce92-fae9-3e9b-a7b7-3359dd7ac336,112,Rod Stewart,gb,a35237a0-4f47-40a6-b6f3-1e786db23402,,,,
1312,Have I Told You Lately,en,m,947,Avalon Sunset,1989,73550711-af87-3816-871c-7211b87bb68e,438,Van Morrison,gb,a41ac10f-0a56-4672-9161-b83f9b223559,,,,
1313,Maandag,nl,m,948,Wil je beroemd zijn?,1996,fcdd8e67-46fb-327c-ab1b-e4c26b8ca8ee,160,De Mens,be,57c4babc-069d-48e8-a6b3-0887cd48d183,,,,
1314,I'm Gonna Be (500 Miles),en,m,949,Sunshine on Leith,1988,c5f4c42e-aafd-3817-9c41-0e00ee5fc63e,531,The Proclaimers,gb,1303b976-b862-4f04-94fd-a8d444e06714,,,,
1315,Absolute Beginners,en,m,950,Absolute Beginners,1986,49cd95e9-3b3f-3a49-83f8-af7552219aec,32,David Bowie,gb,5441c29d-3602-4898-b1a1-b77fa23b8e50,,,,
1316,Don't Let the Sun Go Down on Me,en,m,951,Don't Let the Sun Go Down on Me,1991,c268d041-05a7-36af-9c58-b7aab0b8ea98,47,George Michael,gb,ccb8f30e-4d71-40c4-8b1d-846dafe73e2c,39,Elton John,gb,b83bc61f-8451-4a5d-8b8e-7e9ed295e822
1317,The Bad Touch,en,m,952,Hooray for Boobies,1999,bafb68ab-3c2d-396f-83d9-99dd41bf3230,532,Bloodhound Gang,us,b2dbfc09-b332-408b-a235-1850e41971c5,,,,
1318,Black Night,en,m,57,Deep Purple in Rock,1970,ebdb53c3-fbae-34b1-81cb-f825c9a56822,33,Deep Purple,gb,79491354-3d83-40e3-9d8e-7592d58d790a,,,,
1319,Skyfall,en,f,953,Skyfall,2012,4307ecf9-d0f2-4b95-b7ad-2f8cba84a5e9,185,Adele,gb,cc2c9c3c-b7bc-4b8b-84d8-4fbd8779e493,,,,
1320,No Surrender,en,m,199,Born in the U.S.A.,1984,3c39a076-8e52-38f2-8076-260d0672fb23,20,Bruce Springsteen,us,70248960-cb53-4ea4-943a-edb18f7d336f,,,,
1321,I'd Rather Go Blind,en,f,954,Tell Mama,1968,8cadf19c-1f50-3c59-ab78-79145f7339d3,526,Etta James,us,e22d2f66-881e-41ca-9356-544697ee5f90,,,,
1322,Natural Blues,en,m,285,Play,1999,7f6a4e72-9fee-39db-8817-63425f97a0f5,201,Moby,us,8970d868-0723-483b-a75b-51088913d3d4,,,,
1323,About Today,en,m,955,Cherry Tree,2004,539a3a80-df2d-3efa-93cf-909d42803ac4,181,The National,us,664c3e0e-42d8-48c1-b209-1efca19c0325,,,,
1324,Voodoo People,i,i,300,Music for the Jilted Generation,1994,f9fa083f-db00-3048-99e7-5b186672bb09,207,The Prodigy,gb,4a4ee089-93b1-4470-af9a-6ff575d32704,,,,
1325,This Mess We're In,en,x,901,"Stories from the City, Stories from the Sea",2000,71641af7-d122-326a-b0bb-f76a8d09810c,293,PJ Harvey,gb,e795e03d-b5d5-4a5f-834d-162cfb308a2c,541,Thom Yorke,gb,
1326,Still Got the Blues,en,m,956,Still Got the Blues,1990,97418934-ae74-3f2c-9a6a-e120737c5549,533,Gary Moore,gb,a8806b5c-3ee0-4277-94d3-1a5427a7707c,,,,
1327,Wat is kunst?,nl,m,957,Een heel klein beetje oorlog,1993,2c24a45e-2aba-30e4-a14a-ec7d64bae091,534,Noordkaap,be,13e7b7a6-ac07-416d-89bf-6b97f7a5ebad,,,,
1328,21 Guns,en,m,958,21st Century Breakdown,2009,37608ff2-3168-3e7c-a77e-04a4b7300c1b,53,Green Day,us,"084308bd-1654-436f-ba03-df6697104e19",,,,
1329,Space Lord,en,m,959,Powertrip,1998,df00e4c1-3870-35fe-b7a4-d3334b58d4c0,535,Monster Magnet,us,a0955511-1324-4e9b-834f-e1e140502850,,,,
1330,Belgium's Burning,en,m,960,Global Warning,2009,ec7ab11b-3ca2-4b77-9c84-ebe6cc5d3feb,255,Funeral Dress,be,4604d226-bc8e-484d-95a0-a3410616e9b6,,,,
1331,Driver's Seat,en,m,961,Fickle Heart,1978,"03fa39e1-b2be-33de-b9f1-f57eba00ff69",536,Sniff 'n' the Tears,gb,,,,,
1332,Plastic Dreams,i,i,962,Plastic Dreams,1993,327f6652-a449-3380-b910-4eb62cfd0d6a,537,Jaydee,nl,,,,,
1333,Wie zal er voor de kinderen zorgen,nl,m,829,Ik ben aanwezig,1998,e1e40ecd-2365-39de-b570-e5d950094463,52,Gorki,be,2fd1f1f6-9b93-49c5-85f8-64ab5d72bf59,,,,
1334,Weather with You,en,m,963,Woodface,1991,e2d01440-4e91-3dac-8230-72b63992771e,30,Crowded House,au,9854d99f-d954-4c0f-9ae5-58a0cdd885f5,,,,
1335,Voulez-Vous,en,f,492,Voulez-Vous,1979,7401fb97-46e6-32cd-bd59-6c49debaa3ae,4,ABBA,se,d87e52c5-bb8d-4da8-b941-9f4928627dc8,,,,
1336,Against All Odds (Take a Look at Me Now),en,m,964,Against All Odds,1984,72496992-8647-3723-98cd-f973e9c283f0,97,Phil Collins,gb,401c3991-b76b-499d-8082-9f2df958ef78,,,,
1337,Echo Beach,en,m,965,Metro Music,1980,"006d5166-aaa4-3f7a-9e2b-a5a2a393f52f",538,Martha and the Muffins,ca,d0a4fd70-d8ab-442e-8fb0-f5608936dce3,,,,
1338,I Want to Know What Love Is,en,m,966,Agent Provocateur,1984,24b59933-12b7-3f19-97d2-14891192f06b,539,Foreigner,us,160629ab-ec18-4931-8c95-02cb92d06186,,,,
1339,Killing an Arab,en,m,3,Boys Don't Cry,1980,280ccdbb-ba25-3fd6-8e74-9e30d9b96794,31,The Cure,gb,69ee3720-a7cb-4402-b48d-a02c366f2bcf,,,,
1340,Suffragette City,en,m,30,The Rise and Fall of Ziggy Stardust and the Spiders from Mars,1972,6c9ae3dd-32ad-472c-96be-69d0a3536261,32,David Bowie,gb,5441c29d-3602-4898-b1a1-b77fa23b8e50,,,,
1341,Mercy,en,m,591,Drones,2015,3133d4d5-5cfb-4f53-87f5-f3a97c8f310d,164,Muse,gb,9c9f1380-2516-4fc9-a3e6-f9f61941d090,,,,
1342,Would I Lie To You?,en,m,967,Duophonic,1992,96b0b590-0ba7-358b-815e-9c7f2126a00b,540,Charles & Eddie,us,"07eaca09-98e9-421a-ac3e-cc007550b2f5",,,,
1343,Runaways,en,m,968,Battle Born,2012,d3e8791c-702d-4faf-8916-07ff38ba54a4,168,The Killers,us,95e1ead9-4d31-4808-a7ac-32c3614c116b,,,,
1344,She,en,m,969,Notting Hill,1999,4e528bb3-91b0-367d-9a14-707287a60dc7,40,Elvis Costello,gb,8a338e06-d182-46f2-bd16-30a09bc840ba,,,,
1345,Smooth Operator,en,f,970,Diamond Life,1984,af2a0c41-e612-3232-949d-bdca340c407c,542,Sade,gb,67930b3e-e00b-469f-8c74-fd69f20522ec,,,,
1346,Frozen,en,f,971,Ray of Light,1998,cb93e87f-5d21-3447-a6e8-22d44f9b0d7a,361,Madonna,us,79239441-bfd5-4981-a70c-55c3f15c1287,,,,
1347,Me Gustas Tu,es,m,972,Próxima estación: Esperanza,2001,9d02392e-2bb5-3109-892d-75da91c9048b,543,Manu Chao,fr,7570a0dd-5a67-401b-b19a-261eee01a284,,,,
1349,Hocus Pocus,i,m,973,Moving Waves,1971,1a76a454-a72e-3397-b6fb-fc351df00472,544,Focus,nl,821e11d6-cfec-44a7-9615-06a4e631c975,,,,
1350,First Date,en,m,974,Take Off Your Pants and Jacket,2001,e9acecde-4ae1-3430-baf7-eae53cb9d75f,393,Blink-182,us,"0743b15a-3c32-48c8-ad58-cb325350befa",,,,
1351,Une belle histoire,fr,m,975,Fugain et le Big Bazar,1972,ee37d4b7-845c-3d58-ae10-b73f2512d0f2,545,Michel Fugain et le Big Bazar,fr,,,,,
1352,Believe in Me,en,m,232,One-Armed Bandit,2004,15234ca2-9852-3d91-8dbe-4de9daa47b2f,157,Zornik,be,"094413ef-f334-4e4a-96b1-18ab66919357",,,,
1353,I Am the Walrus,en,m,12,Magical Mystery Tour,1967,6e514645-fbee-34ac-97e0-c2120a4a5644,12,The Beatles,gb,b10bbbfc-cf9e-42e0-be17-e2c3e1d2600d,,,,
1354,Some Might Say,en,m,135,(What's the Story) Morning Glory?,1995,cc7e6348-cc55-31fa-aeb2-748a46a81cb3,92,Oasis,gb,39ab1aed-75e0-4140-bd47-540276886b60,,,,
1355,When the Rain Begins to Fall,en,x,976,Jermaine Jackson,1984,b3151472-21ed-4c7f-867e-a39906a6861a,546,Jermaine Jackson,us,ccbdc2ab-1055-44d5-8417-a6b4898bf91b,778,Pia Zadora,us,
1356,Max,it,m,977,Aguaplano,1987,"02931618-107f-3e64-bd2f-73cb43a7a29e",547,Paolo Conte,it,,,,,
1357,Bigger than Us,en,m,978,Ritual,2011,5c88e996-ef97-4b44-822d-41dc5f1d03eb,339,White Lies,gb,5bdb38bd-5c5b-4d0f-8901-8bbe1d7062d8,,,,
1358,Dommestik en levrancier,nl,m,979,En in Izzegem...,1998,f777b14c-eeeb-3cfa-af8b-20ff56f901a5,548,'t Hof Van Commerce,be,9cee75f3-0459-422e-ab8d-f3cc5ff4f96b,,,,
1359,Sometimes You Can't Make It on Your Own,en,m,980,How to Dismantle an Atomic Bomb,2004,3ab33753-c16f-3e44-ae67-2fba4fd0e823,146,U2,ie,a3cb23fc-acd3-4ce0-8f36-1e5aa6a18432,,,,
1360,On the Road Again,en,m,981,Boogie With Canned Heat,1968,cb1f2c30-925a-3df4-bb0c-03cbca514925,549,Canned Heat,us,815a0279-558c-4522-ac3b-6a1e259e95b5,,,,
1361,How to Save a Life,en,m,982,How to Save a Life,2005,9b31a203-647f-3077-80c7-78e41cf73018,550,The Fray,us,2ddd167f-5b8a-4372-b350-6ad50493bac0,,,,
1363,Einstein Brain,en,m,745,Admiral Freebee,2003,25149750-ce5a-3ed2-9d2c-b99ee0cde95d,432,Admiral Freebee,be,"0af18ce6-668a-4f80-8d56-5c56eee2302d",,,,
1364,On the Beach,en,m,983,On the Beach,1974,f4174531-b783-3786-b75f-4fe61a8f6333,88,Neil Young,ca,75167b8b-44e4-407b-9d35-effe87b223cf,,,,
1365,Tender,en,m,984,13,1999,307e8da2-8e8b-3bde-9324-5162501166d1,15,Blur,gb,ba853904-ae25-4ebb-89d6-c44cfbd71bd2,,,,
1366,Between the Bars,en,m,985,Either/Or,1997,dfb85157-313b-3f5f-8739-a5162bcb6345,446,Elliott Smith,us,"03ad1736-b7c9-412a-b442-82536d63a5c4",,,,
1367,Aerodynamic,i,i,301,Discovery,2001,48117b90-a16e-34ca-a514-19c702df1158,208,Daft Punk,fr,"056e4f3e-d505-4dad-8ec1-d04f521cbb56",,,,
1368,The Boy in the Bubble,en,m,434,Graceland,1986,19847822-1430-3380-9cf1-bc45545b34ac,276,Paul Simon,us,"05517043-ff78-4988-9c22-88c68588ebb9",,,,
1369,Try a Little Tenderness,en,m,986,Complete & Unbelievable: The Otis Redding Dictionary of Soul,1966,aeea2d91-3d98-389e-92fc-ff0db34762be,288,Otis Redding,us,82b1f5fd-cd31-41a9-b5d4-7e33f0eb9751,,,,
1370,Need Your Love So Bad,en,m,987,Need Your Love So Bad,1968,68fe0b74-5cf2-3727-8a41-2db597f51a8a,46,Fleetwood Mac,gb,bd13909f-1c29-4c27-a874-d4aaf27c5b1a,,,,
1371,Vogue,en,f,988,I'm Breathless,1990,f60b509f-ab71-31ee-8dc1-2f88df9097ab,361,Madonna,us,79239441-bfd5-4981-a70c-55c3f15c1287,,,,
1373,Your Ghost,en,f,989,Hips and Makers,1994,55e5d5c7-ad75-3c6d-bfff-cb8a65d177d7,551,Kristin Hersh,us,"0b461f11-c7af-4ddb-a30e-5cb0aabb3e7f",,,,
1374,Safe from Harm,en,f,115,Blue Lines,1991,8b6f133a-2fdf-3cc2-b84d-1c889adc0939,82,Massive Attack,gb,10adbe5e-a2c0-4bf3-8249-2b4cbf6e6ca8,,,,
1375,House of Cards,en,m,674,In Rainbows,2007,6e335887-60ba-38f0-95af-fae7774336bf,104,Radiohead,gb,a74b1b7f-71a5-4011-9441-d0b5e4122711,,,,
1376,Come Alive,en,f,990,2,2012,d77fbf10-0427-4379-b5c2-8ebcdd18da1f,552,Netsky,be,587fd8ec-2e9d-4ce6-8bc5-97d0a9334883,,,,
1377,Why Does My Heart Feel so Bad?,en,m,285,Play,1999,7f6a4e72-9fee-39db-8817-63425f97a0f5,201,Moby,us,8970d868-0723-483b-a75b-51088913d3d4,,,,
1378,Fields of Gold,en,m,991,Ten Summoner's Tales,1993,57389a2d-1570-364f-a83c-a382d0f5aafc,424,Sting,gb,7944ed53-2a58-4035-9b93-140a71e41c34,,,,
1379,Five Years,en,m,30,The Rise and Fall of Ziggy Stardust and the Spiders from Mars,1972,6c9ae3dd-32ad-472c-96be-69d0a3536261,32,David Bowie,gb,5441c29d-3602-4898-b1a1-b77fa23b8e50,,,,
1380,Falling Away from Me,en,m,992,Issues,1999,c7497ce4-c746-3a75-946e-daa8ab117c47,72,Korn,us,ac865b2e-bba8-4f5a-8756-dd40d5e39f46,,,,
1381,La La Love You,en,m,144,Doolittle,1989,1aa41b19-5a72-341b-bd91-4cf61d1dab6b,99,Pixies,us,b6b2bb8d-54a9-491f-9607-7b546023b433,,,,
1382,State of Love and Trust,en,m,993,Singles,1992,9c80717d-43e0-3219-b8c8-019f5d83cf60,94,Pearl Jam,us,83b9cbe7-9857-49e2-ab8e-b57b01038103,,,,
1383,Hopeless Wanderer,en,m,698,Babel,2012,9bc0a481-57e5-4d16-bb9c-049a974cc2b2,265,Mumford & Sons,gb,c44e9c22-ef82-4a77-9bcd-af6c958446d6,,,,
1384,Overcome,en,m,994,V,2001,8af3eff2-97d8-3efb-9034-045b8e889dcb,78,Live,us,cba77ba2-862d-4cee-a8f6-d3f9daf7211c,,,,
1385,Sure Shot,en,m,26,Ill Communication,1994,1134696c-1078-3c38-bcaa-4ee7c320670a,11,Beastie Boys,us,9beb62b2-88db-4cea-801e-162cd344ee53,,,,
1386,Venus in Furs,en,m,995,The Velvet Underground & Nico,1967,5cbd9d7b-597a-3c5e-bfd1-c2b364215560,149,The Velvet Underground,us,94b0fb9d-a066-4823-b2ec-af1d324bcfcf,,,,
1387,Bizarre Love Triangle,en,m,996,Brotherhood,1986,9f46bfe6-6c91-3536-9bfc-edb3e1f8bd7b,290,New Order,gb,f1106b17-dcbb-45f6-b938-199ccfab50cc,,,,
1388,Vive ma liberté,fr,m,854,Idiots savants,1993,659e10e7-cfc0-31f4-89e5-50d29f358b90,267,Arno,be,"03a82b66-d021-4754-aca2-399d51ee6199",,,,
1389,Behind Blue Eyes,en,m,997,Results May Vary,2003,1a7f7f9f-36b8-3a22-b75c-431de63e068e,408,Limp Bizkit,us,8f9d6bb2-dba4-4cca-9967-cc02b9f4820c,,,,
1390,Amsterdam,nl,m,998,Ook voor jou,1975,d49d611c-12a3-44ae-b8bb-99c5ce193a6d,553,Kris De Bruyne,be,ef5e78d0-031b-4bdf-ac50-caac5e0b1110,,,,
1391,Parklife,en,m,999,Parklife,1994,67461c8e-d864-3910-9bf4-39e44357aac9,15,Blur,gb,ba853904-ae25-4ebb-89d6-c44cfbd71bd2,,,,
1392,Fade to Grey,en,m,1000,Visage,1980,5cb2f9b4-af0c-3e1b-919b-5c62ad72e2f1,554,Visage,gb,74f5365e-d77c-4a33-9715-7d5f049c9fbb,,,,
1393,Veronica komt naar je toe,nl,m,1001,Voor rijpere jeugd,2008,b04628d5-bfc7-3206-bfef-d303cbf080dd,52,Gorki,be,2fd1f1f6-9b93-49c5-85f8-64ab5d72bf59,,,,
1394,Crazy Train,en,m,1002,Blizzard of Ozz,1980,1c318024-66cc-32f5-8e06-b06dc511b42c,555,Ozzy Osbourne,gb,8aa5b65a-5b3c-4029-92bf-47a544356934,,,,
1395,You Oughta Know,en,f,128,Jagged Little Pill,1995,ee3d18ed-d6a8-37c7-a964-41bbdb6d59f1,6,Alanis Morissette,ca,4bdcee62-4902-4773-8cd1-e252e2e31225,,,,
1396,Heaven,en,m,1003,Fear of Music,1979,f378dcb1-841b-3be1-9d96-779036562de1,137,Talking Heads,us,a94a7155-c79d-4409-9fcf-220cb0e4dc3a,,,,
1397,Temul (Lie Low),en,f,1004,Furu,2014,6032b346-c6f0-4331-bbc6-e2936beb4df6,262,Arsenal,be,8d834b78-b9dd-4241-8f70-98b963eded68,,,,
1398,Sunshine of Your Love,en,m,1005,Disraeli Gears,1967,bbd66e31-ac27-3432-81a7-0d4b4b4c5de5,28,Cream,gb,"04cd0cfd-bfd1-4c36-bc38-95c35e2c045f",,,,
1399,Aqualung,en,m,711,Aqualung,1971,204cc47e-2e1a-3877-8e1e-d14bfffd19aa,413,Jethro Tull,gb,ece57992-dc2e-4f67-a269-fa43626c1a3d,,,,
1400,Hungry Heart,en,m,200,The River,1980,8a6f6ede-b60a-3cad-b3b9-cfb57e9e1dbd,20,Bruce Springsteen,us,70248960-cb53-4ea4-943a-edb18f7d336f,,,,
1401,Special K,en,m,1006,Black Market Music,2000,475c8d7c-3a96-3077-baad-7acb61c2d4ad,213,Placebo,gb,847e8284-8582-4b0e-9c26-b042a4f49e57,,,,
1402,Mrs. Robinson,en,m,1007,Bookends,1968,f4a26672-dcd8-342d-ad09-2b612d91c9fb,123,Simon & Garfunkel,us,5d02f264-e225-41ff-83f7-d9b1f0b1874a,,,,
1403,Closing Time,en,m,1008,Feeling Strangely Fine,1998,cf1e1037-810a-302b-bc8b-298348faf74d,556,Semisonic,us,3037bd18-0079-4e4b-9ce1-758689e210d8,,,,
1404,A Letter to Elise,en,m,428,Wish,1992,88154914-4f14-355c-8066-b3cecd38c42c,31,The Cure,gb,69ee3720-a7cb-4402-b48d-a02c366f2bcf,,,,
1405,Let's Stay Together,en,m,1009,Let's Stay Together,1972,eed9ffe2-5731-3b9a-9906-01728a083d1d,557,Al Green,us,fb7272ba-f130-4f0a-934d-6eeea4c18c9a,,,,
1406,The Model,en,m,1010,The Man-Machine,1978,d147e89b-90ca-35b6-9f7b-3e34b8edf63f,558,Kraftwerk,de,5700dcd4-c139-4f31-aa3e-6382b9af9032,,,,
1407,Changes,en,m,466,Hunky Dory,1971,743b0b2e-a23a-3182-950e-232f8cb0dfb7,32,David Bowie,gb,5441c29d-3602-4898-b1a1-b77fa23b8e50,,,,
1408,A.M. 180,en,m,1011,Under The Western Freeway,1997,fa1533b0-ea8d-370a-a663-42b276aa3039,426,Grandaddy,us,9d4c4835-c71a-4647-a4fc-263e26832cd0,,,,
1409,Rebel Yell,en,m,1012,Rebel Yell,1983,5c4a34dd-86b9-3b5e-89d7-61b49628a806,559,Billy Idol,gb,47c8f88b-987a-4b64-9175-2b1b57809727,,,,
1410,Orion,i,i,122,Master of Puppets,1986,3d00fb45-f8ab-3436-a8e1-b4bfc4d66913,85,Metallica,us,65f4f0c5-ef9e-490c-aee3-909e7ae6b2ab,,,,
1411,We Will Rock You,en,m,1013,News of the World,1977,c172ea98-3a82-3254-b8ad-25a4f465ba03,103,Queen,gb,"0383dadf-2a4e-4d10-a46a-e9e041da8eb3",,,,
1412,Four Seasons in One Day,en,m,963,Woodface,1991,e2d01440-4e91-3dac-8230-72b63992771e,30,Crowded House,au,9854d99f-d954-4c0f-9ae5-58a0cdd885f5,,,,
1413,Johnny and Mary,en,m,1014,Clues,1980,870b14e0-dece-339d-b847-dd3bc28b14c8,560,Robert Palmer,gb,96b1d906-0fda-406d-beb6-19c6758998df,,,,
1414,Sunrise,en,f,1015,Feels Like Home,2004,689db471-1647-3d0f-a6b8-2e776cf913e8,561,Norah Jones,us,985c709c-7771-4de3-9024-7bda29ebe3f9,,,,
1415,Susan's House,en,m,495,Beautiful Freak,1996,119a9488-9980-3645-be68-f50210a35a26,183,Eels,us,14387b0f-765c-4852-852f-135335790466,,,,
1416,Stayin' Alive,en,m,1016,Saturday Night Fever,1977,6e9a06a8-c8bb-3ea9-877a-417e74bb1c2e,562,Bee Gees,gb,bf0f7e29-dfe1-416c-b5c6-f9ebc19ea810,,,,
1417,Mother Earth,en,f,289,Mother Earth,2000,2c78aedc-0407-38dd-bffd-1e58346fa183,204,Within Temptation,nl,eace2373-31c8-4aba-9a5c-7bce22dd140a,,,,
1418,Song for Zula,en,m,1017,Muchacho,2013,ba3647fa-e82e-4e39-811d-66307f9f2c42,563,Phosphorescent,us,739da2f1-0741-4c60-a6ed-f42d49bf2eb1,,,,
1419,Nah Neh Nah,en,f,1018,Night Owls,1990,949c1b9e-fa4e-3195-a86c-a792d37e277e,564,Vaya Con Dios,be,3f31e084-41f5-4a74-93e6-19bdafcf237d,,,,
1420,Marliese,en,m,1019,Red Skies Over Paradise,1981,f0e8e935-0594-30db-aef9-2299a4068b46,45,Fischer-Z,gb,51b13c47-bb31-4eda-aaef-7c9bf84c5d9a,,,,
1421,The Universal,en,m,1020,The Great Escape,1995,15198663-e606-3c48-a296-17d3da309947,15,Blur,gb,ba853904-ae25-4ebb-89d6-c44cfbd71bd2,,,,
1422,Our House,en,m,1021,The Rise & Fall,1982,7b3c2ec0-7390-39eb-a23c-f33d760f274a,297,Madness,gb,5f58803e-8c4c-478e-8b51-477f38483ede,,,,
1423,The Day That Never Comes,en,m,1022,Death Magnetic,2008,5c8a25bf-4764-3cce-8f37-30af79d3b101,85,Metallica,us,65f4f0c5-ef9e-490c-aee3-909e7ae6b2ab,,,,
1424,Que Pasa,en,m,1023,L'Apache,1982,7d995974-09c7-31a6-98d3-a2245c45986d,138,T.C. Matic,be,72729f42-c4d4-4bad-94f0-b93730778995,,,,
1425,The Letter,en,m,1024,The Letter,1967,a7f9cb97-4ee3-389c-bd2d-1c8155295383,565,The Box Tops,us,,,,,
1426,Bonzai Channel One,en,m,1025,Bonzai Channel One,1993,b70b0f42-9712-4d33-8922-e20b89ce1586,566,Thunderball,be,,,,,
1427,Smalfilm,nl,m,1026,Spinvis,2002,230f219c-ba9d-3e47-a9cd-58a122a741ae,567,Spinvis,nl,5a87d06c-2123-450a-9388-cf121eeb8729,,,,
1428,The Wild Places,en,m,1027,The Wild Places,1978,970cb5ac-3590-3f61-a9b1-b3ced9da897b,568,Duncan Browne,gb,ce635b1e-4fb3-40ab-9043-f3c4ca714ea9,,,,
1429,Iron Man,en,m,27,Paranoid,1970,cc053745-c447-3566-8f27-bed5438c9133,14,Black Sabbath,gb,5182c1d9-c7d2-4dad-afa0-ccfeada921a8,,,,
1430,Michel,en,f,1028,Urban Solitude,1999,95add263-c739-3980-9922-6fe278377c85,9,Anouk,nl,5e8da504-c75b-4bf5-9dfc-119057c1a9c0,,,,
1431,Jesus He Knows Me,en,m,1029,We Can't Dance,1991,1f94530c-4206-3c2f-a3e8-8f9bed86590e,298,Genesis,gb,8e3fcd7d-bda1-4ca0-b987-b8528d2ee74e,,,,
1432,The Phone Book,en,m,292,The Weight of Your Love,2013,1db9eb6b-4f42-4f1e-a0a7-e3243b657c7d,172,Editors,gb,"0efe858c-89e5-4e47-906a-356fa953fd6e",,,,
1433,Boogie Wonderland,en,x,1030,I Am,1979,866e9d8e-200e-334c-8df6-9b8f8384bb22,285,"Earth, Wind & Fire",us,535afeda-2538-435d-9dd1-5e10be586774,,,,
1434,Electric Feel,en,m,720,Oracular Spectacular,2007,f7da2770-bf72-3dea-8904-ff6135822724,419,MGMT,us,c485632c-b784-4ee9-8ea1-c5fb365681fc,,,,
1435,Wild Eyes,en,m,1031,Atlas,2012,f87ef4ff-bf55-4cba-8556-c76f7cd68a76,569,Parkway Drive,au,a436dd02-0549-4c91-b608-df451217fdeb,,,,
1436,What a Wonderful World,en,m,1032,What a Wonderful World,1968,ead21b33-dc38-32da-95ba-99dc5247189a,570,Louis Armstrong,us,eea8a864-fcda-4602-9569-38ab446decd6,,,,
1437,België (Is er leven op Pluto...?),nl,m,1033,Belgie,1982,32d478db-5001-3c86-8376-93d6df187021,571,Het Goede Doel,nl,,,,,
1438,Mr. E's Beautiful Blues,en,m,1034,Daisies of the Galaxy,2000,ea5f23b9-55b0-3838-b25f-88a9eaf4addb,183,Eels,us,14387b0f-765c-4852-852f-135335790466,,,,
1439,Tinseltown in the Rain,en,m,1035,A Walk Across the Rooftops,1984,f5bb7c5e-4153-3bcf-9a3b-14d59de5e875,572,The Blue Nile,gb,13453b40-1d9c-4281-b73f-b7c1b45c7ebd,,,,
1440,Boze wolven,nl,m,83,Gorky,1992,77309866-f3e5-3c28-98d9-d04a59417d46,52,Gorki,be,2fd1f1f6-9b93-49c5-85f8-64ab5d72bf59,,,,
1441,Pyramid Song,en,m,1036,Amnesiac,2001,bca9280e-28b4-327f-8fe0-fd918579e486,104,Radiohead,gb,a74b1b7f-71a5-4011-9441-d0b5e4122711,,,,
1442,Unsung,en,m,1037,Meantime,1992,12f44455-925d-353c-9bdc-fd70885b1bc2,573,Helmet,us,582fee78-d934-4603-9f5c-1729e0ca36b7,,,,
1443,Midnight Train to Georgia,en,f,1038,Imagination,1973,297a4a0b-3904-3565-9767-2e7591516f82,574,Gladys Knight & the Pips,us,ca825016-f7fd-4ccf-a523-6ee36ea88828,,,,
1444,R.A.M.O.N.E.S.,en,m,1039,1916,1991,6875f5b4-2d2c-3bc7-b96f-1f1f60b19b60,192,Motörhead,gb,57961a97-3796-4bf7-9f02-a985a8979ae9,,,,
1446,Heavy Cross,en,f,1041,Music for Men,2009,cf64fa05-b823-4ab2-830b-518f522a0691,575,Gossip,us,"0f96c38b-8e21-4571-afe0-cb11196a8acd",,,,
1447,Don't Swallow the Cap,en,m,454,Trouble Will Find Me,2013,a5a2875f-41cb-4c48-9a72-e845d224db96,181,The National,us,664c3e0e-42d8-48c1-b209-1efca19c0325,,,,
1448,"Non, je ne regrette rien",fr,f,1042,"Non, je ne regrette rien",1960,a6887c5f-632e-4ee9-87f1-f85d5bd3254e,576,Édith Piaf,fr,4f8ef4a3-40fa-46b5-8773-97686a8424f4,,,,
1449,Met hart en ziel,nl,m,1043,Met hart en ziel,1990,4c5cc13d-50b3-3a0e-b45d-311f55eda34f,577,Tröckener Kecks,nl,dcf7e8d8-d3c0-4004-84bb-554895062604,,,,
1450,Why Worry?,en,m,62,Brothers in Arms,1985,b02f651e-32a1-30ae-bc23-070b59170278,36,Dire Straits,gb,614e3804-7d34-41ba-857f-811bad7c2b7a,,,,
1451,Modern Love,en,m,33,Let's Dance,1983,75c2bddf-1799-3eda-b6b3-a0cf5189d8ed,32,David Bowie,gb,5441c29d-3602-4898-b1a1-b77fa23b8e50,,,,
1452,Sterrenstof,nl,m,1044,De lachende derde,2010,20551018-aee7-4ecb-989d-fb8fd6de76c3,471,De Jeugd van Tegenwoordig,nl,810eb6c6-cced-4944-8f5a-1e0b15d930be,,,,
1453,Ghost Love Score,en,m,1045,Once,2004,84d8f181-8307-360f-bd50-8b6ce1309751,578,Nightwish,fi,"00a9f935-ba93-4fc8-a33a-993abe9c936b",,,,
1454,Strange Entity,en,m,509,Entity,2014,"03170edf-5173-4fbe-a957-7cadda9ccc16",313,Oscar and the Wolf,be,74e6bd6b-46fd-4f6a-80e1-c16e8169a21c,,,,
1455,Israel,en,f,1046,Israel,1980,e376c15c-0e1d-34a2-936e-01aec2f514b9,579,Siouxsie and the Banshees,gb,78ea5ea1-3c4d-4b7e-ac5d-68900319ebe2,,,,
1456,Pure Morning,en,m,643,Without You I'm Nothing,1998,b568aff6-f2b2-3fe0-980f-417df6ccfad4,213,Placebo,gb,847e8284-8582-4b0e-9c26-b042a4f49e57,,,,
1457,Kool Thing,en,f,1047,Goo,1990,8114542a-d659-3b5f-a11f-cf86ed7fa84d,316,Sonic Youth,us,5cbef01b-cc35-4f52-af7b-d0df0c4f61b9,,,,
1458,Helicopter,en,m,288,Silent Alarm,2005,f3f82b80-b2c5-3151-be53-5cb5803860e0,203,Bloc Party,gb,8c538f11-c141-4588-8ecb-931083524186,,,,
1459,Halo,en,f,1048,I Am... Sasha Fierce,2008,6f8e8119-de1b-39f0-85ca-b5252cb9211d,329,Beyoncé,us,859d0860-d480-4efd-970c-c05d5f1776b8,,,,
1460,If I Was Your Girlfriend,en,m,152,Sign 'O' The Times,1987,90718403-7634-3786-84bf-2053a7bd4f4c,101,Prince,us,"070d193a-845c-479f-980e-bef15710653e",,,,
1461,It's Oh So Quiet,en,f,1049,Post,1995,b2a6e057-087d-3ae5-a6e5-7f5fa39808ff,500,Björk,is,87c5dedd-371d-4a53-9f7f-80522fb7f3cb,,,,
1462,Future Days,en,m,743,Lightning Bolt,2013,681bb7dc-fa32-4f38-9e01-582ac8c91706,94,Pearl Jam,us,83b9cbe7-9857-49e2-ab8e-b57b01038103,,,,
1463,You,en,m,1050,No Control,1989,17576d27-a0ea-3f37-8ef8-9a88f66c1e10,522,Bad Religion,us,149e6720-4e4a-41a4-afca-6d29083fc091,,,,
1464,Forgot About Dre,en,m,394,2001,1999,f28e065d-fd56-3929-b0a4-6aa1b4c78bdb,258,Dr. Dre,us,5f6ab597-f57a-40da-be9e-adad48708203,217,Eminem,us,b95ce3ff-3d05-4e87-9e01-c97b66af13d4
1465,Dumb,en,m,131,In Utero,1993,2a0981fb-9593-3019-864b-ce934d97a16e,90,Nirvana,us,5b11f4ce-a62d-471e-81fc-a69a8278c7da,,,,
1466,Stripped,en,m,1051,Black Celebration,1986,b9c6879f-3a34-3aa0-a68f-73ced2608f7a,163,Depeche Mode,gb,8538e728-ca0b-4321-b7e5-cff6565dd4c0,,,,
1467,Ask,en,m,1052,The World Won't Listen,1987,987715ca-eb75-3aeb-bb5e-84bc3428962b,130,The Smiths,gb,40f5d9e4-2de7-4f2d-ad41-e31a9a9fea27,,,,
1468,They Don't Care About Us,en,m,1053,"HIStory: Past, Present and Future, Book I",1995,2324e560-e8ba-302d-a43d-2ea5ec9c83f7,86,Michael Jackson,us,f27ec8db-af05-4f36-916e-3d57f91ecf5e,,,,
1469,Baby Can I Hold You,en,f,42,Tracy Chapman,1988,a738bdf1-f610-30aa-9ae7-9a4f90d6f2d7,144,Tracy Chapman,us,1129817c-488a-4096-80c1-77fc1b107c93,,,,
1470,Symphony of Destruction,en,m,1054,Countdown to Extinction,1992,"04785b90-87cb-3d5d-a9a9-7f465e327bb4",580,Megadeth,us,a9044915-8be3-4c7e-b11f-9e2d2ea0a91e,,,,
1471,Stay Away,en,m,129,Nevermind,1991,1b022e01-4da6-387b-8658-8678046e4cef,90,Nirvana,us,5b11f4ce-a62d-471e-81fc-a69a8278c7da,,,,
1472,Cherub Rock,en,m,192,Siamese Dream,1993,a159e102-18bb-42ca-a59e-5f96a7eff241,129,The Smashing Pumpkins,us,ba0d6274-db14-4ef5-b28d-657ebde1a396,,,,
1473,I Appear Missing,en,m,872,...Like Clockwork,2013,c92f73ee-527f-42ed-a556-fd615941e214,153,Queens of the Stone Age,us,7dc8f5bd-9d0b-4087-9f73-dc164950bbd8,,,,
1474,Voodoo People (Pendulum remix),i,i,1055,Their Law: The Singles 1990–2005,2005,c5cd51d7-1a2d-361c-b3b0-3a9e3e534ddb,207,The Prodigy,gb,4a4ee089-93b1-4470-af9a-6ff575d32704,,,,
1475,Hypnotize,en,m,1056,Life After Death,1997,132d78be-baa5-3301-aba5-933409e3f848,282,The Notorious B.I.G.,us,d5d97b2b-b83b-4976-814a-056d9076c8c3,,,,
1476,Hij leeft,nl,m,1057,Hij leeft,2006,47a8e5d6-eb37-3633-8911-4f3864e38b2f,52,Gorki,be,2fd1f1f6-9b93-49c5-85f8-64ab5d72bf59,,,,
1477,Indifference,en,m,751,Vs.,1993,50ac60c4-fb35-37f8-a065-222996ea139c,94,Pearl Jam,us,83b9cbe7-9857-49e2-ab8e-b57b01038103,,,,
1478,Year of the Cat,en,m,1058,Year of the Cat,1976,5313c1b9-ea7a-38ae-bc68-ff19cfdb80d7,581,Al Stewart,gb,ab7d49fa-c383-4c41-b890-3fe68e559dc4,,,,
1479,"Girl, You'll Be a Woman Soon",en,m,1059,Stull,1992,aca33b0d-d324-3b50-84a5-301eb2be6d08,582,Urge Overkill,us,120e728a-4078-47b7-a31c-d581ade28bde,,,,
1480,My Way,en,m,923,Chocolate Starfish and the Hot Dog Flavored Water,2000,55203b2f-314b-39c2-9e48-56a95e41a337,408,Limp Bizkit,us,8f9d6bb2-dba4-4cca-9967-cc02b9f4820c,,,,
1481,True Faith,en,m,1060,Substance,1987,95f78ba6-4cdb-3c88-972a-4ef3220f7ad1,290,New Order,gb,f1106b17-dcbb-45f6-b938-199ccfab50cc,,,,
1482,St. Anger,en,m,1061,St. Anger,2003,8f1cc89b-7e80-3e1c-b571-8cf2b98db347,85,Metallica,us,65f4f0c5-ef9e-490c-aee3-909e7ae6b2ab,,,,
1483,For Emma,en,m,807,"For Emma, Forever Ago",2008,187935b5-a0a4-3e6f-9684-48b67a5190a1,315,Bon Iver,us,437a0e49-c6ae-42f6-a6c1-84f25ed366bc,,,,
1484,Sugar Man,en,m,1062,Cold Fact,1970,25d9f5f8-ece0-311c-bf2a-092f26315e0e,583,Rodríguez,us,8898cd01-b0c5-41bd-9699-0845fc73efc1,,,,
1485,Revolution,en,m,415,The Beatles (White Album),1968,"055be730-dcad-31bf-b550-45ba9c202aa3",12,The Beatles,gb,b10bbbfc-cf9e-42e0-be17-e2c3e1d2600d,,,,
1486,Don't Sit Down 'Cause I've Moved Your Chair,en,m,1063,Suck It and See,2011,ffdc0fd3-e726-4e98-af19-d3274ede2311,174,Arctic Monkeys,gb,ada7a83c-e3e1-40f1-93f9-3e73dbc9298a,,,,
1487,I'm Your Man,en,m,569,I'm Your Man,1988,7f073c9c-f64f-3a79-bbd8-5aa7668e5cd8,189,Leonard Cohen,ca,65314b12-0e08-43fa-ba33-baaa7b874c15,,,,
1488,Vertigo,en,m,980,How to Dismantle an Atomic Bomb,2004,3ab33753-c16f-3e44-ae67-2fba4fd0e823,146,U2,ie,a3cb23fc-acd3-4ce0-8f36-1e5aa6a18432,,,,
1489,A Million Miles Away,en,m,1064,Tattoo,1973,a44b1687-4787-36ca-b34e-71ce4dce2cc1,584,Rory Gallagher,ie,933fdeae-ec68-48e9-a752-8bcfd44bc429,,,,
1490,Sharp Dressed Man,en,m,1065,Eliminator,1983,c58b50f0-d7a4-322c-b281-d86ebe3b8acf,507,ZZ Top,us,a81259a0-a2f5-464b-866e-71220f2739f1,,,,
1491,Islands,en,x,605,xx,2009,23355caf-a543-4b5f-80fe-449101868fc1,363,The xx,gb,c5c2ea1c-4bde-4f4d-bd0b-47b200bf99d6,,,,
1492,(You Make Me Feel Like) A Natural Woman,en,f,1066,Tapestry,1971,6e4f39e6-3403-39d7-81c6-8e61a990d509,585,Carole King,us,bf6c29f5-b69f-4842-9031-37f9645d365d,,,,
1493,Sweater Weather,en,m,1067,I Love You.,2013,3227286b-8f17-4a94-96f6-18c644d4a1aa,586,The Neighbourhood,us,97b8d224-5660-419c-8dff-4b3bf0c33983,,,,
1494,Mountains,en,m,403,Parade,1986,8c20e5ba-1418-393e-a946-b6525fa3a94a,101,Prince,us,"070d193a-845c-479f-980e-bef15710653e",,,,
1495,Don't Let Me Be Misunderstood,en,f,1068,Broadway-Blues-Ballads,1964,4bdc5ce3-9ae1-36f2-ada0-fde51bcde8c1,199,Nina Simone,us,2944824d-4c26-476f-a981-be849081942f,,,,
1496,Waiting on a Friend,en,m,1069,Tattoo You,1981,fdbc4f51-817d-33ab-af9f-4bcc22286932,113,The Rolling Stones,gb,b071f9fa-14b0-4217-8e97-eb41da73f598,,,,
1497,Personal Jesus,en,m,260,American IV: The Man Comes Around,2002,aca4ccc8-5d1b-361e-ab21-396b2c6d42d3,187,Johnny Cash,us,d43d12a1-2dc9-4257-a2fd-0a3bb1081b86,,,,
1498,The Reeling,en,m,1070,Mess With Us,2013,1bf2102b-3dfc-452f-ba4b-1b0eef69dd9c,587,Compact Disk Dummies,be,ef13e544-e35f-483e-9616-53dd7c6367a4,,,,
1499,Summertime Sadness,en,f,1071,Born to Die,2012,4b16a1bc-8644-48ae-9b3e-8ae36aa30cfc,476,Lana Del Rey,us,b7539c32-53e7-4908-bda3-81449c367da6,,,,
1500,Kiss from a Rose,en,m,1072,Seal,1994,3bb226b7-db0b-3288-bea4-e2fecbe20c20,588,Seal,gb,f053ae01-dae6-4aae-9883-e8c279fdbef4,,,,
1501,Roses,en,m,881,Speakerboxxx/The Love Below,2003,fa64febd-61e0-346e-aaa2-04564ed4f0a3,412,Outkast,us,73fdb566-a9b1-494c-9f32-51768ec9fd27,,,,
1502,Road Trippin',en,m,167,Californication,1999,ca5dfcc3-83fb-3eee-9061-c27296b77b2c,109,Red Hot Chili Peppers,us,8bfac288-ccc5-448d-9573-c33ea2aa5c30,,,,
1503,Charlie Big Potato,en,f,1073,Post Orgasmic Chill,1999,fd11c3c2-6f11-3a79-b6b4-f4256b899fa6,127,Skunk Anansie,gb,e212efdf-98b2-4dce-92ed-62cfc1e29854,,,,
1504,"Knowing Me, Knowing You",en,f,20,Arrival,1976,e464e167-83ab-3b59-88bd-262cf552056e,4,ABBA,se,d87e52c5-bb8d-4da8-b941-9f4928627dc8,,,,
1505,Magic,en,m,521,Ghost Stories,2014,9c5aa9d2-068b-4626-b352-ae6f4f4e0b15,25,Coldplay,gb,cc197bad-dc9c-440d-a5b5-d52ba2e14234,,,,
1506,All You Need Is Love,en,m,12,Magical Mystery Tour,1967,6e514645-fbee-34ac-97e0-c2120a4a5644,12,The Beatles,gb,b10bbbfc-cf9e-42e0-be17-e2c3e1d2600d,,,,
1507,Aneurysm,en,m,1074,Smells Like Teen Spirit,1991,"03345972-d2f8-36bb-b49a-03a9ceccb7a7",90,Nirvana,us,5b11f4ce-a62d-471e-81fc-a69a8278c7da,,,,
1508,Maggie May,en,m,1075,Every Picture Tells a Story,1971,d4e7be0c-6db3-372e-aee6-e048dbb9ac51,112,Rod Stewart,gb,a35237a0-4f47-40a6-b6f3-1e786db23402,,,,
1509,Somewhere over the Rainbow / What a Wonderful World,en,m,1076,Facing Future,1993,ddd945b5-b92c-30e5-9083-5442eafb51f6,589,Israel Kamakawiwo'ole,us,e7ae37b1-624f-47b9-bf4f-53b52ef19528,,,,
1510,Whatever You Want,en,m,1077,Whatever You Want,1979,bfb55d47-3105-3615-8679-895f980bbe09,590,Status Quo,gb,1884ed9c-6fe1-468d-a7f8-8d19c9c4e441,,,,
1511,Les sunlights des tropiques,fr,m,1078,Liberté,1984,e534be0f-1747-4689-8bcd-157d88884577,591,Gilbert Montagné,fr,7ca575dd-30ec-4d1a-8742-93a2c47044ba,,,,
1512,Theme from Turnpike,en,m,7,"In a Bar, Under the Sea",1996,d293e51c-f356-3878-a8c9-627e1229416e,35,dEUS,be,2d0ec174-2bff-4f46-ae1b-dfea0ed9391c,,,,
1513,When the Curtain Falls,en,m,1079,Anthem of the Peaceful Army,2018,b65d1b6b-0704-490e-b371-3601ca522476,592,Greta Van Fleet,us,"0be22557-d8c7-4706-a531-625c4c570162",,,,
1514,I Won't Let the Sun Go Down on Me,en,m,1080,Human Racing,1984,beed706d-b5cd-39de-9d30-9f6b51ddf758,593,Nik Kershaw,gb,6286e04b-7bc1-4f22-bca5-fdd34d1b0d93,,,,
1515,Words,en,m,276,Synrise,2010,a8a9cd03-428c-42fa-b276-9747dcdb1b09,195,Goose,be,6849ebec-b385-4b41-b5a1-125f91e46119,,,,
1516,The Jack,en,m,644,High Voltage,1976,c7962404-3148-46ba-bf57-d96633079708,5,AC/DC,au,66c662b6-6e2f-4930-8610-912e24c63ed1,,,,
1517,You Got It,en,m,1081,Mystery Girl,1989,aeb579a3-c372-3d2d-a3ce-eab86c8311f0,115,Roy Orbison,us,"0bbbc496-c7b5-4b3f-bb6d-bd312827d6e5",,,,
1518,Jaloes,nl,m,1082,Ezoa en niet anders,2005,c48778c0-546c-3ff7-804d-f6f1f8c6a44a,548,'t Hof Van Commerce,be,9cee75f3-0459-422e-ab8d-f3cc5ff4f96b,,,,
1519,"Get Up, Stand Up",en,m,1083,Burnin',1973,af83674d-066a-3e24-8c84-97099dfe9333,17,Bob Marley & the Wailers,jm,c296e10c-110a-4103-9e77-47bfebb7fb2e,,,,
1521,From Her to Eternity,en,m,1085,From Her to Eternity,1984,3d86cdea-11df-3b99-ab00-bb6193bd2103,89,Nick Cave,au,172e1f1a-504d-4488-b053-6344ba63e6d0,,,,
1522,Planet Caravan,en,m,27,Paranoid,1970,cc053745-c447-3566-8f27-bed5438c9133,14,Black Sabbath,gb,5182c1d9-c7d2-4dad-afa0-ccfeada921a8,,,,
1523,Start Me Up,en,m,1069,Tattoo You,1981,fdbc4f51-817d-33ab-af9f-4bcc22286932,113,The Rolling Stones,gb,b071f9fa-14b0-4217-8e97-eb41da73f598,,,,
1524,Happy Together,en,m,1086,Happy Together,1967,2c778f87-4915-3489-b8b8-c94661e9025a,595,The Turtles,us,335b6182-0da8-4dc6-a5ec-fe13f0f87e4b,,,,
1525,Barracuda,en,f,1087,Little Queen,1977,2ece6f20-db6e-39b3-a370-28e6011cddcf,596,Heart,us,bdbd48f5-abf3-4a4f-9a21-4551dbc3fde9,,,,
1526,Refugee,en,m,1088,Damn the Torpedoes,1979,871631b9-651c-3c2e-88ae-3a2491d9eb6b,352,Tom Petty,us,f93dbc64-6f08-4033-bcc7-8a0bb4689849,,,,
1527,Cats in the Cradle,en,m,1089,America's Least Wanted,1992,945ca7cf-e99b-3d5f-9643-ffc3b3b2bb54,597,Ugly Kid Joe,us,91f32a6b-fc11-45b6-a243-4dd90eaee781,,,,
1528,The Way to Your Heart,en,m,1090,It Takes Two,1988,c4e71040-0ea9-3746-b1e6-e53065bde995,598,Soulsister,be,217351e4-a130-49f1-aab9-99b53bf4fe9e,,,,
1529,Sinnerman (Felix Da Housecat's Heavenly House Mix),en,f,1091,Verve Remixed 2,2003,,199,Nina Simone,us,2944824d-4c26-476f-a981-be849081942f,,,,
1530,The Safety Dance,en,m,1092,Rhythm of Youth,1982,bc8adfb6-8247-42e9-b1d9-27f51e84726d,599,Men Without Hats,ca,bcabb743-60ed-406b-94da-9bf82e032e58,,,,
1531,Do Not Claim Them Anymore,en,m,1093,Rats,2012,1f396537-fe6f-44e1-ba69-51d39c1ff523,306,Balthazar,be,91511517-ef93-4d71-a0f0-c858272af4a7,,,,
1532,The Boys Are Back in Town,en,m,1094,Jailbreak,1976,d55dae0d-835d-3756-8805-196e41bacc2f,600,Thin Lizzy,ie,6a726ac6-019e-455c-8bbb-571a77bed52e,,,,
1533,With You,en,m,207,T.C. Matic,1981,b2f071a2-30d8-3e0a-8768-a3d7c510f635,138,T.C. Matic,be,72729f42-c4d4-4bad-94f0-b93730778995,,,,
1534,Time,en,m,1095,Rain Dogs,1985,fb25a883-2270-3ec4-8c62-85c7ed857e6f,142,Tom Waits,us,c3aeb863-7b26-4388-94e8-5a240f2be21b,,,,
1535,Deer Dance,en,m,254,Toxicity,2001,f50fbcb4-bfcd-3784-b4c9-44f4793e66b2,182,System of a Down,us,cc0b7089-c08d-4c10-b6b0-873582c17fd6,,,,
1536,Time of the Season,en,m,1096,Odessey and Oracle,1968,9a4a9ebf-f4f7-3dba-9b80-0b274cbc80f9,601,The Zombies,gb,230ca093-1d00-4c57-9235-147942f66930,,,,
1537,Wishlist,en,m,725,Yield,1998,e88ee520-a5d1-40bd-84d4-649974435492,94,Pearl Jam,us,83b9cbe7-9857-49e2-ab8e-b57b01038103,,,,
1538,Down Down,en,m,1097,On the Level,1975,ba084735-3bb7-3489-a2b7-d0b631dd1fb5,590,Status Quo,gb,1884ed9c-6fe1-468d-a7f8-8d19c9c4e441,,,,
1539,Johnny B. Goode,en,m,1098,Johnny B. Goode,1958,2bd14985-4be9-3e31-936f-70d71ea515fc,602,Chuck Berry,us,592a3b6d-c42b-4567-99c9-ecf63bd66499,,,,
1540,Clandestino,es,m,1099,Clandestino,1998,24a451c9-a8f3-33f9-a4fc-5e2d00cb7816,543,Manu Chao,fr,7570a0dd-5a67-401b-b19a-261eee01a284,,,,
1541,Hyper-ballad,en,f,1049,Post,1995,b2a6e057-087d-3ae5-a6e5-7f5fa39808ff,500,Björk,is,87c5dedd-371d-4a53-9f7f-80522fb7f3cb,,,,
1542,Highway Star,en,m,58,Machine Head,1972,d00243c5-adcf-3018-9aa7-1957d7a5a774,33,Deep Purple,gb,79491354-3d83-40e3-9d8e-7592d58d790a,,,,
1543,Everglow,en,m,1100,A Head Full of Dreams,2015,27da3ef8-f3b0-47bf-898d-9bdf4af7fc04,25,Coldplay,gb,cc197bad-dc9c-440d-a5b5-d52ba2e14234,,,,
1544,Hey Man (Now You're Really Living),en,m,1101,Blinking Lights and Other Revelations,2005,3c809945-d185-3227-b3b9-e4e039bf99ed,183,Eels,us,14387b0f-765c-4852-852f-135335790466,,,,
1545,School,en,m,130,Bleach,1989,f1afec0b-26dd-3db5-9aa1-c91229a74a24,90,Nirvana,us,5b11f4ce-a62d-471e-81fc-a69a8278c7da,,,,
1546,Lovin' You,en,f,1102,Perfect Angel,1974,204bf48e-12bc-317b-ab84-042f963aeaff,603,Minnie Riperton,us,e842abf7-8a63-4602-8879-75958c2884a1,,,,
1548,Save Tonight,en,m,1103,Desireless,1997,2386bf5d-c014-3f84-921e-7532096946c2,604,Eagle-Eye Cherry,se,4a5777b3-f55b-437c-8b23-d9ee7791c7fc,,,,
1549,Undisclosed Desires,en,m,396,The Resistance,2009,8411a4db-e104-4e45-995f-24b2f1849437,164,Muse,gb,9c9f1380-2516-4fc9-a3e6-f9f61941d090,,,,
1550,Sadness,en,m,1104,Rock 'n Roll Show,2005,84e22acb-dfb4-365d-ae3f-00574d2ab67f,605,Stash,be,7e2635e7-9a46-471e-aed8-9eb253ebdf2e,,,,
1551,Dead or Alive,en,m,1105,Honi Soit,1981,"0741810c-4d4c-3c2c-a510-a9543a8a0e2b",606,John Cale,gb,72c090b6-a68e-4cb9-b330-85278681a714,,,,
1552,Slave to the Rhythm,en,f,1106,Island Life,1985,e70bbd60-3144-3d4e-99d1-9e2dba4a39a0,607,Grace Jones,jm,b1c124b3-cf60-41a6-8699-92728c8a3fe0,,,,
1553,Ride,en,f,1107,Paradise,2012,f88a8087-1c93-42a5-8dd7-c1734a286948,476,Lana Del Rey,us,b7539c32-53e7-4908-bda3-81449c367da6,,,,
1554,Stand,en,m,689,Green,1988,16a9cef3-b470-3ae1-bf10-cc04232d3e21,111,R.E.M.,us,ea4dfa26-f633-4da6-a52a-f49ea4897b58,,,,
1555,Pumped Up Kicks,en,m,1108,Torches,2011,535748f7-5b3d-4a2a-8f9c-bd8baa587239,608,Foster the People,us,e0e1a584-dd0a-4bd1-88d1-c4c62895039d,,,,
1556,The Fear,en,m,524,Every Kingdom,2011,4c5dfc38-2cc5-46cd-b280-610850704f30,323,Ben Howard,gb,534dda3c-b73f-408b-8889-bd68eae84df6,,,,
1557,All I Need,en,m,674,In Rainbows,2007,6e335887-60ba-38f0-95af-fae7774336bf,104,Radiohead,gb,a74b1b7f-71a5-4011-9441-d0b5e4122711,,,,
1558,Don't You Want Me,en,m,1109,Dare,1981,e8e7999e-0b87-3298-947d-2ad22717fc27,405,The Human League,gb,7adaabfb-acfb-47bc-8c7c-59471c2f0db8,,,,
1559,Wide Open Road,en,m,1110,Born Sandy Devotional,1986,81bf7129-788e-33a1-840e-c714df7635c8,609,The Triffids,au,,,,,
1560,Lady (Hear Me Tonight),en,m,1111,Modjo,2001,7151886c-53d9-3075-9c58-3417f8d09510,610,Modjo,fr,,,,,
1561,I Want You (She's So Heavy),en,m,459,Abbey Road,1969,9162580e-5df4-32de-80cc-f45a8d8a9b1d,12,The Beatles,gb,b10bbbfc-cf9e-42e0-be17-e2c3e1d2600d,,,,
1562,Icky Thump,en,m,1112,Icky Thump,2007,2956b5fb-fd54-3da7-b742-690bc6788e99,158,The White Stripes,us,11ae9fbb-f3d7-4a47-936f-4c0a04d3b3b5,,,,
1563,Charlotte Sometimes,en,m,1113,Charlotte Sometimes,1981,148a73e5-4ff6-34e2-8129-daffc7f49922,31,The Cure,gb,69ee3720-a7cb-4402-b48d-a02c366f2bcf,,,,
1564,Life on Mars?,en,m,1114,Songs of Innocence,2004,c1fd18b8-3de9-3d1d-857a-1e8bdecc886f,611,Jasper Steverlinck,be,,,,,
1565,Once,en,m,138,Ten,1991,cea5d18a-1924-3cda-bebc-38933834b25d,94,Pearl Jam,us,83b9cbe7-9857-49e2-ab8e-b57b01038103,,,,
1566,Mad World,en,m,1115,The Hurting,1983,6901aa79-3c37-32eb-8bd2-4061049b40c5,443,Tears for Fears,gb,7c7f9c94-dee8-4903-892b-6cf44652e2de,,,,
1567,Run Like Hell,en,m,142,The Wall,1979,f2026101-945b-3d05-9ef4-aa718fc3feef,98,Pink Floyd,gb,83d91898-7763-47d7-b03b-b92132375c47,,,,
1568,Re: Stacks,en,m,807,"For Emma, Forever Ago",2008,187935b5-a0a4-3e6f-9684-48b67a5190a1,315,Bon Iver,us,437a0e49-c6ae-42f6-a6c1-84f25ed366bc,,,,
1569,Snap Out of It,en,m,272,AM,2013,a348ba2f-f8b3-4686-b928-e63d8d94d543,174,Arctic Monkeys,gb,ada7a83c-e3e1-40f1-93f9-3e73dbc9298a,,,,
1570,Kom mor ip,nl,m,1116,Rocky 7,2002,23152c03-152a-36fb-8458-a52290eb78e5,548,'t Hof Van Commerce,be,9cee75f3-0459-422e-ab8d-f3cc5ff4f96b,,,,
1571,Guaranteed,en,m,274,Into the Wild,2007,9fbbb26b-282f-36aa-9170-4b41e5fb73ef,193,Eddie Vedder,us,1a60d6dd-9d3e-40fc-a66d-3184f9ee0d61,,,,
1572,Children of the Grave,en,m,1117,Master of Reality,1971,e51e9779-2edc-3b39-959c-299fdb5ed940,14,Black Sabbath,gb,5182c1d9-c7d2-4dad-afa0-ccfeada921a8,,,,
1573,Big Yellow Taxi,en,f,1118,Ladies of the Canyon,1970,b04408f3-7a41-30f0-89c0-eba1efea3aae,423,Joni Mitchell,ca,a6de8ef9-b1a1-4756-97aa-481bbb8a4069,,,,
1574,Crispy Bacon,i,i,1119,30,1997,48b40512-64e9-31ee-8879-87ab95b8d490,186,Laurent Garnier,fr,ec477866-bfaa-48e0-affd-1c151ef61b7b,,,,
1575,Midnight Rambler,en,m,474,Let It Bleed,1969,784c0edd-0f37-33a2-9ca5-dff87b4f999c,113,The Rolling Stones,gb,b071f9fa-14b0-4217-8e97-eb41da73f598,,,,
1576,Velouria,en,m,1120,Bossanova,1990,e062f23a-ed81-3baf-8f24-8979fef060cc,99,Pixies,us,b6b2bb8d-54a9-491f-9607-7b546023b433,,,,
1577,What I've Done,en,m,558,Minutes to Midnight,2007,a4201f5c-f0d7-319c-ba9d-ba0bac38da7a,191,Linkin Park,us,f59c5520-5f46-4d2c-b2c4-822eabf53419,,,,
1578,Tangled Up in Blue,en,m,1121,Blood on the Tracks,1975,9c1b8072-eb1d-33d2-af8c-984d46e40902,16,Bob Dylan,us,72c536dc-7137-4477-a521-567eeb840fa8,,,,
1579,Joerie,nl,m,1122,Homo erectus,2006,a96cac08-f117-3ccd-b619-8a7dd28cdcae,52,Gorki,be,2fd1f1f6-9b93-49c5-85f8-64ab5d72bf59,,,,
1580,Take Me to the River,en,m,1123,More Songs About Buildings and Food,1978,2cecb2c0-cac3-3c55-8083-577308746230,137,Talking Heads,us,a94a7155-c79d-4409-9fcf-220cb0e4dc3a,,,,
1581,Tiny Dancer,en,m,1124,Madman Across the Water,1971,9c371adb-37de-308c-88ea-8e52248ab1a1,39,Elton John,gb,b83bc61f-8451-4a5d-8b8e-7e9ed295e822,,,,
1582,Flyswatter,en,m,1034,Daisies of the Galaxy,2000,ea5f23b9-55b0-3838-b25f-88a9eaf4addb,183,Eels,us,14387b0f-765c-4852-852f-135335790466,,,,
1583,Everything in Its Right Place,en,m,777,Kid A,2000,e75c0549-ad55-39e3-8025-c72c5d4a3c5d,104,Radiohead,gb,a74b1b7f-71a5-4011-9441-d0b5e4122711,,,,
1584,"Ella, elle l'a",fr,f,1125,Babacar,1987,4f701ec4-274a-349c-b8f8-fb225f379a0d,612,France Gall,fr,385966f0-b912-4755-bad6-4780ebf3f4cd,,,,
1585,Message to My Girl,en,m,1126,Conflicting Emotions,1983,af9d1aa2-1769-391b-bd22-34296f8b0164,613,Split Enz,nz,,,,,
1586,Ticket naar de zon,nl,m,1127,Nooit genoeg!,2004,2a200bc8-b1c1-4731-8702-cec7253b5033,614,Superdiesel,be,,,,,
1587,Invincible,en,m,238,Black Holes and Revelations,2006,af2e8e23-e9c3-4e67-8ad8-66387c5898fd,164,Muse,gb,9c9f1380-2516-4fc9-a3e6-f9f61941d090,,,,
1588,Stand Back,en,f,1128,The Wild Heart,1983,2c46d2f6-8db7-3710-bdce-542005b3e160,434,Stevie Nicks,us,b7f2cca2-72c6-41fb-ae33-53370fc62fe7,,,,
1589,What Else Is There?,en,f,1129,The Understanding,2005,35c2f03e-8bba-360e-bc5e-96b183147609,615,Röyksopp,no,1c70a3fc-fa3c-4be1-8b55-c3192db8a884,,,,
1590,Precious,en,m,1130,Playing the Angel,2005,27727210-39da-369c-b717-53dac0597946,163,Depeche Mode,gb,8538e728-ca0b-4321-b7e5-cff6565dd4c0,,,,
1591,Whiskey in the Jar,en,m,1131,Shades of a Blue Orphanage,1972,d563a202-d242-3906-80fe-31e66fb948ba,600,Thin Lizzy,ie,6a726ac6-019e-455c-8bbb-571a77bed52e,,,,
1592,The Ballad of Lucy Jordan,en,f,1132,Broken English,1979,96e40648-a0e2-320b-9592-fff4a49d9395,616,Marianne Faithfull,gb,14ed9dea-1bb0-4743-ba32-39674a71da89,,,,
1593,Thank U,en,f,1133,Supposed Former Infatuation Junkie,1998,d0d7a3a4-b419-3e50-b032-3255c830765e,6,Alanis Morissette,ca,4bdcee62-4902-4773-8cd1-e252e2e31225,,,,
1594,City of Blinding Lights,en,m,980,How to Dismantle an Atomic Bomb,2004,3ab33753-c16f-3e44-ae67-2fba4fd0e823,146,U2,ie,a3cb23fc-acd3-4ce0-8f36-1e5aa6a18432,,,,
1595,Fever,en,f,1134,Things Are Swingin',1959,23ce1ba4-a879-3a2f-ae0a-a926fb6ac64a,617,Peggy Lee,us,5a2463af-eef0-4a22-bc8f-5865fbe9c78e,,,,
1596,Wanna Be Startin' Somethin',en,m,94,Thriller,1982,f32fab67-77dd-3937-addc-9062e28e4c37,86,Michael Jackson,us,f27ec8db-af05-4f36-916e-3d57f91ecf5e,,,,
1597,True Colors,en,f,1135,True Colors,1986,4bc09fb5-9c33-3c33-916f-07f2a4ae7ea6,618,Cyndi Lauper,us,7bd9e20e-74b9-446a-a2ed-a223f82a36e7,,,,
1598,Mann gegen Mann,de,m,1136,Rosenrot,2005,15e65e08-85d1-3145-85b2-e18b9fbd4cba,229,Rammstein,de,b2d122f9-eadb-4930-a196-8f221eeb0c66,,,,
1599,Missing,en,f,1137,Amplified Heart,1994,6a463239-2a01-34d1-abc3-82b09ee8be4e,619,Everything but the Girl,gb,959cf5bf-ee29-4af6-a85a-0b480181d988,,,,
1600,Delay,en,f,1138,Greetings & Salutations,2011,b1d0a745-2634-4168-9691-ed4b6bc52cdf,620,Intergalactic Lovers,be,935c3435-bdb6-416d-b9d4-94d06ddb0108,,,,
1601,Downtown Train,en,m,1095,Rain Dogs,1985,fb25a883-2270-3ec4-8c62-85c7ed857e6f,142,Tom Waits,us,c3aeb863-7b26-4388-94e8-5a240f2be21b,,,,
1602,Mystify,en,m,637,Kick,1987,ec6bc9d7-01e1-3d58-8e79-960611b26f44,378,INXS,au,481bf5f9-2e7c-4c44-b08a-05b32bc7c00d,,,,
1603,Without Me,en,m,1139,The Eminem Show,2002,e9585ed4-d148-3711-bbee-55a97b58325a,217,Eminem,us,b95ce3ff-3d05-4e87-9e01-c97b66af13d4,,,,
1604,My Propeller,en,m,594,Humbug,2009,23b7e9e9-8820-4a49-b44f-a7a60e0a7e81,174,Arctic Monkeys,gb,ada7a83c-e3e1-40f1-93f9-3e73dbc9298a,,,,
1605,A Ton of Love,en,m,292,The Weight of Your Love,2013,1db9eb6b-4f42-4f1e-a0a7-e3243b657c7d,172,Editors,gb,"0efe858c-89e5-4e47-906a-356fa953fd6e",,,,
1606,On Call,en,m,1140,Because of the Times,2007,20de4fa6-4cf7-31c1-b8f2-d5c46b754d07,171,Kings of Leon,us,6ffb8ea9-2370-44d8-b678-e9237bbd347b,,,,
1607,Crushed,en,m,1141,Ire,2015,a2c8333b-cd2b-41a5-8cd2-fa4948762db8,569,Parkway Drive,au,a436dd02-0549-4c91-b608-df451217fdeb,,,,
1608,Damclub hooligan,nl,m,1142,Sinema,2004,88fac78e-81e2-3892-8354-69b5d5bb18fa,621,Heideroosjes,nl,79b6b394-6c05-40c1-9e3c-d22870eee839,,,,
1609,Flashing Lights,en,m,1143,Graduation,2007,d44c50ad-61fd-3fce-95fc-27024d7f1d30,212,Kanye West,us,164f0d73-1234-4e2c-8743-d77bf2191051,,,,
1610,Protection,en,f,1144,Protection,1994,ded46e46-788d-3c1f-b21b-9f5e9c37b1bc,82,Massive Attack,gb,10adbe5e-a2c0-4bf3-8249-2b4cbf6e6ca8,782,Tracey Thorn,gb,
1611,Casimir Pulaski Day,en,m,574,Illinois,2005,1fb75447-c513-38c4-ad8f-1bfc441aa74c,348,Sufjan Stevens,us,"01d3c51b-9b98-418a-8d8e-37f6fab59d8c",,,,
1612,Down by the River,en,m,1145,Everybody Knows This Is Nowhere,1969,f61603ab-ef6b-386b-a5e0-aaefc00543f1,88,Neil Young,ca,75167b8b-44e4-407b-9d35-effe87b223cf,,,,
1613,Roots Bloody Roots,en,m,1146,Roots,1996,f625cd30-9427-360b-b63d-e294d23b1980,622,Sepultura,br,1d93c839-22e7-4f76-ad84-d27039efc048,,,,
1614,World Leader Pretend,en,m,689,Green,1988,16a9cef3-b470-3ae1-bf10-cc04232d3e21,111,R.E.M.,us,ea4dfa26-f633-4da6-a52a-f49ea4897b58,,,,
1615,Tessellate,en,m,810,An Awesome Wave,2012,"0d8562eb-7f72-427b-8a0b-984cc5ee7766",460,alt-J,gb,fc7bbf00-fbaa-4736-986b-b3ac0266ca9b,,,,
1616,Roll Over Lay Down,en,m,1147,Hello!,1973,7d1b60cc-eedb-38a1-a821-01a0b6eb8566,590,Status Quo,gb,1884ed9c-6fe1-468d-a7f8-8d19c9c4e441,,,,
1617,Seaside,en,m,325,Inside In / Inside Out,2006,955f4066-9dfd-3363-b10f-1c9a67903faa,222,The Kooks,gb,f82f3a3e-29c2-42ca-b589-bc5dc210fa9e,,,,
1618,Brown Sugar,en,m,749,Sticky Fingers,1971,4a4213d0-f224-3d51-bcca-476f61162681,113,The Rolling Stones,gb,b071f9fa-14b0-4217-8e97-eb41da73f598,,,,
1619,Take Five,i,i,1148,Time Out,1959,"035a7881-3e2c-39d2-b110-fe26a4de94e5",623,The Dave Brubeck Quartet,us,7bf711e9-4e69-4e08-b6e8-c0cb5805f1e7,,,,
1620,Denis,en,f,1149,Plastic Letters,1978,538fc8f7-6557-3c94-b4fd-078437ace491,304,Blondie,us,4d2956d1-a3f7-44bb-9a41-67563e1a0c94,,,,
1621,When We Were Young,en,f,868,25,2015,5537624c-3d2f-4f5c-8099-df916082c85c,185,Adele,gb,cc2c9c3c-b7bc-4b8b-84d8-4fbd8779e493,,,,
1622,Charlotte,en,m,353,Fractured Life,2007,5025278f-dbe6-33ef-b0e0-af42a6246d2a,235,Air Traffic,gb,c8fb45c8-b3da-422d-a6db-73ac2ee56f77,,,,
1623,No More Heroes,en,m,1150,No More Heroes,1977,b39bd261-49e7-3ac0-9fee-baf413ca3c45,241,The Stranglers,gb,a96d82a0-cdca-40bf-b4c8-3d7ec178d85b,,,,
1624,Be My Number Two,en,m,1151,Body and Soul,1984,e2604e38-6088-3380-ae2a-a7eaf9631f16,624,Joe Jackson,gb,"07f6d469-38f3-46da-9cfa-2f532422b84e",,,,
1625,Rosie,en,m,1152,Sugar,1992,"0d4210df-a7d9-35a2-8d68-0a1196302f43",625,Claw Boys Claw,nl,,,,,
1626,Exodus,en,m,412,Exodus,1977,c5650313-60f3-34d3-92e4-300545133792,17,Bob Marley & the Wailers,jm,c296e10c-110a-4103-9e77-47bfebb7fb2e,,,,
1627,Punk Rock Song,en,m,1153,The Gray Race,1996,76a692ee-0cfd-3346-b497-f182eb0e0833,522,Bad Religion,us,149e6720-4e4a-41a4-afca-6d29083fc091,,,,
1628,Benzin,de,m,1136,Rosenrot,2005,15e65e08-85d1-3145-85b2-e18b9fbd4cba,229,Rammstein,de,b2d122f9-eadb-4930-a196-8f221eeb0c66,,,,
1629,Nightcall,en,f,1154,Nightcall,2010,83c86a97-bef1-455c-9d48-6b3b5172f20a,626,Kavinsky,fr,eb6de5f6-98f8-4b5a-bfdc-f87fa4936baa,784,Lovefoxxx,br,
1630,The Zephyr Song,en,m,303,By the Way,2002,bbf6eaa8-1340-35c8-9599-34056896ebab,109,Red Hot Chili Peppers,us,8bfac288-ccc5-448d-9573-c33ea2aa5c30,,,,
1631,Paper Planes,en,f,1155,Kala,2007,44261ea6-06cf-3fd3-a05c-42dee49c295a,627,M.I.A.,gb,7cf0ea9d-86b9-4dad-ba9e-2355a64899ea,,,,
1632,Loser,en,m,1156,Mellow Gold,1994,4f8bb33f-9e2d-34dc-8852-5d591cc104d8,628,Beck,us,309c62ba-7a22-4277-9f67-4a162526d18a,,,,
1633,From the Ritz to the Rubble,en,m,252,"Whatever People Say I Am, That's What I'm Not",2006,6c9c4985-3628-3070-b956-b538f30c9bea,174,Arctic Monkeys,gb,ada7a83c-e3e1-40f1-93f9-3e73dbc9298a,,,,
1634,Cinnamon Girl,en,m,1145,Everybody Knows This Is Nowhere,1969,f61603ab-ef6b-386b-a5e0-aaefc00543f1,88,Neil Young,ca,75167b8b-44e4-407b-9d35-effe87b223cf,,,,
1635,Pa,nl,m,1157,4us,1983,bb8ceb0a-4c8f-305b-87da-81280b16550b,629,Doe Maar,nl,,,,,
1636,Follow the Sun,en,m,1158,Spirit Bird,2012,de5aec07-812c-48b7-90ff-a3407c34924b,630,Xavier Rudd,au,6689a626-4de7-41d5-9ec3-5a289472a9e2,,,,
1637,Fallen Leaves,en,m,1159,Billy Talent II,2006,28e3683e-437f-3b89-a86b-ffa9135946e4,631,Billy Talent,ca,fd429857-5ace-4609-ae54-1502c3bdac11,,,,
1638,So What,i,i,1160,Kind of Blue,1959,8e8a594f-2175-38c7-a871-abb68ec363e7,632,Miles Davis,us,561d854a-6a28-4aa7-8c99-323e6ce46c2a,,,,
1639,Kernkraft 400,i,i,1161,Leichenschmaus,1999,31e8c6f0-b769-381c-b5db-5ec0d8f04e39,633,Zombie Nation,de,,,,,
1640,Love Buzz,en,m,130,Bleach,1989,f1afec0b-26dd-3db5-9aa1-c91229a74a24,90,Nirvana,us,5b11f4ce-a62d-471e-81fc-a69a8278c7da,,,,
1641,Dear Mr. President,en,f,1162,I'm Not Dead,2006,f38cbc7b-fbcf-3f4c-ae36-bee0c69b6778,634,P!nk,us,f4d5cc07-3bc9-4836-9b15-88a08359bc63,,,,
1642,Only Happy When It Rains,en,f,1163,Garbage,1995,dcad245f-9d95-3751-9e69-d50ca399b46a,635,Garbage,us,f9ef7a22-4262-4596-a2a8-1d19345b8e50,,,,
1643,Hotel Yorba,en,m,1164,White Blood Cells,2001,c5a0411f-374e-360d-9364-3ddec3007162,158,The White Stripes,us,11ae9fbb-f3d7-4a47-936f-4c0a04d3b3b5,,,,
1644,Keep the Faith,en,m,750,Keep the Faith,1992,"0e2ccac6-fd7b-3b8e-8dfe-07b56b61cb29",273,Bon Jovi,us,5dcdb5eb-cb72-4e6e-9e63-b7bace604965,,,,
1645,The Road to Hell,en,m,1165,The Road to Hell,1989,a0c737b5-b41c-36c2-bacb-4538c68e1748,636,Chris Rea,gb,c707b37e-cb5c-4694-be4d-46beefcb2475,,,,
1646,Forever More,en,f,1166,Statues,2003,7088bb38-bf23-30bc-843b-9d7bd5e8ce2c,436,Moloko,gb,2f94016a-3880-4d8c-9af9-0e197ee77189,,,,
1647,The Night We Met,en,m,1167,Strange Trails,2015,7c4e9b88-1f66-4805-bf75-0300d2d3549d,637,Lord Huron,us,51c76d97-0635-433c-b26d-66beb81657f8,,,,
1648,Teenage Kicks,en,m,1168,The Undertones,1979,d462b990-66d5-3c6b-bc67-4f3d152cdc45,638,The Undertones,gb,d188e4cd-d187-4df2-8516-6ff8dfd3735c,,,,
1649,Cocaine,en,m,43,Slowhand,1977,"02c2b0c7-065d-38b4-8ac0-3391839f2418",42,Eric Clapton,gb,618b6900-0618-4f1e-b835-bccb17f84294,,,,
1650,Alright,en,m,562,To Pimp a Butterfly,2015,d9103c72-3807-4378-9ce7-b6f3e8fdd547,309,Kendrick Lamar,us,381086ea-f511-4aba-bdf9-71c753dc5077,,,,
1651,I Put a Spell on You,en,f,282,I Put a Spell on You,1965,37b80fea-0129-3546-9ffe-00a719ee9e61,199,Nina Simone,us,2944824d-4c26-476f-a981-be849081942f,,,,
1652,Run for Cover,en,m,1169,Wonderful Wonderful,2017,f8f4db4d-43cc-4011-ac4e-568452736c10,168,The Killers,us,95e1ead9-4d31-4808-a7ac-32c3614c116b,,,,
1653,The Robots,en,m,1010,The Man-Machine,1978,d147e89b-90ca-35b6-9f7b-3e34b8edf63f,558,Kraftwerk,de,5700dcd4-c139-4f31-aa3e-6382b9af9032,,,,
1654,All the Kings,en,m,1170,In Dream,2015,7fb4b762-792e-4dde-9888-70a92b441a7b,172,Editors,gb,"0efe858c-89e5-4e47-906a-356fa953fd6e",,,,
1655,Maybe,en,f,1171,I Got Dem Ol' Kozmic Blues Again Mama!,1969,6906dd24-1425-3f07-97df-aa8791d27265,440,Janis Joplin,us,76c9a186-75bd-436a-85c0-823e3efddb7f,,,,
1656,Archangel,en,m,1172,Untrue,2007,fddedc4f-7a2e-3d7d-9ec5-1705c416f3f4,639,Burial,gb,9ddce51c-2b75-4b3e-ac8c-1db09e7c89c6,,,,
1657,Real Men,en,m,1173,Night and Day,1982,"0c55d762-c505-33fc-865b-5ac66cb90391",624,Joe Jackson,gb,"07f6d469-38f3-46da-9cfa-2f532422b84e",,,,
1658,If I Had a Tail,en,m,872,...Like Clockwork,2013,c92f73ee-527f-42ed-a556-fd615941e214,153,Queens of the Stone Age,us,7dc8f5bd-9d0b-4087-9f73-dc164950bbd8,,,,
1659,Time to Pretend,en,m,720,Oracular Spectacular,2007,f7da2770-bf72-3dea-8904-ff6135822724,419,MGMT,us,c485632c-b784-4ee9-8ea1-c5fb365681fc,,,,
1660,Ode to My Family,en,f,53,No Need to Argue,1994,5ece0c50-bb0b-3cdf-90e2-287a60136d69,27,The Cranberries,ie,c98d40fd-f6cf-4b26-883e-eaa515ee2851,,,,
1661,All I Want Is You,en,m,1174,Rattle and Hum,1988,bf965ead-7c91-3a9b-93c8-cf941242ee65,146,U2,ie,a3cb23fc-acd3-4ce0-8f36-1e5aa6a18432,,,,
1662,I Wanna Be Sedated,en,m,1175,Road to Ruin,1978,"0d28173a-f23f-354a-97e7-82d6190d216c",170,Ramones,us,d6ed7887-a401-47a8-893c-34b967444d26,,,,
1663,In the Ghetto,en,m,790,From Elvis in Memphis,1969,2a753764-89d5-3b72-8dff-8c599f1ea925,41,Elvis Presley,us,"01809552-4f87-45b0-afff-2c6f0730a3be",,,,
1664,Jackson,en,x,563,At Folsom Prison,1968,6b4ea595-3378-3019-be5f-058412670791,187,Johnny Cash,us,d43d12a1-2dc9-4257-a2fd-0a3bb1081b86,,,,
1665,The Boatman,en,m,498,Applause,2010,cf5ac9ca-40a0-4fea-adad-ef91518d4cc5,306,Balthazar,be,91511517-ef93-4d71-a0f0-c858272af4a7,,,,
1666,I'm Waiting for the Man,en,m,995,The Velvet Underground & Nico,1967,5cbd9d7b-597a-3c5e-bfd1-c2b364215560,149,The Velvet Underground,us,94b0fb9d-a066-4823-b2ec-af1d324bcfcf,,,,
1667,Inner Smile,en,f,1176,The Greatest Hits,2000,c72b8b75-62a6-3790-995a-23a89a9cffe1,640,Texas,gb,7289d10d-d8d2-41ff-8308-c56ec9346e07,,,,
1668,What Kind of Man,en,f,487,"How Big, How Blue, How Beautiful",2015,6ea55fd7-547f-4fc2-92b7-c7ce70c5b61b,243,Florence + the Machine,gb,5fee3020-513b-48c2-b1f7-4681b01db0c6,,,,
1669,War,en,m,1177,Rastaman Vibration,1976,9e64450d-608d-3d85-b881-9b1de24f9195,17,Bob Marley & the Wailers,jm,c296e10c-110a-4103-9e77-47bfebb7fb2e,,,,
1670,Wish I Didn't Miss You,en,f,1178,Mahogany Soul,2001,a9f84202-22e0-3dff-8d6c-b5a6ff87af41,641,Angie Stone,us,82f8dd22-0319-4f35-953c-358b3f883027,,,,
1671,From the Edge of the Deep Green Sea,en,m,428,Wish,1992,88154914-4f14-355c-8066-b3cecd38c42c,31,The Cure,gb,69ee3720-a7cb-4402-b48d-a02c366f2bcf,,,,
1672,You Want It Darker (Paul Kalkbrenner Remix),en,m,736,You Want It Darker,2016,99599db8-0e36-4a93-b0e8-350e9d7502a9,189,Leonard Cohen,ca,65314b12-0e08-43fa-ba33-baaa7b874c15,242,Paul Kalkbrenner,de,a5f92d47-b562-4582-b267-71963a515f4c
1673,Weeds,en,m,1179,Soul Searching Sun,1997,10cce768-ec93-3951-a922-c42a01911087,642,Life of Agony,us,d6ff259a-bbb6-4454-8503-80151da5f2db,,,,
1674,Fascist Cops,en,m,1180,The Kids,1978,ba59e6dc-fd88-4518-80e4-61d2fc692489,232,The Kids,be,dc1535e1-6e5a-41d8-a226-2320ae378b57,,,,
1675,How to Disappear Completely,en,m,777,Kid A,2000,e75c0549-ad55-39e3-8025-c72c5d4a3c5d,104,Radiohead,gb,a74b1b7f-71a5-4011-9441-d0b5e4122711,,,,
1676,Make You Feel My Love,en,f,1181,19,2008,9796da06-2d59-3176-8598-2105f31ee54a,185,Adele,gb,cc2c9c3c-b7bc-4b8b-84d8-4fbd8779e493,,,,
1677,Time Is Ticking Away,en,m,1182,Schizo,1999,5a10eca2-5f3b-32ce-85e9-c34ebb6c4a4d,621,Heideroosjes,nl,79b6b394-6c05-40c1-9e3c-d22870eee839,,,,
1678,Suck My Kiss,en,m,166,Blood Sugar Sex Magik,1991,68bee70d-b425-3813-aca7-dd7b912c3d11,109,Red Hot Chili Peppers,us,8bfac288-ccc5-448d-9573-c33ea2aa5c30,,,,
1679,Bang Bang (My Baby Shot Me Down),en,f,1183,How Does That Grab You?,1966,9abf08e9-0765-3db9-b4a8-1b815b71d4b7,643,Nancy Sinatra,us,c2e36518-9c3b-4dcb-82ad-a3fc7fe99c67,,,,
1680,All Star,en,m,1184,Astro Lounge,1999,bc8b23b4-3ef9-3764-90cd-bbb08f8c2926,644,Smash Mouth,us,944e1036-8a03-4611-8aa0-31515a05c848,,,,
1681,The Rock Show,en,m,974,Take Off Your Pants and Jacket,2001,e9acecde-4ae1-3430-baf7-eae53cb9d75f,393,Blink-182,us,"0743b15a-3c32-48c8-ad58-cb325350befa",,,,
1682,Crimson and Clover,en,m,1185,Crimson and Clover,1968,5809b960-4a95-47b8-bf7e-56865062bc06,645,Tommy James and the Shondells,us,a13c01e2-7739-4b25-af65-38e2fcb560e2,,,,
1683,The Fly,en,m,214,Achtung Baby,1991,744c7a1b-ac79-35c4-bd92-7e2c6a24c8d8,146,U2,ie,a3cb23fc-acd3-4ce0-8f36-1e5aa6a18432,,,,
1684,Je veux,fr,f,1186,Zaz,2010,234039cd-6dc0-48fe-901e-3cb201db32d6,646,Zaz,fr,e3214827-bd09-4d53-a88c-893d61556352,,,,
1685,Limit to Your Love,en,m,1187,James Blake,2011,e2c51226-996b-4f7c-9bdf-d52d63c46a26,647,James Blake,gb,8dc08b1f-e393-4f85-a5dd-300f7693a8b8,,,,
1687,White Flag,en,f,1189,Life for Rent,2003,11402345-2ebb-3d1a-bb01-251b7233cbc8,294,Dido,gb,d1353a0c-26fb-4318-a116-defde9c7c9ad,,,,
1688,Mother,en,m,1190,Danzig,1988,d4d49f98-71a5-3d63-9a55-95f39eb79bb7,649,Danzig,us,8925a01a-8608-411d-a90b-f3a52d061208,,,,
1689,Dancin' Fool,en,m,673,Sheik Yerbouti,1979,c2980035-5ee5-30ff-9fbc-657255fbe4fd,396,Frank Zappa,us,e20747e7-55a4-452e-8766-7b985585082d,,,,
1690,In-A-Gadda-Da-Vida,en,m,1191,In-A-Gadda-Da-Vida,1968,89a793a2-8a49-38f7-9a48-ae771b414198,650,Iron Butterfly,us,3da3e7e1-e817-47e8-8624-635df4aedbe6,,,,
1691,You,en,m,1192,The Human Thing,2003,f5f9b998-4143-3467-a20f-e268273e124e,651,Das Pop,be,d8c4900b-f228-4258-b5d8-e1916db3eae0,,,,
1692,After the Gold Rush,en,m,1193,After the Gold Rush,1970,b6a3952b-9977-351c-a80a-73e023143858,88,Neil Young,ca,75167b8b-44e4-407b-9d35-effe87b223cf,,,,
1693,Hey Girl,en,m,903,The Place Where You Will Find Us,2002,ad719508-43ef-39d6-b274-1a0526bcd6a8,157,Zornik,be,"094413ef-f334-4e4a-96b1-18ab66919357",,,,
1694,Push It,en,f,1194,"Hot, Cool & Vicious",1986,"064a787b-9619-3b66-b5f6-606396df0354",652,Salt-N-Pepa,us,26bcd35d-56a3-4e4d-8ad7-7bc5787c3af1,,,,
1695,Shape of You,en,m,1195,÷,2017,e05f9927-e24b-41c5-928d-d0e008a12444,653,Ed Sheeran,gb,b8a7c51f-362c-4dcb-a259-bc6e0095f0a6,,,,
1696,Pennyroyal Tea,en,m,131,In Utero,1993,2a0981fb-9593-3019-864b-ce934d97a16e,90,Nirvana,us,5b11f4ce-a62d-471e-81fc-a69a8278c7da,,,,
1697,Conrad,en,m,1196,I Forget Where We Were,2014,bbf38d40-fead-40b9-ae5c-32c9c6f45235,323,Ben Howard,gb,534dda3c-b73f-408b-8889-bd68eae84df6,,,,
1698,Love & Hate,en,m,397,Love & Hate,2016,c51bb243-59ac-4de0-9a51-4ead3d4e1bf8,260,Michael Kiwanuka,gb,11f570ff-44d9-4e9c-8812-e6d56103c5c1,,,,
1699,Planet Claire,en,m,1197,B-52's,1979,68699ffe-f5fd-337a-8bb9-8a196157afa8,594,The B-52's,us,127f591a-7e27-4435-92db-0780f219f3a1,,,,
1700,Tomorrow Never Knows,en,m,783,Revolver,1966,72d15666-99a7-321e-b1f3-a3f8c09dff9f,12,The Beatles,gb,b10bbbfc-cf9e-42e0-be17-e2c3e1d2600d,,,,
1701,West Coast,en,f,1198,Ultraviolence,2014,9d9b3ac3-e630-4644-92c7-fb14d4d68d86,476,Lana Del Rey,us,b7539c32-53e7-4908-bda3-81449c367da6,,,,
1702,These Arms of Mine,en,m,1199,Pain in My Heart,1964,b7998522-2870-3116-a1d4-307832e55df7,288,Otis Redding,us,82b1f5fd-cd31-41a9-b5d4-7e33f0eb9751,,,,
1703,"Reise, Reise",de,m,437,"Reise, Reise",2004,ea9bf147-abbd-39df-b927-46fc945a5140,229,Rammstein,de,b2d122f9-eadb-4930-a196-8f221eeb0c66,,,,
1704,Ho Hey,en,m,1200,The Lumineers,2012,"0304f1e1-0547-4fd9-a0cc-90bfdb7945b0",654,The Lumineers,us,bfcb6630-9b31-4e63-b11f-7b0363be72b5,,,,
1705,Strangelove,en,m,1201,Music for the Masses,1987,e59021bd-1710-3c13-9449-b78560039592,163,Depeche Mode,gb,8538e728-ca0b-4321-b7e5-cff6565dd4c0,,,,
1706,Human Fly,en,m,1202,Gravest Hits,1979,e65ea774-6bc3-3d58-b15e-c578f7f471d8,655,The Cramps,us,96c1edac-1011-4cb8-882c-27248de35071,,,,
1707,Nu of nooit,nl,m,1203,Een op een miljoen,1987,fa8ee1ab-b1b7-359e-affe-42155dd680e4,577,Tröckener Kecks,nl,dcf7e8d8-d3c0-4004-84bb-554895062604,,,,
1708,Until It Sleeps,en,m,1204,Load,1996,e389b7df-862d-3d91-a612-acca150f6e71,85,Metallica,us,65f4f0c5-ef9e-490c-aee3-909e7ae6b2ab,,,,
1709,Straight to You,en,m,1205,Henry's Dream,1992,697785ad-05f6-3067-9618-796e811e4ec3,89,Nick Cave,au,172e1f1a-504d-4488-b053-6344ba63e6d0,,,,
1710,A Long December,en,m,1206,Recovering the Satellites,1996,9bb18f1a-ae46-3fd5-83f6-a86c5f46a5f0,26,Counting Crows,us,a0327dc2-dc76-44d5-aec6-47cd2dff1469,,,,
1711,Faith,en,m,1207,Faith,1981,ce2dda01-88b9-3134-8c35-065897e9cbb2,31,The Cure,gb,69ee3720-a7cb-4402-b48d-a02c366f2bcf,,,,
1712,A Place for My Head,en,m,268,Hybrid Theory,2000,b5b4bb4b-8ba5-3acf-88cb-4cae2699d8da,191,Linkin Park,us,f59c5520-5f46-4d2c-b2c4-822eabf53419,,,,
1713,This Is the Life,en,f,1208,This Is the Life,2007,283daab4-2227-39de-85a8-d3244fb302ed,656,Amy Macdonald,gb,6aa40207-fec8-43a7-991d-b872a42def05,,,,
1714,Alone,en,f,1209,Bad Animals,1987,c3cb483f-b0b6-3e3e-9c23-2a773b4a665f,596,Heart,us,bdbd48f5-abf3-4a4f-9a21-4551dbc3fde9,,,,
1715,Little by Little,en,m,1210,Heathen Chemistry,2002,"0846b9e1-76ed-3554-9c26-0e67c84bedc6",92,Oasis,gb,39ab1aed-75e0-4140-bd47-540276886b60,,,,
1716,Private Dancer,en,f,922,Private Dancer,1984,cffc5347-3b75-37cc-9120-0ae98b2748dc,504,Tina Turner,us,9072df14-b61e-42e2-b4f4-6bbb7fdb5586,,,,
1717,No Diggity,en,m,1211,Another Level,1996,93fc9382-a268-37a5-90d2-c5c3623c6ed6,657,Blackstreet,us,d72d000b-b860-44f4-9ac1-5d82e3fff9a9,,,,
1718,Get Lucky,en,m,843,Random Access Memories,2013,aa997ea0-2936-40bd-884d-3af8a0e064dc,208,Daft Punk,fr,"056e4f3e-d505-4dad-8ec1-d04f521cbb56",783,Pharrell Williams,us,
1719,South of Heaven,en,m,1212,South of Heaven,1988,74292121-e345-3f10-85ae-013f4e5a8cae,233,Slayer,us,bdacc37b-8633-4bf8-9dd5-4662ee651aec,,,,
1720,The Worker,en,m,1213,Word Salad,1979,7920e2e0-629e-3595-b2b7-e5fe6a3eb84a,45,Fischer-Z,gb,51b13c47-bb31-4eda-aaef-7c9bf84c5d9a,,,,
1721,Superstar,en,m,1214,If I Were a Carpenter,1994,bb91a820-7ac3-386e-a1e1-9bb4f53dac77,316,Sonic Youth,us,5cbef01b-cc35-4f52-af7b-d0df0c4f61b9,,,,
1722,Elegy for a Lost Summer,en,f,1215,To Love and Be Loved,1995,f3eff32c-39e4-3663-84c2-dc53a49f8ce6,8,Anne Clark,gb,a019a8cf-2601-4a81-b3c3-7b279a873713,,,,
1723,First We Take Manhattan,en,m,569,I'm Your Man,1988,7f073c9c-f64f-3a79-bbd8-5aa7668e5cd8,189,Leonard Cohen,ca,65314b12-0e08-43fa-ba33-baaa7b874c15,,,,
1724,Elle adore le noir (pour sortir le soir),fr,m,1661,Yé Yé,1985,9547d5c3-1398-360e-8892-8eff037cddd2,138,T.C. Matic,be,72729f42-c4d4-4bad-94f0-b93730778995,,,,
1725,Davidian,en,m,1217,Burn My Eyes,1994,79ea7e92-e6c3-35ae-883a-27edbdcd7133,658,Machine Head,us,22a1f4d7-81ff-4216-ac06-3387da6bc118,,,,
1726,Crazy,en,m,1218,St. Elsewhere,2006,3c47e22a-82a6-3e49-baf8-70519b6097b7,659,Gnarls Barkley,us,a47c3aa2-7d87-475c-a2c7-1e2047dafb09,,,,
1727,Spoonman,en,m,375,Superunknown,1994,8300fe9c-0022-3c55-8a3e-8dc61f282e8c,249,Soundgarden,us,153c9281-268f-4cf3-8938-f5a4593e5df4,,,,
1728,Dirty Old Town,en,m,1219,Rum Sodomy & The Lash,1985,ba1f6641-9085-36a0-8962-65ad6e48afd1,660,The Pogues,gb,d41a6875-b626-4c0f-89a1-aecb643d29ff,,,,
1729,Perth,en,m,787,Bon Iver,2011,2cb36662-3560-4b90-a0a5-7924ac039490,315,Bon Iver,us,437a0e49-c6ae-42f6-a6c1-84f25ed366bc,,,,
1730,Leipzig,en,m,1220,Leipzig,2014,ae17a1bb-1ad5-43a3-b8cb-e61f4c95dc67,306,Balthazar,be,91511517-ef93-4d71-a0f0-c858272af4a7,,,,
1731,This World,en,f,839,Selah Sue,2011,305d7bb8-2b2f-455c-a8ba-ecb0f0cb45cf,481,Selah Sue,be,fefeb63b-9430-4fe8-a332-0c400351af50,,,,
1732,Only You,en,f,1221,Portishead,1997,46b38f09-e90b-39eb-b04f-002da20f7f96,238,Portishead,gb,8f6bd1e4-fbe1-4f50-aa9b-94c450ec0f11,,,,
1733,Smoorverliefd,nl,m,1222,Skunk,1981,95d83832-baf0-31f3-b736-92a35ab6f949,629,Doe Maar,nl,,,,,
1734,Walking in My Shoes,en,m,1223,Songs of Faith and Devotion,1993,e171597d-e6d5-36c8-8d0e-63daf79796b8,163,Depeche Mode,gb,8538e728-ca0b-4321-b7e5-cff6565dd4c0,,,,
1735,Praise You,en,m,1224,You've Come a Long Way Baby,1998,435fe38e-404c-3887-8300-cc94420a121c,661,Fatboy Slim,gb,34c63966-445c-4613-afe1-4f0e1e53ae9a,,,,
1736,Ordinary Love,en,m,1225,Mandela: Long Walk to Freedom,2013,43f684af-5c19-4c93-922e-c819e5e06f67,146,U2,ie,a3cb23fc-acd3-4ce0-8f36-1e5aa6a18432,,,,
1737,Our House,en,m,1226,Déja Vu,1970,3412fd44-c6e6-3a3b-b91a-964a055192ec,662,"Crosby, Stills, Nash & Young",us,,,,,
1739,Head Like a Hole,en,m,1227,Pretty Hate Machine,1989,fcb872a2-7ef9-3ed0-bd4a-7c55c78179b6,344,Nine Inch Nails,us,b7ffd2af-418f-4be2-bdd1-22f8b48613da,,,,
1740,Human Behaviour,en,f,1228,Debut,1993,6891a28c-5865-36e2-9e5f-c9fac1d3595f,500,Björk,is,87c5dedd-371d-4a53-9f7f-80522fb7f3cb,,,,
1741,Planet of Sound,en,m,1229,Trompe le Monde,1991,ac9b0a0c-0da6-387f-8c09-65783187346a,99,Pixies,us,b6b2bb8d-54a9-491f-9607-7b546023b433,,,,
1742,Spaceman,en,m,789,Day & Age,2008,485b458c-7b4f-38c4-a113-aa4ea29c3d6d,168,The Killers,us,95e1ead9-4d31-4808-a7ac-32c3614c116b,,,,
1743,Trains,en,m,1230,In Absentia,2002,94cfdc4c-5eb5-3b62-9dbe-8e051528c6e5,663,Porcupine Tree,gb,169c4c28-858e-497b-81a4-8bc15e0026ea,,,,
1744,Band on the Run,en,m,1231,Band on the Run,1973,2b678170-1c4e-3e61-b18c-f889fc1537b3,664,Wings,gb,d922d727-240a-4432-9a88-05a7cf9bc403,,,,
1745,Blood,en,m,667,The Back Room,2005,afcf1710-40aa-3614-85e4-ab2cf12a7a5a,172,Editors,gb,"0efe858c-89e5-4e47-906a-356fa953fd6e",,,,
1746,Uncertain Smile,en,m,1232,Soul Mining,1983,923e256a-7bf0-31e0-bddc-ec76db526c32,665,The The,gb,,,,,
1747,Reeling in the Years,en,m,523,Can't Buy a Thrill,1972,9d73a864-2976-3286-b6c1-8aabc7407737,322,Steely Dan,us,e01c3376-15fa-40d7-b747-5f219bdefdd7,,,,
1748,Ever Present,en,m,745,Admiral Freebee,2003,25149750-ce5a-3ed2-9d2c-b99ee0cde95d,432,Admiral Freebee,be,"0af18ce6-668a-4f80-8d56-5c56eee2302d",,,,
1749,Love Street,en,m,1234,Waiting for the Sun,1968,fcd64234-7729-3697-b5db-e172b739ef40,37,The Doors,us,9efff43b-3b29-4082-824e-bc82f646f93d,,,,
1751,Charlie Brown,en,m,669,Mylo Xyloto,2011,61b7b6cd-86a6-4728-9478-b58c93bca8fd,25,Coldplay,gb,cc197bad-dc9c-440d-a5b5-d52ba2e14234,,,,
1752,Feeling Good,en,m,242,Origin of Symmetry,2001,ef03fe86-b54c-3667-8768-029833e7e1cd,164,Muse,gb,9c9f1380-2516-4fc9-a3e6-f9f61941d090,,,,
1753,White Wedding,en,m,1236,Billy Idol,1982,e47df7d5-5be0-396a-a35d-a759d336d094,559,Billy Idol,gb,47c8f88b-987a-4b64-9175-2b1b57809727,,,,
1754,Primary,en,m,1207,Faith,1981,ce2dda01-88b9-3134-8c35-065897e9cbb2,31,The Cure,gb,69ee3720-a7cb-4402-b48d-a02c366f2bcf,,,,
1755,Thinking Out Loud,en,m,1237,x,2014,c24e5416-cd2e-4cff-851b-5faa78db98a2,653,Ed Sheeran,gb,b8a7c51f-362c-4dcb-a259-bc6e0095f0a6,,,,
1756,Teddy Picker,en,m,269,Favourite Worst Nightmare,2007,f113fa38-7908-3ec9-8145-d2455e78a8b2,174,Arctic Monkeys,gb,ada7a83c-e3e1-40f1-93f9-3e73dbc9298a,,,,
1757,Everybody Knows,en,m,569,I'm Your Man,1988,7f073c9c-f64f-3a79-bbd8-5aa7668e5cd8,189,Leonard Cohen,ca,65314b12-0e08-43fa-ba33-baaa7b874c15,,,,
1758,Like a Virgin,en,f,1238,Like a Virgin,1984,b69580b9-7050-3994-b544-4407a22c097a,361,Madonna,us,79239441-bfd5-4981-a70c-55c3f15c1287,,,,
1759,Skandal im Sperrbezirk,de,m,1239,Dolce Vita,1981,d059de6b-fecb-3a67-af0b-1173ca0eb1a1,667,Spider Murphy Gang,de,5dafaa94-451c-4305-887d-489a88e0b3cb,,,,
1760,Out on the Weekend,en,m,228,Harvest,1972,b25419cf-71bf-3a54-8cd4-2161c61056a0,88,Neil Young,ca,75167b8b-44e4-407b-9d35-effe87b223cf,,,,
1761,De bom,nl,m,1240,De bom,1982,90f4f383-f50f-343c-9598-f2ba0a26fb62,629,Doe Maar,nl,,,,,
1762,Wire to Wire,en,m,1241,Slipway Fires,2008,8f222e69-cca1-38c0-88bb-a87c501dd070,668,Razorlight,gb,f2cb0435-d643-4fab-9587-fdb0279330a7,,,,
1763,Cleanin' Out My Closet,en,m,1139,The Eminem Show,2002,e9585ed4-d148-3711-bbee-55a97b58325a,217,Eminem,us,b95ce3ff-3d05-4e87-9e01-c97b66af13d4,,,,
1764,Seal the Deal,en,m,631,Seal the Deal & Let's Boogie,2016,fb31cdb0-a8ac-46d9-9851-5f1aa25d25f9,224,Volbeat,dk,4753fcb7-9270-493a-974d-8daca4e49125,,,,
1765,Grounds for Divorce,en,m,443,The Seldom Seen Kid,2008,e7750214-a944-370f-a68e-99e63cda4758,279,Elbow,gb,3cb3928a-526c-4a3d-93c5-53315fa9bde0,,,,
1766,"Gie, den otto en ik",nl,m,1242,Nie voe kinders,2014,d1ca138c-cdd8-46b1-aaaf-a3c1fc31b9b7,284,Het Zesde Metaal,be,674ae793-ab49-4c56-b5c1-889b601ec06e,,,,
1768,Don't Know Why,en,f,1243,Come Away with Me,2002,6ccac9d2-22ed-33de-bd5d-f2aadcacf7f8,561,Norah Jones,us,985c709c-7771-4de3-9024-7bda29ebe3f9,,,,
1769,Gimme All Your Lovin',en,m,1065,Eliminator,1983,c58b50f0-d7a4-322c-b281-d86ebe3b8acf,507,ZZ Top,us,a81259a0-a2f5-464b-866e-71220f2739f1,,,,
1770,Shed My Skin,en,f,1244,Fuchsia Dog,2002,6d342026-829c-3246-ba90-4bf2197934a6,669,D*Note,gb,,,,,
1771,Fu-Gee-La,en,x,718,The Score,1996,dd2203dd-a149-316b-ad7f-a303dc4fc459,417,Fugees,us,ea321799-9b1d-4e74-a074-a5facf597d82,,,,
1772,Mysterious Ways,en,m,214,Achtung Baby,1991,744c7a1b-ac79-35c4-bd92-7e2c6a24c8d8,146,U2,ie,a3cb23fc-acd3-4ce0-8f36-1e5aa6a18432,,,,
1773,Fisherman's Blues,en,m,1245,Fisherman's Blues,1988,6730eae2-cc75-3510-97fc-80df1e443aac,214,The Waterboys,gb,21666405-49f8-44f6-94bb-e064f202f7ba,,,,
1775,"Take Me Home, Country Roads",en,m,1246,"Poems, Prayers and Promises",1971,7378d3cf-a3a9-3fe3-825b-70d6f0230250,670,John Denver,us,34e10b51-b5c6-4bc1-b70e-f05f141eda1e,,,,
1776,Into the Groove,en,f,1247,Into the Groove,1985,71691c5e-23cf-3999-bf8d-826f438593a9,361,Madonna,us,79239441-bfd5-4981-a70c-55c3f15c1287,,,,
1777,In My Place,en,m,49,A Rush of Blood to the Head,2002,120c786d-a3b2-3c19-b4ff-2b7b3b4435bf,25,Coldplay,gb,cc197bad-dc9c-440d-a5b5-d52ba2e14234,,,,
1778,Jump Around,en,m,1248,House of Pain (Fine Malt Lyrics),1992,22821d1b-28b3-31f7-84ca-25436862dd27,671,House Of Pain,us,c2d6a6fb-7999-4bb3-b2df-7d752fdf4e95,,,,
1779,Buffalo Stance,en,f,1249,Raw Like Sushi,1989,daf52bf4-9abf-353e-b226-ef69e1f3e95d,672,Neneh Cherry,se,527c65d1-9fdb-4482-8796-dde2980bd63a,,,,
1780,Haus am See,de,m,1250,Stadtaffe,2008,be735b88-fe7e-3988-a0e7-9d0344e80fd0,673,Peter Fox,de,,,,,
1781,She Moves in Her Own Way,en,m,325,Inside In / Inside Out,2006,955f4066-9dfd-3363-b10f-1c9a67903faa,222,The Kooks,gb,f82f3a3e-29c2-42ca-b589-bc5dc210fa9e,,,,
1782,Round Here,en,m,52,August and Everything After,1993,7c2e8889-0050-3b1f-862f-60d1a8f2cf74,26,Counting Crows,us,a0327dc2-dc76-44d5-aec6-47cd2dff1469,,,,
1783,Me & Mr Jones,en,f,263,Back to Black,2006,6eac2e57-ee50-36f8-b0c4-c4c847a2c098,188,Amy Winehouse,gb,dfe9a7c4-8cf2-47f4-9dcb-d233c2b86ec3,,,,
1784,Druk in Leuven,nl,m,1251,Gigant,1994,7eda8177-11c6-32a4-8a7b-4f2e044f36ce,534,Noordkaap,be,13e7b7a6-ac07-416d-89bf-6b97f7a5ebad,,,,
1785,Show Me Love,en,f,1252,Show Me Love,1990,946c376a-3414-38ac-ab1b-e88918677c5e,674,Robin S,us,37a0943e-9638-48fe-9a56-7192d7efbbed,,,,
1786,Burger Queen Français,fr,m,643,Without You I'm Nothing,1998,b568aff6-f2b2-3fe0-980f-417df6ccfad4,213,Placebo,gb,847e8284-8582-4b0e-9c26-b042a4f49e57,,,,
1787,Seven Horses in the Sky,en,m,1253,Seven Horses in the Sky,1968,884894d5-ee06-4263-8ed2-2bcf73e5bd2e,675,The Pebbles,be,e967d354-c7d3-42f3-9b50-7eb8224fb1d1,,,,
1788,Lily Was Here,i,i,1254,Lily Was Here,1989,ff3e01b8-e034-375c-b803-d8361c15b6ae,676,Dave Stewart,gb,183da50a-b033-408e-862b-cab1c2425cff,693,Candy Dulfer,nl,
1789,Sunday Morning,en,m,995,The Velvet Underground & Nico,1967,5cbd9d7b-597a-3c5e-bfd1-c2b364215560,149,The Velvet Underground,us,94b0fb9d-a066-4823-b2ec-af1d324bcfcf,,,,
1790,Time Bomb,en,m,1255,...And Out Come the Wolves,1995,5e85636b-0a09-377e-a37c-2fe8ab52d49f,677,Rancid,us,24f8d8a5-269b-475c-a1cb-792990b0b2ee,,,,
1791,Willie Willie,en,m,1256,Willie Willie,1981,,138,T.C. Matic,be,72729f42-c4d4-4bad-94f0-b93730778995,,,,
1792,Never Let Me Go,en,f,657,Ceremonials,2011,998f1bc8-6703-49fe-8aed-028ec04a14f2,243,Florence + the Machine,gb,5fee3020-513b-48c2-b1f7-4681b01db0c6,,,,
1793,Give a Little Bit,en,m,1257,Even in the Quietest Moments,1977,c4b68591-5d85-393e-9c97-d42a0d89900c,401,Supertramp,gb,d2ff6b6b-fc30-48dc-8952-06f9d8fc64f8,,,,
1794,Gouge Away,en,m,144,Doolittle,1989,1aa41b19-5a72-341b-bd91-4cf61d1dab6b,99,Pixies,us,b6b2bb8d-54a9-491f-9607-7b546023b433,,,,
1795,This Modern Love,en,m,288,Silent Alarm,2005,f3f82b80-b2c5-3151-be53-5cb5803860e0,203,Bloc Party,gb,8c538f11-c141-4588-8ecb-931083524186,,,,
1796,Animal Nitrate,en,m,1258,Suede,1993,85913ff9-f07e-34a9-85f4-eee5140a5881,678,Suede,gb,a55c2f1b-3f3f-4d6a-aa30-5e186dbadce6,,,,
1797,Invisible Touch,en,m,1259,Invisible Touch,1986,cd5b8b39-cdfd-337a-9fab-c2571be315c0,298,Genesis,gb,8e3fcd7d-bda1-4ca0-b987-b8528d2ee74e,,,,
1798,Race for the Prize,en,m,1260,The Soft Bulletin,1999,1a021034-95d1-3a2d-bdca-73b25e455e49,679,The Flaming Lips,us,1f43d76f-8edf-44f6-aaf1-b65f05ad9402,,,,
1799,Big City Life,en,m,1261,Signs of a Struggle,2005,83c05013-cfab-3ccf-b695-6e2d7b43460f,680,Mattafix,gb,,,,,
1800,Mr. Cab Driver,en,m,104,Let Love Rule,1989,afd82f3b-cab1-3fab-84dc-6c5c80919bd3,76,Lenny Kravitz,us,"0ef3f425-9bd2-4216-9dd2-219d2fe90f1f",,,,
1801,Thnks fr th Mmrs,en,m,1262,Infinity on High,2007,d8994512-160a-32c1-af0d-d5932f0f59df,681,Fall Out Boy,us,516cef4d-0718-4007-9939-f9b38af3f784,,,,
1802,Bird of Paradise,en,m,1263,White Flames,1983,9243f32a-7a07-4576-9904-d081610f5e20,682,Snowy White,gb,,,,,
1803,Bring on the Night,en,m,146,Reggatta de Blanc,1979,2b98e6d7-a521-332f-961e-d281ba33ba3d,100,The Police,gb,9e0e2b01-41db-4008-bd8b-988977d6019a,,,,
1804,Laat ons een bloem,nl,m,1264,Laat ons een bloem,1970,,683,Louis Neefs,be,2543ed0b-8554-4499-ae5c-52565302f4e6,,,,
1805,You Should Be Dancing,en,m,1265,Children of the World,1976,5f65c0ab-5a0b-382a-a0cb-885bf4a5e9fb,562,Bee Gees,gb,bf0f7e29-dfe1-416c-b5c6-f9ebc19ea810,,,,
1806,Like a Stone,en,m,1266,Audioslave,2002,38b34599-6352-389b-ad6a-02866357dabe,684,Audioslave,us,"020bfbb4-05c3-4c86-b372-17825c262094",,,,
1807,Forbidden Colours,en,m,1267,"Merry Christmas, Mr. Lawrence",1983,3870eb3e-3447-384e-8d8a-aeddab4ef00b,685,Ryuichi Sakamoto,jp,a7f7df4a-77d8-4f12-8acd-5c60c93f4de8,692,David Sylvian,gb,
1808,Freestyler,en,m,1268,In Stereo,1999,bc760fa2-42f0-3fbd-8366-ced487f832d3,686,Bomfunk MC's,fi,5dfbf314-2052-4c3b-9a7a-5270fb3b2a55,,,,
1809,Born to Die,en,f,1071,Born to Die,2012,4b16a1bc-8644-48ae-9b3e-8ae36aa30cfc,476,Lana Del Rey,us,b7539c32-53e7-4908-bda3-81449c367da6,,,,
1810,Dikke Lu,nl,m,1269,Dikke Lu,1994,4a1c85a8-cb68-3d26-877c-8f4e7df2aaf0,687,The Clement Peerens Explosition,be,"0e59b401-22b6-4d09-906f-e818f5a85ca5",,,,
1811,Almost Cut My Hair,en,m,1226,Déja Vu,1970,3412fd44-c6e6-3a3b-b91a-964a055192ec,662,"Crosby, Stills, Nash & Young",us,,,,,
1812,I Think We're Alone Now,en,f,1270,Tiffany,1987,4b69db8a-13ec-3410-9d24-c41ed7ff215a,688,Tiffany,us,d29c21c5-8ee7-474f-b5fd-55ac9f459d08,,,,
1813,I Believe in a Thing Called Love,en,m,1271,Permission to Land,2003,"00edead2-61f0-3122-9f23-7c741c1f39cf",689,The Darkness,gb,81df2271-03a1-46a3-bb30-cce187235312,,,,
1814,Red Red Wine,en,m,1272,Labour Of Love,1983,f1363399-2ab5-3b0c-83ee-f973230a8591,690,UB40,gb,7113aab7-628f-4050-ae49-dbecac110ca8,,,,
1815,Lilac Wine,en,m,36,Grace,1994,ea29c347-696f-3165-986d-7bad1394b178,61,Jeff Buckley,us,e6e879c0-3d56-4f12-b3c5-3ce459661a8e,,,,
1816,Future Words,en,m,1273,The Hickey Underworld,2009,3f2a03de-d729-3310-b6d7-305254ff2b40,691,The Hickey Underworld,be,da4ad390-3fb9-4191-a634-d59eeb40ec93,,,,
1817,Jaguar,i,i,1274,Knights of the Jaguar,1999,,694,DJ Rolando a.k.a. The Aztec Mystic,us,,,,,
1818,Born on the Bayou,en,m,1275,Bayou Country,1969,ef55850c-7b38-30fc-8f8d-d10f28784094,29,Creedence Clearwater Revival,us,109958eb-a335-4c5e-907e-597ff4c6af46,,,,
1819,Even Better Than the Real Thing,en,m,214,Achtung Baby,1991,744c7a1b-ac79-35c4-bd92-7e2c6a24c8d8,146,U2,ie,a3cb23fc-acd3-4ce0-8f36-1e5aa6a18432,,,,
1820,I Put a Spell on You,en,m,1276,I Put a Spell on You,1956,dca8d80e-3d8c-3d19-97b5-8945be7a7cd0,695,Screamin' Jay Hawkins,us,,,,,
1821,Graceless,en,m,454,Trouble Will Find Me,2013,a5a2875f-41cb-4c48-9a72-e845d224db96,181,The National,us,664c3e0e-42d8-48c1-b209-1efca19c0325,,,,
1822,Man in Black,en,m,1277,Man In Black,1971,4c301360-e5ef-3a4c-befc-1ef642de8b50,187,Johnny Cash,us,d43d12a1-2dc9-4257-a2fd-0a3bb1081b86,,,,
1823,Dew on the Vine,en,m,1278,Red Earth & Pouring Rain,2016,"04e62c24-9c3c-4637-87d1-f472e80b8274",369,Bear's Den,gb,f11f6e85-a39a-4dd8-875b-cd84839ddec6,,,,
1824,Sgt. Pepper's Lonely Hearts Club Band,en,m,10,Sgt. Pepper's Lonely Hearts Club Band,1967,9f7a4c28-8fa2-3113-929c-c47a9f7982c3,12,The Beatles,gb,b10bbbfc-cf9e-42e0-be17-e2c3e1d2600d,,,,
1825,The Magnificent Seven,en,m,1279,Sandinista!,1980,ff729e76-b7c5-3877-bf7d-bbad4fde43cb,219,The Clash,gb,8f92558c-2baa-4758-8c38-615519e9deda,,,,
1826,Sing for the Moment,en,m,1139,The Eminem Show,2002,e9585ed4-d148-3711-bbee-55a97b58325a,217,Eminem,us,b95ce3ff-3d05-4e87-9e01-c97b66af13d4,,,,
1828,Perfectly Good Guitar,en,m,1281,Perfectly Good Guitar,1993,3db6103e-7fa8-3222-ac24-3eea290fe498,64,John Hiatt,us,e78202c9-7717-435c-9aac-dd5ebc4e64d5,,,,
1829,Rosenrot,de,m,1136,Rosenrot,2005,15e65e08-85d1-3145-85b2-e18b9fbd4cba,229,Rammstein,de,b2d122f9-eadb-4930-a196-8f221eeb0c66,,,,
1830,She's a Mystery to Me,en,m,1081,Mystery Girl,1989,aeb579a3-c372-3d2d-a3ce-eab86c8311f0,115,Roy Orbison,us,"0bbbc496-c7b5-4b3f-bb6d-bd312827d6e5",,,,
1831,I Feel the Earth Move,en,f,1066,Tapestry,1971,6e4f39e6-3403-39d7-81c6-8e61a990d509,585,Carole King,us,bf6c29f5-b69f-4842-9031-37f9645d365d,,,,
1832,Keep the Car Running,en,m,354,Neon Bible,2007,c091b282-aa91-3bc0-9c95-938db1f1f930,165,Arcade Fire,ca,52074ba6-e495-4ef3-9bb4-0703888a9f68,,,,
1833,You Got The Love,en,f,1282,You Got the Love,1986,24b07839-3a80-4529-a65f-ba49553730a7,696,The Source,gb,,697,Candi Staton,us,
1834,Je veux de l'amour,nl,m,1283,Leven en liefdes,1980,f26cd3e4-fe3b-39a3-93c7-c1ae121e209e,108,Raymond van het Groenewoud,be,ba6f20f8-d777-44d4-abd6-4fcb840783a3,,,,
1835,La Rock 01,i,i,1284,La Rock 01,2001,,698,Vitalic,fr,1f064e2d-aa55-4631-8f62-e2c14bbe1f4e,,,,
1836,As,en,m,544,Songs in the Key of Life,1976,ea88b09b-fd34-33cf-a3e5-25a3a2fb4c6f,259,Stevie Wonder,us,1ee18fb3-18a6-4c7f-8ba0-bc41cdd0462e,,,,
1837,Take It Easy,en,m,1285,Eagles,1972,23eafc30-3978-37fb-bfa0-8058aa1eb81a,38,Eagles,us,f46bd570-5768-462e-b84c-c7c993bbf47e,,,,
1838,Nobelprijs,nl,m,1286,Adrenaline,1996,80e4876d-1aac-3c65-98b0-32001f7ea339,699,Clouseau,be,e24a10ec-55b4-408e-858a-3d348e5fa47c,,,,
1839,More Than a Woman,en,m,1016,Saturday Night Fever,1977,6e9a06a8-c8bb-3ea9-877a-417e74bb1c2e,562,Bee Gees,gb,bf0f7e29-dfe1-416c-b5c6-f9ebc19ea810,,,,
1840,Shook Ones (Part II),en,m,1287,The Infamous,1995,"03f3c216-bd40-322b-ac8a-254816ff5573",700,Mobb Deep,us,d75d1f08-bbb8-4eae-9877-399ca9121197,,,,
1841,Take Me to Church,en,m,1288,Hozier,2014,"06af18b0-1f97-4282-8a4d-af53ae8d9377",701,Hozier,ie,b4691384-50c3-4afd-9988-51d3ec5db65d,,,,
1842,Give Me the Night,en,m,1289,Give Me the Night,1980,899999b9-f436-3b38-a813-893100d3169f,702,George Benson,us,467f69b6-8d6d-4d2c-bfad-e89adf2806ff,,,,
1843,Too Long,en,m,301,Discovery,2001,48117b90-a16e-34ca-a514-19c702df1158,208,Daft Punk,fr,"056e4f3e-d505-4dad-8ec1-d04f521cbb56",,,,
1844,Videotape,en,m,674,In Rainbows,2007,6e335887-60ba-38f0-95af-fae7774336bf,104,Radiohead,gb,a74b1b7f-71a5-4011-9441-d0b5e4122711,,,,
1845,No One's Gonna Love You,en,m,1290,Cease to Begin,2007,b8ecb643-255e-353c-a6c4-6148c05d201d,221,Band of Horses,us,"07b6020a-c539-4d68-aeef-f159f3befc76",,,,
1846,Stink-Foot,en,m,1291,Apostrophe ('),1974,2f3aa511-3270-3bb0-9661-0a7ed7e04be0,396,Frank Zappa,us,e20747e7-55a4-452e-8766-7b985585082d,,,,
1847,Erotic City,en,m,1292,Let's Go Crazy,1984,34fec263-4a8a-36ae-998f-563dafb0f233,101,Prince,us,"070d193a-845c-479f-980e-bef15710653e",,,,
1848,Lady Shave,en,m,1293,Make Room,1981,cbcae4c8-a034-3376-9d87-9562f749c040,703,Fad Gadget,gb,,,,,
1849,A Dustland Fairytale,en,m,789,Day & Age,2008,485b458c-7b4f-38c4-a113-aa4ea29c3d6d,168,The Killers,us,95e1ead9-4d31-4808-a7ac-32c3614c116b,,,,
1850,Ruimtevaarder,nl,m,1294,Lof der waanzin,2002,e906e8b0-b4bb-3ac5-9f3d-d88224ce0363,704,Kommil Foo,be,,,,,
1851,Foxy Lady,en,m,88,Are You Experienced,1967,da40e720-2097-3730-8a7f-0c2ddbff4a96,62,Jimi Hendrix,us,"06fb1c8b-566e-4cb2-985b-b467c90781d4",,,,
1852,Walking on a Dream,en,m,1295,Walking on a Dream,2008,879f9aca-eb19-398e-b696-f2f0b07bc980,705,Empire of the Sun,au,ac7e838c-3d95-47c2-92a9-81767ad7c217,,,,
1853,Running on Empty,en,m,35,Running On Empty,1977,786211b5-6caa-3c76-903e-9c085bc7e117,59,Jackson Browne,us,88527d26-7496-47c5-8358-ebdb1868a90f,,,,
1854,Walls,en,m,1296,WALLS,2016,"0cd14270-9999-4c8b-ac84-06a52cad5c64",171,Kings of Leon,us,6ffb8ea9-2370-44d8-b678-e9237bbd347b,,,,
1855,Cowgirl,en,m,1280,Dubnobasswithmyheadman,1994,3fa924b2-aae8-3ab6-b2d3-f647a8a8e8f6,148,Underworld,gb,ba2f4f3b-0293-4bc8-bb94-2f73b5207343,,,,
1856,Blinded by the Light,en,m,1298,The Roaring Silence,1976,1c48487e-ae95-3197-9158-dbc23a26cc5d,706,Manfred Mann's Earth Band,gb,83e9c775-84ea-4cf6-abdf-b9ffa8c3d060,,,,
1857,My Beloved Monster,en,m,495,Beautiful Freak,1996,119a9488-9980-3645-be68-f50210a35a26,183,Eels,us,14387b0f-765c-4852-852f-135335790466,,,,
1858,Wishing (If I Had a Photograph of You),en,m,1299,Listen,1983,ac1f1eb0-3bee-3154-ae46-03885c7de20c,707,A Flock of Seagulls,gb,aaa436da-b331-4e58-a0fd-3d64d090c120,,,,
1859,Another Love,en,m,1300,Long Way Down,2013,efdda5d4-b0f4-432b-9418-8c153873ec31,708,Tom Odell,gb,fee6a7fb-80d9-4290-a171-e48f1f20e381,,,,
1860,Under Cover of Darkness,en,m,1301,Angles,2011,82534223-127b-489c-9e52-45091d425208,410,The Strokes,us,f181961b-20f7-459e-89de-920ef03c7ed0,,,,
1861,Bathroom Singer,en,m,1302,Charlatan,1988,f63ff2eb-8144-3c83-8e34-d093b9c92c08,267,Arno,be,"03a82b66-d021-4754-aca2-399d51ee6199",,,,
1862,My Own Summer (Shove It),en,m,1303,Around the Fur,1997,6f935b80-160f-3787-97d6-a4ce342cf8c5,709,Deftones,us,7527f6c2-d762-4b88-b5e2-9244f1e34c46,,,,
1863,Cat People (Putting Out Fire),en,m,1304,Cat People,1982,55538409-6a4e-3abe-9c7f-dd94151c537d,32,David Bowie,gb,5441c29d-3602-4898-b1a1-b77fa23b8e50,,,,
1864,Extreme Ways,en,m,1305,18,2002,f83ca650-ae20-3347-ba06-5eaa9ab163af,201,Moby,us,8970d868-0723-483b-a75b-51088913d3d4,,,,
1865,The Needle and the Damage Done,en,m,228,Harvest,1972,b25419cf-71bf-3a54-8cd4-2161c61056a0,88,Neil Young,ca,75167b8b-44e4-407b-9d35-effe87b223cf,,,,
1866,Strange Fruit,en,f,455,Pastel Blues,1965,1b3233e2-15ed-344e-bc8e-6630455db87f,199,Nina Simone,us,2944824d-4c26-476f-a981-be849081942f,,,,
1867,Danger Zone,en,m,1306,Halo,2012,b112c68b-6ed4-45d2-889c-0160038a44bf,397,The Van Jets,be,15fa2639-cea9-4f13-8ed7-88ad594fdfb9,,,,
1868,Karmacoma,en,m,1144,Protection,1994,ded46e46-788d-3c1f-b21b-9f5e9c37b1bc,82,Massive Attack,gb,10adbe5e-a2c0-4bf3-8249-2b4cbf6e6ca8,,,,
1869,Ceremony,en,m,1307,Ceremony,1981,b9aeab84-8350-4a5c-8d1c-870c28e3e066,290,New Order,gb,f1106b17-dcbb-45f6-b938-199ccfab50cc,,,,
1870,You've Got a Friend,en,f,1066,Tapestry,1971,6e4f39e6-3403-39d7-81c6-8e61a990d509,585,Carole King,us,bf6c29f5-b69f-4842-9031-37f9645d365d,,,,
1871,(I Just) Died in Your Arms,en,m,1308,Broadcast,1986,fc218e4c-8cee-36d7-b8ee-595879839b24,710,Cutting Crew,gb,2aa79fa9-7ac0-443b-b250-18d67227a1cb,,,,
1872,Ray of Light,en,f,971,Ray of Light,1998,cb93e87f-5d21-3447-a6e8-22d44f9b0d7a,361,Madonna,us,79239441-bfd5-4981-a70c-55c3f15c1287,,,,
1873,My Funny Valentine,en,m,1309,My Funny Valentine,1952,,711,Chet Baker,us,,,,,
1874,Dream Brother,en,m,36,Grace,1994,ea29c347-696f-3165-986d-7bad1394b178,61,Jeff Buckley,us,e6e879c0-3d56-4f12-b3c5-3ce459661a8e,,,,
1875,Citizen Erased,en,m,242,Origin of Symmetry,2001,ef03fe86-b54c-3667-8768-029833e7e1cd,164,Muse,gb,9c9f1380-2516-4fc9-a3e6-f9f61941d090,,,,
1876,Tom's Diner,en,f,1310,Tom's Diner,1990,73428411-e74b-3b8a-8d8c-89243c6826fe,712,DNA,gb,,136,Suzanne Vega,us,cf119120-7df5-47d7-9dec-49f8837a4e40
1877,Breakout,en,m,345,There Is Nothing Left to Lose,1999,1cfc9a17-1fdb-30dd-83ca-dce93c481492,167,Foo Fighters,us,67f66c07-6e61-4026-ade5-7e782fad3a5d,,,,
1878,Kvraagetaan,nl,m,1311,Fixkes,2007,"08c619f0-50b1-3df3-a02d-aac5ec8645d4",713,Fixkes,be,24d93680-b1db-4eac-9032-c24c3c01ba01,,,,
1879,You Could Be Mine,en,m,821,Use Your Illusion II,1991,617c9f00-9488-3a70-a994-9de312541617,55,Guns n' Roses,us,eeb1195b-f213-4ce1-b28c-8565211f8e43,,,,
1880,I Can't Dance,en,m,1029,We Can't Dance,1991,1f94530c-4206-3c2f-a3e8-8f9bed86590e,298,Genesis,gb,8e3fcd7d-bda1-4ca0-b987-b8528d2ee74e,,,,
1881,Vicious,en,m,169,Transformer,1972,6c8345df-f822-33af-b64a-eff2e46941b9,79,Lou Reed,us,9d1ebcfe-4c15-4d18-95d3-d919898638a1,,,,
1882,Drain You,en,m,129,Nevermind,1991,1b022e01-4da6-387b-8658-8678046e4cef,90,Nirvana,us,5b11f4ce-a62d-471e-81fc-a69a8278c7da,,,,
1883,Oh Yeah,en,m,1312,Flesh and Blood,1980,48cb1f6d-d65a-3e5d-aabb-83977322d3fd,114,Roxy Music,gb,331ce348-1b08-40b9-8ed7-0763b92bd003,,,,
1884,I'm Shipping Up to Boston,en,m,1313,The Warrior's Code,2005,d9b5becd-b49c-3554-8a06-9e8c6f7d3fbe,268,Dropkick Murphys,us,e8374874-4178-4869-b92e-fef6bf30dc04,,,,
1885,"New Person, Same Old Mistakes",en,m,772,Currents,2015,"08aa7a6c-3e43-4459-87b2-e47faf3a088a",445,Tame Impala,au,63aa26c3-d59b-4da4-84ac-716b54f1ef4d,,,,
1886,Cars,en,m,1314,The Pleasure Principle,1979,2ba66802-18a7-3bf4-958c-db871a6e7f34,714,Gary Numan,gb,6cb79cb2-9087-44d4-828b-5c6fdff2c957,,,,
1887,I've Seen That Face Before (Libertango),en,f,1315,Nightclubbing,1981,8a0fff99-479d-3fe3-849f-0ddc8d22d304,607,Grace Jones,jm,b1c124b3-cf60-41a6-8699-92728c8a3fe0,,,,
1888,Inner City Blues (Make Me Wanna Holler),en,m,744,What's Going On,1971,c1fa4d2c-ec62-37d5-b01d-6df7f8fd2c90,81,Marvin Gaye,us,afdb7919-059d-43c1-b668-ba1d265e7e42,,,,
1889,Panic,en,m,1052,The World Won't Listen,1987,987715ca-eb75-3aeb-bb5e-84bc3428962b,130,The Smiths,gb,40f5d9e4-2de7-4f2d-ad41-e31a9a9fea27,,,,
1890,Heal the World,en,m,1316,Dangerous,1991,d6b52521-0dfa-390f-970f-790174c22752,86,Michael Jackson,us,f27ec8db-af05-4f36-916e-3d57f91ecf5e,,,,
1891,Russians,en,m,1317,The Dream of the Blue Turtles,1985,93ef0ae1-0735-3699-b450-d79bdcb3d0b8,424,Sting,gb,7944ed53-2a58-4035-9b93-140a71e41c34,,,,
1892,Proud Mary,en,m,1275,Bayou Country,1969,ef55850c-7b38-30fc-8f8d-d10f28784094,29,Creedence Clearwater Revival,us,109958eb-a335-4c5e-907e-597ff4c6af46,,,,
1893,Michelle,en,m,660,Rubber Soul,1965,dca03435-8adb-30a5-ba82-5a162267ff38,12,The Beatles,gb,b10bbbfc-cf9e-42e0-be17-e2c3e1d2600d,,,,
1894,Set Fire to the Rain,en,f,258,21,2011,e4174758-d333-4a8e-a31f-dd0edd51518e,185,Adele,gb,cc2c9c3c-b7bc-4b8b-84d8-4fbd8779e493,,,,
1895,Nothing Compares 2 U,en,x,1318,The Hits / The B-Sides,1993,"066e19c3-7f37-345a-adbe-9b06d07a39af",101,Prince,us,"070d193a-845c-479f-980e-bef15710653e",,,,
1896,The Sky Was Pink (James Holden Remix),i,i,1319,The Sky Was Pink,2004,d495bbd4-400e-3dbe-bc59-b2e356a0959d,715,Nathan Fake,gb,a77f6f2f-19a2-4648-9018-3ad3aa4c1b9b,,,,
1897,This Is the Day,en,m,1232,Soul Mining,1983,923e256a-7bf0-31e0-bddc-ec76db526c32,665,The The,gb,,,,,
1898,The View from the Afternoon,en,m,252,"Whatever People Say I Am, That's What I'm Not",2006,6c9c4985-3628-3070-b956-b538f30c9bea,174,Arctic Monkeys,gb,ada7a83c-e3e1-40f1-93f9-3e73dbc9298a,,,,
1899,Nederwiet,nl,m,1222,Skunk,1981,95d83832-baf0-31f3-b736-92a35ab6f949,629,Doe Maar,nl,,,,,
1900,Sour Times,en,f,361,Dummy,1994,48140466-cff6-3222-bd55-63c27e43190d,238,Portishead,gb,8f6bd1e4-fbe1-4f50-aa9b-94c450ec0f11,,,,
1901,Crazy on You,en,f,1320,Dreamboat Annie,1975,65ebadae-3fcc-32c2-a161-a2cd53854c9b,596,Heart,us,bdbd48f5-abf3-4a4f-9a21-4551dbc3fde9,,,,
1902,Dancing on the Ceiling,en,m,1321,Dancing on the Ceiling,1986,"0da827b5-0d14-382c-ba26-9db0c3591c14",384,Lionel Richie,us,3cb25fb2-5547-4b05-adec-1a5e37830d46,,,,
1903,Big Log,en,m,1322,The Principle of Moments,1983,3344ffb8-2808-3563-96e4-4dd268c7fc33,716,Robert Plant,gb,bd53f9a7-8be9-46b0-bf7d-1deea3cb57bc,,,,
1904,Spanish Stroll,en,m,1323,Cabretta,1977,"05991b75-0535-3cd3-a2f3-3a6fc37f00a6",717,Mink DeVille,us,1c2938ae-37df-44a7-8630-be2cb1d357e0,,,,
1905,Waterloo Sunset,en,m,1324,Something Else,1967,ab0ea2d3-a273-3d7f-855b-f9930a1395cf,70,The Kinks,gb,17b53d9f-5c63-4a09-a593-dde4608e0db9,,,,
1906,Reach Out I'll Be There,en,m,1325,Reach Out,1967,6fdc3cfa-7bac-3b19-aa87-94947ef40ffa,718,Four Tops,us,"0d21b01f-21f2-419b-8d98-4158ba0c0aa4",,,,
1907,More,en,m,1326,Vision Thing,1990,cfe2791c-c9be-3140-9aa3-5e96126cbeab,126,The Sisters of Mercy,gb,553d8166-27b0-49fe-b8e4-89a984e2c375,,,,
1908,Southern Man,en,m,1193,After the Gold Rush,1970,b6a3952b-9977-351c-a80a-73e023143858,88,Neil Young,ca,75167b8b-44e4-407b-9d35-effe87b223cf,,,,
1909,My Generation,en,m,923,Chocolate Starfish and the Hot Dog Flavored Water,2000,55203b2f-314b-39c2-9e48-56a95e41a337,408,Limp Bizkit,us,8f9d6bb2-dba4-4cca-9967-cc02b9f4820c,,,,
1910,Violently Happy,en,f,1228,Debut,1993,6891a28c-5865-36e2-9e5f-c9fac1d3595f,500,Björk,is,87c5dedd-371d-4a53-9f7f-80522fb7f3cb,,,,
1911,West End Girls,en,m,1327,Please,1986,4bb45b34-c884-3179-a518-2cabdc8e7210,719,Pet Shop Boys,gb,be540c02-7898-4b79-9acc-c8122c7d9e83,,,,
1912,Love Me or Leave Me,en,f,848,Little Girl Blue,1958,19ca48c1-af98-3000-bc9a-97ef5fa3e3be,199,Nina Simone,us,2944824d-4c26-476f-a981-be849081942f,,,,
1913,Girls on Film,en,m,1328,Duran Duran,1981,c5be9f5c-4c9e-3d74-a4a6-a225d03ffcf4,491,Duran Duran,gb,1a1cd7f3-e5df-4eca-bae2-2757c9e656b5,,,,
1914,Fashion,en,m,32,Scary Monsters (and Super Creeps),1980,bb13cb45-254c-3a61-89a5-15d22a97e6d6,32,David Bowie,gb,5441c29d-3602-4898-b1a1-b77fa23b8e50,,,,
1915,Waiting in Vain,en,m,412,Exodus,1977,c5650313-60f3-34d3-92e4-300545133792,17,Bob Marley & the Wailers,jm,c296e10c-110a-4103-9e77-47bfebb7fb2e,,,,
1916,White Winter Hymnal,en,m,1329,Fleet Foxes,2008,af9a5099-04c5-3aaf-b0d1-fa160bd92e02,441,Fleet Foxes,us,fa97dd36-1b82-43d7-a6e4-2adeafd59cef,,,,
1917,Salva Mea,en,m,71,Reverence,1996,1bb277e1-20ed-399f-99f2-c97aea745092,44,Faithless,gb,23d9d74d-c95e-46a6-be26-a6075c49747a,,,,
1918,Twenty Years,en,m,1330,Once More with Feeling: Singles 1996–2004,2004,8999013f-68e7-33bb-be0b-cdb8e39cb6c9,213,Placebo,gb,847e8284-8582-4b0e-9c26-b042a4f49e57,,,,
1919,La vie en rose,fr,f,1331,La vie en rose,1947,"034492f4-f465-4d05-8172-7ff0fa9662c9",576,Édith Piaf,fr,4f8ef4a3-40fa-46b5-8773-97686a8424f4,,,,
1920,Babacar,fr,f,1125,Babacar,1987,4f701ec4-274a-349c-b8f8-fb225f379a0d,612,France Gall,fr,385966f0-b912-4755-bad6-4780ebf3f4cd,,,,
1921,Hey You,en,m,142,The Wall,1979,f2026101-945b-3d05-9ef4-aa718fc3feef,98,Pink Floyd,gb,83d91898-7763-47d7-b03b-b92132375c47,,,,
1922,Listen to Your Heart,en,f,1332,Look Sharp!,1988,ed44808f-8596-3696-8499-2cdd5f4d21b0,720,Roxette,se,d3b2711f-2baa-441a-be95-14945ca7e6ea,,,,
1923,Mary Jane's Last Dance,en,m,1333,Greatest Hits,1993,cb29784b-db64-3cce-b269-ce711862ca3a,352,Tom Petty,us,f93dbc64-6f08-4033-bcc7-8a0bb4689849,,,,
1925,Join Me,en,m,1335,Razorblade Romance,1999,17cb76c8-851a-3c15-ac6c-273d5131dfc7,721,HIM,fi,4cc51547-88ae-49a2-bf7e-0ef65ee7a94c,,,,
1926,Say a Little Prayer (live),en,f,1336,Say a Little Prayer (Live),2016,f40d1ba1-fc41-4b08-8aff-61ea6ae1bd37,722,Lianne La Havas,gb,680466d6-f05b-44f6-858d-625d1b5087f6,,,,
1927,My Favourite Game,en,f,1337,Gran Turismo,1998,80f8c2b9-c92a-32bf-a267-6119bc80f513,723,The Cardigans,se,3e55d51d-687f-4a9d-af96-2fabccf802e5,,,,
1928,Venus as a Boy,en,f,1228,Debut,1993,6891a28c-5865-36e2-9e5f-c9fac1d3595f,500,Björk,is,87c5dedd-371d-4a53-9f7f-80522fb7f3cb,,,,
1929,The Message,en,m,1338,The Message,1982,2348a270-ad78-30e1-b50f-82b2445c15f0,724,Grandmaster Flash & The Furious Five,us,1390d663-2f56-4b41-9f75-f45ba489250b,,,,
1930,With Arms Wide Open,en,m,1339,Human Clay,1999,1e3d8943-22c1-39b1-9b7c-32f594e30db8,725,Creed,us,4b1a830b-0a1f-42e5-b8d5-1d6743912e99,,,,
1931,As I Sat Sadly by Her Side,en,m,1340,No More Shall We Part,2001,82c9fedb-4475-378b-b850-6e119d6b1828,89,Nick Cave,au,172e1f1a-504d-4488-b053-6344ba63e6d0,,,,
1932,Jimmy,nl,m,1341,Hoe sterk is de eenzame fietser,1973,a9e7a5f9-d8c4-3c4c-8d02-57e95f4540ca,726,Boudewijn de Groot,nl,eb4b6d16-9d9d-481e-85ad-fd972827bc91,,,,
1933,Stand by Me,en,m,826,Be Here Now,1997,aea3ea51-121e-30a6-adc2-c63e659603ac,92,Oasis,gb,39ab1aed-75e0-4140-bd47-540276886b60,,,,
1934,Daar gaat ze,nl,m,1342,Hoezo?,1989,9793b1fd-626d-3d96-acfa-e0cc9a89fa0f,699,Clouseau,be,e24a10ec-55b4-408e-858a-3d348e5fa47c,,,,
1935,Sit Down,en,m,1343,Gold Mother,1990,6c576c44-d60c-3b0d-9b0e-eac71ca803d4,727,James,gb,a2accb58-6099-4cb5-a3c8-f6332f364db5,,,,
1936,Fairytale of New York,en,x,1344,If I Should Fall from Grace with God,1988,46451c52-7d69-3d8a-91f5-9d4b65488f59,660,The Pogues,gb,d41a6875-b626-4c0f-89a1-aecb643d29ff,781,Kirsty MacColl,gb,
1937,Ship to Wreck,en,f,487,"How Big, How Blue, How Beautiful",2015,6ea55fd7-547f-4fc2-92b7-c7ce70c5b61b,243,Florence + the Machine,gb,5fee3020-513b-48c2-b1f7-4681b01db0c6,,,,
1938,A Change Is Gonna Come,en,m,1345,Ain't That Good News,1964,9e46abfc-1267-350f-b2d3-600ec3fc7d85,728,Sam Cooke,us,6c8fd0be-d961-454c-aee0-4366a6dbc993,,,,
1939,Girls & Boys,en,m,999,Parklife,1994,67461c8e-d864-3910-9bf4-39e44357aac9,15,Blur,gb,ba853904-ae25-4ebb-89d6-c44cfbd71bd2,,,,
1940,Requiem pour un con,fr,m,1346,Requiem pour un con,1968,,729,Serge Gainsbourg,fr,,,,,
1941,Rock with You,en,m,1347,Off the Wall,1979,ee749c63-5699-38e0-b565-7e84414648d9,86,Michael Jackson,us,f27ec8db-af05-4f36-916e-3d57f91ecf5e,,,,
1943,Can I Kick It?,en,m,1349,People's Instinctive Travels and the Paths of Rhythm,1990,"02adb8a7-496c-3a9a-a324-662df73fdba5",730,A Tribe Called Quest,us,9689aa5a-4471-4fb4-9721-07cecda0fa9f,,,,
1944,Sanctify Yourself,en,m,680,Once Upon a Time,1985,8b184afd-58a6-3626-a4c6-67089ab88734,124,Simple Minds,gb,f41490ce-fe39-435d-86c0-ab5ce098b423,,,,
1945,Kom terug,nl,m,1350,"Tot ziens, Justine Keller",2011,fdcf7911-e7a9-427a-94d0-81a5fe17cedc,567,Spinvis,nl,5a87d06c-2123-450a-9388-cf121eeb8729,,,,
1946,Sexy Boy,fr,f,779,Moon Safari,1998,b0bf2b77-b8cf-32f6-8893-9741d757b400,448,Air,fr,cb67438a-7f50-4f2b-a6f1-2bb2729fd538,,,,
1947,Spellbound,en,f,1351,Juju,1981,844bfb05-2b51-35e2-8063-1c8e6746c781,579,Siouxsie and the Banshees,gb,78ea5ea1-3c4d-4b7e-ac5d-68900319ebe2,,,,
1948,Root Down,en,m,26,Ill Communication,1994,1134696c-1078-3c38-bcaa-4ee7c320670a,11,Beastie Boys,us,9beb62b2-88db-4cea-801e-162cd344ee53,,,,
1949,Can't Stand Losing You,en,m,145,Outlandos d'Amour,1978,3d55b5a4-a81f-3b8e-8d7e-802ce1c86596,100,The Police,gb,9e0e2b01-41db-4008-bd8b-988977d6019a,,,,
1950,Moan,en,f,1352,The Last Resort,2006,4e740a9d-7190-3b9d-bf80-eddca3f2dfdb,731,Trentemøller,dk,95e9aba6-f85c-48a0-9ec9-395d4f0e3875,,,,
1951,Knockin' on Heaven's Door,en,m,1353,Pat Garrett & Billy The Kid,1973,443726be-82e0-3d6d-ab2a-2de3099b0dde,16,Bob Dylan,us,72c536dc-7137-4477-a521-567eeb840fa8,,,,
1952,Verliefd op Chris Lomme,nl,m,520,Hier en nu,1990,feb814b3-3458-326c-9379-13f217e24587,320,De Kreuners,be,ced59532-a7e5-4cb4-8ef2-5b9daf17bfa9,,,,
1953,Rose rouge,en,m,1354,Tourist,2000,"0f8ce4c1-f224-37bc-8a2c-8c930082aebd",732,St Germain,fr,9a04dc8c-82f1-457a-a25a-3ff19e1b471e,,,,
1954,I Try,en,f,1355,On How Life Is,1999,c11d43b3-bde3-3184-8f69-ea7a5dac974f,733,Macy Gray,us,48772747-4cda-4ba8-b470-cfd5a32e05f7,,,,
1955,Don't Look Back into the Sun,en,m,1356,Don't Look Back into the Sun,2003,74e29942-fc56-3595-bedd-bed25aae098a,734,The Libertines,gb,82b304c0-7da4-45d3-896a-0767c7ae1141,,,,
1956,Maybe Tomorrow,en,m,1357,You Gotta Go There to Come Back,2003,38378500-2da4-3011-b98a-bef1e9d0caa2,209,Stereophonics,gb,"0bfba3d3-6a04-4779-bb0a-df07df5b0558",,,,
1957,Shipbuilding,en,m,1358,Shipbuilding,1983,,735,Robert Wyatt,gb,,,,,
1958,Quatre mains,fr,m,1359,Following Sea,2012,7e57e249-b9e1-4c47-89d4-e2314b101eab,35,dEUS,be,2d0ec174-2bff-4f46-ae1b-dfea0ed9391c,,,,
1959,'Helden',de,m,1360,'Helden',1977,9eccd731-ccf8-3614-a4b8-82ec6d2d3ab5,32,David Bowie,gb,5441c29d-3602-4898-b1a1-b77fa23b8e50,,,,
1960,Last Stop: This Town,en,m,1361,Electro-Shock Blues,1998,7c93bc92-d2bd-3634-9069-b6f9252c0e59,183,Eels,us,14387b0f-765c-4852-852f-135335790466,,,,
1961,L'été indien,fr,m,1362,L'été indien,1975,3607ecbd-2c14-4a58-97d3-fe8a78448f78,736,Joe Dassin,fr,475b7312-4fcb-49a4-8bcc-cf3a679b255a,,,,
1962,Communication Breakdown,en,m,1363,Led Zeppelin,1969,"0f18ec88-aa87-38a9-8a65-f03d81763560",75,Led Zeppelin,gb,678d88b2-87b0-403b-b63d-5da7465aecc3,,,,
1963,One of These Nights,en,m,1364,One of These Nights,1975,7f9ea3a4-5c4b-3082-a233-3462540e57e3,38,Eagles,us,f46bd570-5768-462e-b84c-c7c993bbf47e,,,,
1964,I'll Be Waiting,en,m,1365,It Is Time for a Love Revolution,2008,661eee1c-c9fa-3385-b968-42046d9160cf,76,Lenny Kravitz,us,"0ef3f425-9bd2-4216-9dd2-219d2fe90f1f",,,,
1965,Roadrunner,en,m,1366,Jonathan Richman & The Modern Lovers,1976,4bd02671-2d94-3624-9fa8-c4260bbd2c24,737,The Modern Lovers,us,8a5dff84-c79f-4898-9e15-e100c53ebb58,,,,
1966,Nightcall,en,f,847,If You Wait,2013,dbf36a9a-df02-41c4-8fa9-5afe599960b0,486,London Grammar,gb,4dbe08c1-b40a-43b3-ab89-210000bd8ab2,,,,
1967,Open,nl,m,1367,Open,1992,d7dfb0a1-6f08-3ae7-b7f5-33c20b8334b2,118,The Scene,nl,80d49857-8a0b-439e-95d3-3f41bd8eefbe,,,,
1968,Kokomo,en,m,1368,Still Cruisin',1989,4f6a66c0-c5e1-3ae1-8810-3b6f451a5c6c,253,The Beach Boys,us,ebfc1398-8d96-47e3-82c3-f782abcdb13d,,,,
1969,Soul Meets Body,en,m,1369,Plans,2005,bc7630eb-521a-3312-a281-adfb8c5aac7d,738,Death Cab for Cutie,us,"0039c7ae-e1a7-4a7d-9b49-0cbc716821a6",,,,
1970,Misery Business,en,f,1370,Riot!,2007,ebd19544-9af0-317a-a2d3-f0c57ddd79f7,739,Paramore,us,44cf61b8-5197-448a-b82b-cef6ee89fac5,,,,
1971,My Iron Lung,en,m,160,The Bends,1995,b8048f24-c026-3398-b23a-b5e50716cbc7,104,Radiohead,gb,a74b1b7f-71a5-4011-9441-d0b5e4122711,,,,
1972,Joaquim,en,m,509,Entity,2014,"03170edf-5173-4fbe-a957-7cadda9ccc16",313,Oscar and the Wolf,be,74e6bd6b-46fd-4f6a-80e1-c16e8169a21c,,,,
1973,Hard to Explain,en,m,707,Is This It,2001,efea26d1-a016-30f6-b8e2-bc8c02336b0a,410,The Strokes,us,f181961b-20f7-459e-89de-920ef03c7ed0,,,,
1974,What's a Woman,en,f,1018,Night Owls,1990,949c1b9e-fa4e-3195-a86c-a792d37e277e,564,Vaya Con Dios,be,3f31e084-41f5-4a74-93e6-19bdafcf237d,,,,
1976,Bring Me Some Water,en,f,68,Melissa Etheridge,1988,cb9d38fa-5a3e-3182-a942-87ba1669cbd2,84,Melissa Etheridge,us,b3ae82c2-e60b-4551-a76d-6620f1b456aa,,,,
1977,Get Ur Freak On,en,f,1371,Miss E... So Addictive,2001,9e4f5c7a-0bec-3c68-bd21-d368145f34e3,740,Missy Elliott,us,a0b8cb9e-7532-45fe-a74c-30e7c4009a39,,,,
1978,O,en,m,521,Ghost Stories,2014,9c5aa9d2-068b-4626-b352-ae6f4f4e0b15,25,Coldplay,gb,cc197bad-dc9c-440d-a5b5-d52ba2e14234,,,,
1979,Hanging on the Telephone,en,f,496,Parallel Lines,1978,"0c1a4d70-5926-3ae8-aa25-466fe65639fe",304,Blondie,us,4d2956d1-a3f7-44bb-9a41-67563e1a0c94,,,,
1980,Yellow Submarine,en,m,783,Revolver,1966,72d15666-99a7-321e-b1f3-a3f8c09dff9f,12,The Beatles,gb,b10bbbfc-cf9e-42e0-be17-e2c3e1d2600d,,,,
1981,Give & Take,i,i,990,2,2012,d77fbf10-0427-4379-b5c2-8ebcdd18da1f,552,Netsky,be,587fd8ec-2e9d-4ce6-8bc5-97d0a9334883,,,,
1982,Buddy Holly,en,m,863,Weezer,1994,c7b245c9-8099-32ea-af95-893acedde2cf,321,Weezer,us,6fe07aa5-fec0-4eca-a456-f29bff451b04,,,,
1983,California Love,en,m,1372,All Eyez on Me,1996,e2621417-9236-36b4-9f9e-376c416dc4b0,266,2Pac,us,382f1005-e9ab-4684-afd4-0bdae4ee37f2,258,Dr. Dre,us,5f6ab597-f57a-40da-be9e-adad48708203
1984,Big in Japan,en,m,784,Forever Young,1984,bd021fbe-fbe9-3564-96c7-14de208de37f,450,Alphaville,de,31aa6f87-8d00-4ae9-a5cc-6d7eeea109d2,,,,
1985,Why Tell Me Why,en,f,1373,Shades of Desire,1981,fd533a65-4535-3f46-be47-888e4dec77bb,741,Anita Meyer,nl,,,,,
1986,Touch Me,en,f,1374,Touch Me,2001,93682790-1de4-3c8b-845f-95b999950f6d,742,Rui da Silva,pt,,786,Cassandra,gb,
1987,Then What,en,m,1375,Thin Walls,2015,64596a23-324a-4905-9fb2-5887c48d54e7,306,Balthazar,be,91511517-ef93-4d71-a0f0-c858272af4a7,,,,
1988,Camouflage,en,m,1376,The Big Heat,1986,f9f10b07-3747-3155-9ae4-ca138dfd97c6,743,Stan Ridgway,us,d2853837-8c5d-40d8-8e59-a0ab9ecc97f7,,,,
1989,Broad Daylight,en,m,1377,Ghostboy,2004,1c3311f2-2252-33f0-94d6-c2219a269acf,462,Gabriel Ríos,be,de2fbc46-e06b-4ce0-9cfc-d590d7a04d5c,,,,
1990,Video Games,en,f,1071,Born to Die,2012,4b16a1bc-8644-48ae-9b3e-8ae36aa30cfc,476,Lana Del Rey,us,b7539c32-53e7-4908-bda3-81449c367da6,,,,
1991,Love Her Madly,en,m,64,L.A. Woman,1971,7be633bd-d1f6-3d89-8939-803ae0ed0de8,37,The Doors,us,9efff43b-3b29-4082-824e-bc82f646f93d,,,,
1992,Happy Ending,en,m,1378,Comedown Machine,2013,461e255f-b56e-4788-b989-8ff610242b94,410,The Strokes,us,f181961b-20f7-459e-89de-920ef03c7ed0,,,,
1993,Papa,nl,m,1379,Is dit nu later,1990,"04cb8264-d88d-3d06-97fd-296968dbbd75",744,Stef Bos,nl,"01807344-be40-44c1-a7f2-f4e04f18d2b2",,,,
1994,Redbone,en,m,1380,"""Awaken, My Love!""",2016,fd817615-3d43-4f07-9509-d0a46b2bc278,745,Childish Gambino,us,7fb57fba-a6ef-44c2-abab-2fa3bdee607e,,,,
1995,Pressure,en,m,1381,Simulation Theory,2018,8d4198ab-66a7-4292-8125-ac6fe8eb1cab,164,Muse,gb,9c9f1380-2516-4fc9-a3e6-f9f61941d090,,,,
1996,The '59 Sound,en,m,1382,The '59 Sound,2009,7d885c98-9de4-4073-9338-88c89d0148f3,746,The Gaslight Anthem,us,f208f09e-b5b3-4b06-87cd-f7230fae17e3,,,,
1997,Crazy,en,m,1383,Get a Grip,1993,73c6a7b0-1dc2-3ddc-a720-c29505271711,280,Aerosmith,us,3d2b98e5-556f-4451-a3ff-c50ea18d57cb,,,,
1998,Fox on the Run,en,m,1384,Desolation Boulevard,1974,82993041-b4e7-3d33-aa84-cdd20461da53,747,Sweet,gb,dc73bb40-b697-4df9-a2ec-0555bebdba75,,,,
1999,Always the Sun,en,m,1385,Dreamtime,1986,bd4a091b-d515-3c9f-bf74-04dbc9e7743a,241,The Stranglers,gb,a96d82a0-cdca-40bf-b4c8-3d7ec178d85b,,,,
2000,Love Is All,en,m,1386,The Butterfly Ball and the Grasshopper's Feast,1974,a4fba61d-0e08-3ca5-9108-53caa9ff972a,748,Roger Glover,gb,,,,,
2001,Jesus Alone,en,m,1387,Skeleton Tree,2016,49339024-c6b4-4345-b521-6349463513cb,89,Nick Cave,au,172e1f1a-504d-4488-b053-6344ba63e6d0,,,,
2002,Eerste sneeuw,nl,m,1388,Hè Hè,1990,b666b5c1-6ee6-4a6c-9503-1aab336015a1,749,Jan De Wilde,be,,,,,
2003,Up&Up,en,m,1100,A Head Full of Dreams,2015,27da3ef8-f3b0-47bf-898d-9bdf4af7fc04,25,Coldplay,gb,cc197bad-dc9c-440d-a5b5-d52ba2e14234,,,,
2004,Going Underground,en,m,1389,Setting Sons,1979,1cddac1c-c285-3140-8eb0-79fff2e176e1,750,The Jam,gb,23228f18-01d5-493e-94ce-cfcde82a8db2,,,,
2005,Switch,en,f,738,Outsides,2005,f1124bfe-e0be-3594-8a03-c2f305d6536f,262,Arsenal,be,8d834b78-b9dd-4241-8f70-98b963eded68,,,,
2006,Rumour Has It,en,f,258,21,2011,e4174758-d333-4a8e-a31f-dd0edd51518e,185,Adele,gb,cc2c9c3c-b7bc-4b8b-84d8-4fbd8779e493,,,,
2007,I Will Follow You into the Dark,en,m,1369,Plans,2005,bc7630eb-521a-3312-a281-adfb8c5aac7d,738,Death Cab for Cutie,us,"0039c7ae-e1a7-4a7d-9b49-0cbc716821a6",,,,
2008,Elevation,en,m,385,All That You Can't Leave Behind,2000,88c59b55-200d-3ac1-beff-8eb99830807e,146,U2,ie,a3cb23fc-acd3-4ce0-8f36-1e5aa6a18432,,,,
2009,New Divide,en,m,1390,Transformers: Revenge of the Fallen,2009,5177b2dd-36c9-452f-a669-e39c1b0cc71e,191,Linkin Park,us,f59c5520-5f46-4d2c-b2c4-822eabf53419,,,,
2010,Up Around the Bend,en,m,1391,Cosmo's Factory,1970,3a31800f-1916-3f4c-a7ae-26b783d00670,29,Creedence Clearwater Revival,us,109958eb-a335-4c5e-907e-597ff4c6af46,,,,
2011,The Jean Genie,en,m,1392,Aladdin Sane,1973,50f8710f-3ae6-319b-85a7-afe783f13449,32,David Bowie,gb,5441c29d-3602-4898-b1a1-b77fa23b8e50,,,,
2012,I Dare You,en,x,1393,I See You,2017,8f7e23d4-8b15-491f-b006-4a9ff5a41229,363,The xx,gb,c5c2ea1c-4bde-4f4d-bd0b-47b200bf99d6,,,,
2013,Inside,en,m,1394,The Mind's Eye,1994,d125d29b-99d7-3619-a0d2-8512e1ea6a12,751,Stiltskin,gb,,,,,
2014,Walking in Memphis,en,m,1395,Marc Cohn,1991,784868d5-caeb-3560-81ed-5cf77d4a02bf,752,Marc Cohn,us,ddf18377-0bf5-4972-90d2-7de878b5eec4,,,,
2015,The Age of Love,en,f,1396,The Age of Love (The Jam & Spoon Mixes),1992,,753,Age of Love,be,,,,,
2016,It's No Good,en,m,1397,Ultra,1997,a40c7843-979b-38a6-926a-efa31476c51c,163,Depeche Mode,gb,8538e728-ca0b-4321-b7e5-cff6565dd4c0,,,,
2017,Nikita,en,m,1398,Ice on Fire,1985,c3faec37-3bc7-3bba-9e1f-143728881d3d,39,Elton John,gb,b83bc61f-8451-4a5d-8b8e-7e9ed295e822,,,,
2018,I Follow Rivers,en,m,1399,I Follow Rivers,2012,cc067c35-8f99-457c-b0a0-6f4f2bfff771,470,Triggerfinger,be,b3e73938-5249-4d47-9db4-5edabbbb8c95,,,,
2019,She's In Parties,en,m,1400,Burning from the Inside,1983,78b196d4-bb7a-377e-9f4a-ce8dec9e0167,754,Bauhaus,gb,"0688add2-c282-4ee2-ba61-223ffdb3c201",,,,
2020,Disco 2000,en,m,801,Different Class,1995,88f69eab-8f07-343b-847c-b944ad33dfcf,456,Pulp,gb,76b2e842-5e85-4c97-ab62-d5bc315595b5,,,,
2021,Creep,en,m,379,Core,1992,6ca130f1-8f1f-3aa2-8cfb-6cfda3ed5d21,251,Stone Temple Pilots,us,8c32bb01-58a3-453b-8050-8c0620edb0e5,,,,
2022,Maniac,en,m,1401,Flashdance,1983,98471b71-d480-35eb-bdd3-14ad968c9f4a,755,Michael Sembello,us,fcde7037-181e-437f-9417-60a38958c0fa,,,,
2023,Maneater,en,m,1402,H2O,1982,60617d21-4d43-3f4f-829f-eb933c562ba3,756,Daryl Hall & John Oates,us,debabff3-2559-46e5-862d-ef2a906d7010,,,,
2024,How Deep Is Your Love,en,m,1016,Saturday Night Fever,1977,6e9a06a8-c8bb-3ea9-877a-417e74bb1c2e,562,Bee Gees,gb,bf0f7e29-dfe1-416c-b5c6-f9ebc19ea810,,,,
2025,Twist and Shout,en,m,1403,Please Please Me,1963,de208292-8db5-3aed-a14a-b37a84d8c521,12,The Beatles,gb,b10bbbfc-cf9e-42e0-be17-e2c3e1d2600d,,,,
2026,Run the World (Girls),en,f,1404,4,2011,40eaa07b-7542-48e7-887c-b5e686964a7a,329,Beyoncé,us,859d0860-d480-4efd-970c-c05d5f1776b8,,,,
2027,My Life,en,m,1405,52nd Street,1978,54e6b4a1-7a6a-3ead-b032-0912cfd49a1e,13,Billy Joel,us,64b94289-9474-4d43-8c93-918ccc1920d1,,,,
2028,Alabama Song (Whisky Bar),en,m,63,The Doors,1967,8ebffd15-06c3-3b88-a761-ec18c5513287,37,The Doors,us,9efff43b-3b29-4082-824e-bc82f646f93d,,,,
2029,Queen of Peace,en,f,487,"How Big, How Blue, How Beautiful",2015,6ea55fd7-547f-4fc2-92b7-c7ce70c5b61b,243,Florence + the Machine,gb,5fee3020-513b-48c2-b1f7-4681b01db0c6,,,,
2030,Machu Picchu,en,m,1301,Angles,2011,82534223-127b-489c-9e52-45091d425208,410,The Strokes,us,f181961b-20f7-459e-89de-920ef03c7ed0,,,,
2031,Ocean of Night,en,m,1170,In Dream,2015,7fb4b762-792e-4dde-9888-70a92b441a7b,172,Editors,gb,"0efe858c-89e5-4e47-906a-356fa953fd6e",,,,
2032,Music Sounds Better With You,en,m,1406,Music Sounds Better With You,1998,a65ec23c-d260-3eaa-9fd2-afd9f839ecac,757,Stardust,fr,7b75e88a-f211-4886-8c3d-dd9d7171eee5,,,,
2033,Apartment Story,en,m,359,Boxer,2007,9facb475-4c5f-369b-9b93-1280e6669090,181,The National,us,664c3e0e-42d8-48c1-b209-1efca19c0325,,,,
2034,The KKK Took My Baby Away,en,m,1407,Pleasant Dreams,1981,49afe458-8e5c-3ea1-bf5e-f131a3096df2,170,Ramones,us,d6ed7887-a401-47a8-893c-34b967444d26,,,,
2035,Magnificent,en,m,1408,No Line on the Horizon,2009,acaa5e04-685c-3e47-af62-1cd3012008b6,146,U2,ie,a3cb23fc-acd3-4ce0-8f36-1e5aa6a18432,,,,
2036,Home,en,x,1409,Up from Below,2009,c73f6578-c16e-4f81-910c-feb49e8f6afe,758,Edward Sharpe and the Magnetic Zeros,us,4a069029-4f64-4946-b650-01aeb0b55d9d,,,,
2037,Breakfast in America,en,m,910,Breakfast in America,1979,d584f7e7-55b4-39a1-87e9-af3b86773132,401,Supertramp,gb,d2ff6b6b-fc30-48dc-8952-06f9d8fc64f8,,,,
2038,Crazy Little Thing Called Love,en,m,891,The Game,1980,75702ddf-a46c-3cac-bace-0a466eb3c37c,103,Queen,gb,"0383dadf-2a4e-4d10-a46a-e9e041da8eb3",,,,
2039,No Pussy Blues,en,m,1410,Grinderman,2007,9c89f4e7-d48b-3eac-b363-cc6aea256a97,759,Grinderman,au,,,,,
2040,Nookie,en,m,704,Significant Other,1999,2234d0c4-5ee5-3388-8baa-49bcb23ebbbd,408,Limp Bizkit,us,8f9d6bb2-dba4-4cca-9967-cc02b9f4820c,,,,
2041,If There Is Something,en,m,1411,Roxy Music,1972,3ff6284f-88b0-3285-895a-61c733e6d4ca,114,Roxy Music,gb,331ce348-1b08-40b9-8ed7-0763b92bd003,,,,
2042,One Way or Another,en,f,496,Parallel Lines,1978,"0c1a4d70-5926-3ae8-aa25-466fe65639fe",304,Blondie,us,4d2956d1-a3f7-44bb-9a41-67563e1a0c94,,,,
2043,Digital Love,en,m,301,Discovery,2001,48117b90-a16e-34ca-a514-19c702df1158,208,Daft Punk,fr,"056e4f3e-d505-4dad-8ec1-d04f521cbb56",,,,
2044,Hit 'Em Up,en,m,413,Greatest Hits,1998,70e2423a-6a30-3ea0-a977-d1a21084f31a,266,2Pac,us,382f1005-e9ab-4684-afd4-0bdae4ee37f2,,,,
2045,Breathing,en,m,1412,Infinity,2017,d3c95b1a-b960-4f85-99f5-084a6ab64f5e,313,Oscar and the Wolf,be,74e6bd6b-46fd-4f6a-80e1-c16e8169a21c,,,,
2046,Cantaloop (Flip Fantasia),en,m,1413,Hand on the Torch,1993,8ed94489-830c-3a86-9772-f9a84354ff43,760,Us3,gb,,,,,
2047,Stand My Ground,en,f,1414,The Silent Force,2004,1f4ba532-37a5-33fb-ac01-b32f4fad7c5d,204,Within Temptation,nl,eace2373-31c8-4aba-9a5c-7bce22dd140a,,,,
2048,Rikki Don't Lose That Number,en,m,1415,Pretzel Logic,1974,5c938587-b4cd-3d6c-9f9e-a87492a2c9de,322,Steely Dan,us,e01c3376-15fa-40d7-b747-5f219bdefdd7,,,,
2049,You Really Got Me,en,m,1416,Kinks,1964,874449ed-f27e-4e1b-923e-9f1aaef4cc06,70,The Kinks,gb,17b53d9f-5c63-4a09-a593-dde4608e0db9,,,,
2050,Laura Palmer,en,m,1417,Bad Blood,2013,bf37b1a0-d94f-4230-b2c7-09b17f9f8a68,493,Bastille,gb,7808accb-6395-4b25-858c-678bbb73896b,,,,
2051,Let Her Go,en,m,1418,All the Little Lights,2012,1dfbf2c9-6fba-4538-b795-7da7fd351f86,761,Passenger,gb,186e216a-2f8a-41a1-935f-8e30c018a8fe,,,,
2052,Ça plane pour moi,fr,m,1419,An 1,1978,eda1333a-05b9-3111-9673-3e4f6bebbd6e,762,Plastic Bertrand,be,39cf1c51-8e6a-4d7a-a1f5-9ea212e66699,,,,
2053,All My Friends,en,m,1420,Sound of Silver,2007,5cbcdd9f-4b7d-3b3c-b9f2-6b0e75971157,763,LCD Soundsystem,us,2aaf7396-6ab8-40f3-9776-a41c42c8e26b,,,,
2054,Nightporter,en,m,1421,Gentlemen Take Polaroids,1980,aa105693-bf63-3ae3-9722-db5e034df8b1,764,Japan,gb,697e7111-5630-4c77-83f3-39821bacc61a,,,,
2055,"Sugar, We're Goin Down",en,m,1422,From Under the Cork Tree,2005,e848562f-a802-355c-a52c-90ba6aaa91d1,681,Fall Out Boy,us,516cef4d-0718-4007-9939-f9b38af3f784,,,,
2056,Ongeveer,nl,f,1423,Het is,2013,3222a7ae-9551-4d78-9dc6-3c70ac48660a,765,Eefje de Visser,nl,c602e0a7-a377-40af-b69d-56c294023d89,,,,
2057,Sunny,en,f,1424,Take the Heat off Me,1976,4c9eb64e-37e2-3e18-9833-efae833dc2a8,766,Boney M.,de,5403bf6e-bc1d-4e62-b31f-926a2bf66a14,,,,
2058,Town Called Malice,en,m,1425,The Gift,1982,e7a85358-7f79-3f02-b8e4-971b5f88af2f,750,The Jam,gb,23228f18-01d5-493e-94ce-cfcde82a8db2,,,,
2059,Sunburn,en,m,518,Showbiz,1999,a842d860-a023-3a71-ad2e-a3a94cffabd7,164,Muse,gb,9c9f1380-2516-4fc9-a3e6-f9f61941d090,,,,
2060,Green Machine,en,m,1426,Blues for the Red Sun,1992,816f2753-e709-3b10-ad93-e4c1af7aea6c,314,Kyuss,us,ea0f2a37-7007-4217-a812-396227f5013a,,,,
2061,The Way It Is,en,m,1427,The Way It Is,1986,d66727d5-161f-3af2-921d-137aeb9bbb0b,767,Bruce Hornsby and the Range,us,e60dbba7-6f55-429a-bd22-5e9c6a87ae70,,,,
2062,Hot Stuff,en,f,1428,Bad Girls,1979,f7568cc7-4c09-3a47-abbc-593e7aaac7d6,272,Donna Summer,us,b60527cc-54f3-4bbe-a01b-dcf34c95ae14,,,,
2063,Black Chandelier,en,m,1429,Opposites,2013,3e9d40d5-190e-4558-b01b-e5af1a56c288,768,Biffy Clyro,gb,892500b7-09a6-4049-ba92-2d192dd70563,,,,
2064,Groove Is in the Heart,en,f,1430,World Clique,1990,4f625d26-3d84-3d3b-8230-2c98e5d45100,769,Deee-Lite,us,83d401e8-3322-4491-98d3-ec3a567c5047,,,,
2065,Joey,en,f,1431,Bloodletting,1990,6ae76cc0-027b-34d3-902d-01898bf0350f,770,Concrete Blonde,us,701fc524-b5f2-42f2-9db7-8198cdd6839c,,,,
2067,Alexandrie Alexandra,fr,m,1433,Magnolias for Ever,1977,27f5c5e8-a414-394b-aa60-0b9aaab2f325,771,Claude François,fr,1cfbf85c-dc74-42d6-915e-77033afd0204,,,,
2068,Talk,en,m,271,X&Y,2005,c50b180a-12c9-3153-8ba5-eac6a6537d6f,25,Coldplay,gb,cc197bad-dc9c-440d-a5b5-d52ba2e14234,,,,
2069,You Can't Hurry Love,en,f,1434,The Supremes A' Go-Go,1966,13fcccc9-e9f5-387b-96ee-db402bf937fd,772,The Supremes,us,c1aa2ec9-53e7-4d90-8d36-bac75832e986,,,,
2070,Car Radio,en,m,1435,Vessel,2013,71304780-1d90-4c34-bf5b-84935d8348bc,773,Twenty One Pilots,us,a6c6897a-7415-4f8d-b5a5-3a5e05f3be67,,,,
2071,Bohemian Like You,en,m,1436,Thirteen Tales from Urban Bohemia,2000,86870fef-fddd-390c-a639-85720706e0d8,774,The Dandy Warhols,us,5f572b31-8fd9-45ae-9beb-358c98d839df,,,,
2072,It's a Sin,en,m,1437,Actually,1987,6de9a233-13dd-30b5-ad30-61c5814774c5,719,Pet Shop Boys,gb,be540c02-7898-4b79-9acc-c8122c7d9e83,,,,
2073,Revelry,en,m,247,Only by the Night,2008,7a23bc7e-d7bd-3a22-a38d-7d1f793bae1c,171,Kings of Leon,us,6ffb8ea9-2370-44d8-b678-e9237bbd347b,,,,
2074,Master and Servant,en,m,603,Some Great Reward,1984,b3100982-db15-3a4b-a3ed-363c91cb40de,163,Depeche Mode,gb,8538e728-ca0b-4321-b7e5-cff6565dd4c0,,,,
2075,Pull Up to the Bumper,en,f,1315,Nightclubbing,1981,8a0fff99-479d-3fe3-849f-0ddc8d22d304,607,Grace Jones,jm,b1c124b3-cf60-41a6-8699-92728c8a3fe0,,,,
2076,I Don't Feel Like Dancin',en,m,1438,Ta Dah,2006,80e452e1-65aa-3964-92b2-de1532aaf4b2,775,Scissor Sisters,us,4236d929-9a81-4c8e-97c3-8d3306780f50,,,,
2077,Drinking in L.A.,en,m,1439,Glee,1997,659980c7-0dbc-387e-ae3c-aca18e0b970a,776,Bran Van 3000,ca,"0dd79a1d-021f-4159-8a7d-d9c107e52a9d",,,,
2078,My Sharona,en,m,1440,Get the Knack,1979,379f3adb-20a6-365a-9b90-6fdf34beb16b,777,The Knack,us,435ccd03-20f6-42aa-97e3-275b82dc2f6f,,,,
2079,Desire,en,m,1174,Rattle and Hum,1988,bf965ead-7c91-3a9b-93c8-cf941242ee65,146,U2,ie,a3cb23fc-acd3-4ce0-8f36-1e5aa6a18432,,,,
2080,Nightclub,en,m,1375,Thin Walls,2015,64596a23-324a-4905-9fb2-5887c48d54e7,306,Balthazar,be,91511517-ef93-4d71-a0f0-c858272af4a7,,,,
2081,The Man with the Child in His Eyes,en,f,38,The Kick Inside,1978,e8f3a858-20f8-3798-80ac-65264afa4672,69,Kate Bush,gb,4b585938-f271-45e2-b19a-91c634b5e396,,,,
2082,Magnolia,en,m,1441,Naturally,1971,a5e655a1-acd0-3d4d-982a-4ab5281db04c,789,J.J. Cale,us,4b0be624-6b87-47e8-bbf0-588a2c6c0439,,,,
2083,Chain of Fools,en,f,401,Lady Soul,1968,"05571372-5b11-39b7-89c5-1c02589a27c8",200,Aretha Franklin,us,2f9ecbed-27be-40e6-abca-6de49d50299e,,,,
2085,Papillon,en,m,804,Absynthe Minded,2009,f007defc-0203-418a-a5e3-07bd0192cd72,162,Absynthe Minded,be,"01614f48-a5cc-4c44-868e-6eac343e1d89",,,,
2086,Is Vic There?,en,m,1442,Substance,1981,,790,Department S,gb,,,,,
2087,Venus,en,f,1443,At Home,1969,f7e9587f-774a-30f9-a749-ccf1a01889e9,791,Shocking Blue,nl,8b399704-17f4-4001-943b-1d2b848940aa,,,,
2088,Pink + White,en,m,1444,Blonde,2016,"0da340a0-6ad7-4fc2-a272-6f94393a7831",792,Frank Ocean,us,e520459c-dff4-491d-a6e4-c97be35e0044,,,,
2089,Always on My Mind,en,m,1445,Elvis (Fool),1973,5334291d-f8f1-39d7-b293-361c0d473191,41,Elvis Presley,us,"01809552-4f87-45b0-afff-2c6f0730a3be",,,,
2090,Eloise,en,m,1446,Eloise,1968,,793,Barry Ryan,gb,,,,,
2091,You're the One That I Want,en,x,1447,Grease,1978,61cb81de-fc03-3437-8ba0-216730ff9c03,794,John Travolta,us,94f4c61e-5cf3-4cba-ab3e-9bd5be99f6ab,796,Olivia Newton-John,us,10ccb5d8-f9d5-4954-9441-3419b522a214
2092,I Don't Like Mondays,en,m,1448,The Fine Art of Surfacing,1979,f08618ec-e4ec-3bb3-afbc-a87c2f662bee,795,The Boomtown Rats,ie,47aa3e97-f623-4472-8e54-da886c6a6e20,,,,
2093,She Loves You,en,m,1449,She Loves You,1963,1d0c4220-1130-3ef3-a7ea-11d4d4fbadf2,12,The Beatles,gb,b10bbbfc-cf9e-42e0-be17-e2c3e1d2600d,,,,
2094,So Flute,i,i,1354,Tourist,2000,"0f8ce4c1-f224-37bc-8a2c-8c930082aebd",732,St Germain,fr,9a04dc8c-82f1-457a-a25a-3ff19e1b471e,,,,
2095,Tumbling Dice,en,m,1450,Exile on Main St.,1972,4838a3c9-fd2b-30a5-83eb-e32545b5d7fc,113,The Rolling Stones,gb,b071f9fa-14b0-4217-8e97-eb41da73f598,,,,
2096,Nightshift,en,m,1451,Nightshift,1985,1fca8799-2ed2-3f37-9d0c-deaced3c1fdc,797,Commodores,us,900ab237-327b-44e2-87e4-73250bbe025a,,,,
2097,There She Goes,en,m,1452,The La's,1988,f57d03ff-b0a5-3b73-a14c-a5ed5f8cd956,798,The La's,gb,ff3e88b3-7354-4f30-967c-1a61ebc8c642,,,,
2098,A Girl Like You,en,m,1453,Gorgeous George,1994,f4372f17-6137-3a71-90e4-38276e2dbd4c,799,Edwyn Collins,gb,,,,,
2099,Nobody Else Will Be There,en,m,1454,Sleep Well Beast,2017,8018fc24-6a55-45b0-8b34-19650522550a,181,The National,us,664c3e0e-42d8-48c1-b209-1efca19c0325,,,,
2100,Sweet Caroline,en,m,1455,Sweet Caroline,1969,735ba6b7-a1f0-4663-9989-ae88c4fef00c,800,Neil Diamond,us,a42d3fd5-55de-4206-86c3-4fbb5404018f,,,,
2101,Dreiklangsdimensionen,de,m,1456,Rheingold,1980,28ff0f90-e32c-3cc7-9a95-1690c213d901,801,Rheingold,de,,,,,
2102,Will We Talk?,en,m,1457,Hypersonic Missiles,2019,"0785a585-6516-4cde-a783-65ff5044fdd8",802,Sam Fender,gb,3478a5d1-bd96-4584-aa54-4d6e0a329658,,,,
2103,Fly Like an Eagle,en,m,1458,Fly Like an Eagle,1976,"03cf0b3d-48f1-3b04-a3be-5e4d5b7dcae2",803,Steve Miller Band,us,e57f0cac-4f56-473c-8d7e-d93f753fd586,,,,
2104,One for the Road,en,m,272,AM,2013,a348ba2f-f8b3-4686-b928-e63d8d94d543,174,Arctic Monkeys,gb,ada7a83c-e3e1-40f1-93f9-3e73dbc9298a,,,,
2105,Under My Thumb,en,m,171,Aftermath,1966,26987c39-5914-483b-a897-d43ce6aad9b1,113,The Rolling Stones,gb,b071f9fa-14b0-4217-8e97-eb41da73f598,,,,
2106,Mourir à plusieurs,fr,m,1459,Jus de box,2007,210e4112-d597-3e43-9e12-19a8a4622441,267,Arno,be,"03a82b66-d021-4754-aca2-399d51ee6199",,,,
2107,Masters of War,en,m,1460,The Freewheelin' Bob Dylan,1963,169b62aa-c3a5-3ed9-bed1-cc47c4bc51ad,16,Bob Dylan,us,72c536dc-7137-4477-a521-567eeb840fa8,,,,
2108,Keine Lust,de,m,437,"Reise, Reise",2004,ea9bf147-abbd-39df-b927-46fc945a5140,229,Rammstein,de,b2d122f9-eadb-4930-a196-8f221eeb0c66,,,,
2109,Doll Parts,en,f,653,Live Through This,1994,fe676d05-f97c-303a-890b-da53c69e5d42,387,Hole,us,1dcc8968-f2cd-441c-beda-6270f70f2863,,,,
2110,Autobahn,de,m,1461,Autobahn,1974,f73729e8-4501-3088-aa20-44945296036e,558,Kraftwerk,de,5700dcd4-c139-4f31-aa3e-6382b9af9032,,,,
2111,Pieces,en,m,1462,Chuck,2004,c572a075-fdef-3bab-998b-44282fd573bb,372,Sum 41,ca,f2eef649-a6d5-4114-afba-e50ab26254d2,,,,
2112,Marlene on the Wall,en,f,1463,Suzanne Vega,1985,ec8b40df-f243-30a6-a076-3691d7f851f2,136,Suzanne Vega,us,cf119120-7df5-47d7-9dec-49f8837a4e40,,,,
2114,It Must Be Love,en,m,1465,7,1981,8394abe5-6565-38c7-85e5-c288e53e3a55,297,Madness,gb,5f58803e-8c4c-478e-8b51-477f38483ede,,,,
2115,Bad Kingdom,en,m,1466,II,2013,885181a4-9133-485f-bfce-fddc1168a3c1,805,Moderat,de,7754905b-8bf7-48e2-935a-03d566fec464,,,,
2116,Connected,en,m,1467,Connected,1992,"069b2e51-c7a9-32f4-a5f1-704ad00f13da",806,Stereo MC's,gb,,,,,
2117,You Get What You Give,en,m,1468,Maybe You've Been Brainwashed Too,1998,1ea5f71d-8996-38b7-9c3b-d064e53c80a2,807,New Radicals,us,"09a6ae88-7589-4ab2-b10c-dd50ebd526a0",,,,
2118,Better Together,en,m,1469,In Between Dreams,2005,20151063-d6d9-3131-91ac-5c4a7a0f5f01,808,Jack Johnson,us,ff6e677f-91dd-4986-a174-8db0474b1799,,,,
2119,You Spin Me Round (Like a Record),en,m,1470,Youthquake,1984,250264ae-834c-30e4-9877-42a846920a0e,809,Dead or Alive,gb,98720123-fcec-47be-9e88-29a310fb2942,,,,
2120,Cryin',en,m,1383,Get a Grip,1993,73c6a7b0-1dc2-3ddc-a720-c29505271711,280,Aerosmith,us,3d2b98e5-556f-4451-a3ff-c50ea18d57cb,,,,
2121,Club Tropicana,en,m,1471,Fantastic,1983,1cd34f51-b5cc-3176-873a-bb4e5056e342,810,Wham!,gb,d570bb31-b9ca-45a4-a2d9-11b186d9c159,,,,
2122,Les Fleurs,en,f,1472,Come to My Garden,1970,b35364f0-72f4-39f7-a563-adc9daf620d1,603,Minnie Riperton,us,e842abf7-8a63-4602-8879-75958c2884a1,,,,
2123,Geef al je geld aan de arme kinderen,nl,m,83,Gorky,1992,77309866-f3e5-3c28-98d9-d04a59417d46,52,Gorki,be,2fd1f1f6-9b93-49c5-85f8-64ab5d72bf59,,,,
2124,Lost!,en,m,246,Viva la Vida or Death and All His Friends,2008,a1084754-8bb5-3ebc-bbd2-6a27d48e798a,25,Coldplay,gb,cc197bad-dc9c-440d-a5b5-d52ba2e14234,,,,
2125,Father Figure,en,m,125,Faith,1987,4e61585f-f341-3174-85cf-afad8df46fbe,47,George Michael,gb,ccb8f30e-4d71-40c4-8b1d-846dafe73e2c,,,,
2128,Myth,en,f,1475,Bloom,2012,f1390eec-a192-4d96-9943-bbc42a819588,812,Beach House,us,d5cc67b8-1cc4-453b-96e8-44487acdebea,,,,
2129,Mannish Boy,en,m,1476,Mannish Boy,1955,"",813,Muddy Waters,us,f86f1f07-d182-45ce-ae93-ef610880ca72,,,,
2130,Iron Lion Zion,en,m,1477,Songs of Freedom,1992,,17,Bob Marley & the Wailers,jm,c296e10c-110a-4103-9e77-47bfebb7fb2e,,,,
2131,If You Tolerate This Your Children Will Be Next,en,m,1478,This Is My Truth Tell Me Yours,1998,4269e820-9c3c-345f-823b-f62bcd272569,234,Manic Street Preachers,gb,32efea44-6cb5-4b4f-bdaa-c8b8f6cef981,,,,
2132,Fire,en,m,1479,West Ryder Pauper Lunatic Asylum,2009,4a8b40bb-6af1-4284-b0b6-ac5c06f6442a,814,Kasabian,gb,69b39eab-6577-46a4-a9f5-817839092033,,,,
2133,Femme Fatale,en,m,995,The Velvet Underground & Nico,1967,5cbd9d7b-597a-3c5e-bfd1-c2b364215560,149,The Velvet Underground,us,94b0fb9d-a066-4823-b2ec-af1d324bcfcf,,,,
2134,The Fashion Party,en,m,1480,1981-1984,1985,743a067d-2a91-4f75-ac8c-befce2901482,269,The Neon Judgement,be,5fbefbed-09d5-4e9b-9c58-520b9511158b,,,,
2135,Daniel,en,f,1481,Two Suns,2009,d4952445-d143-35a1-8420-d73cc78c668f,815,Bat for Lashes,gb,10000730-525f-4ed5-aaa8-92888f060f5f,,,,
2137,Jeroen Brouwers - schrijft een boek,nl,m,121,De Mens,1992,cedb1ce4-cf41-3957-89bb-001d290b51a3,160,De Mens,be,57c4babc-069d-48e8-a6b3-0887cd48d183,,,,
2138,Burn the Witch,en,m,1483,A Moon Shaped Pool,2016,bbce0087-d386-4246-a51d-dbcdfdbe8fb2,104,Radiohead,gb,a74b1b7f-71a5-4011-9441-d0b5e4122711,,,,
2139,Beautiful Girl,en,m,1484,Welcome to Wherever You Are,1992,db9d2a73-3ebe-39c7-ba37-f5ae7ec06105,378,INXS,au,481bf5f9-2e7c-4c44-b08a-05b32bc7c00d,,,,
2140,Cherry Blossom Girl,en,m,1485,Talkie Walkie,2004,c636f6e8-0fe6-3470-b5af-b31a0ebed0bb,448,Air,fr,cb67438a-7f50-4f2b-a6f1-2bb2729fd538,,,,
2141,Last Christmas,en,m,1486,LAST CHRISTMAS,1984,5b24e859-1063-3e56-b91e-0c5f6a17354d,810,Wham!,gb,d570bb31-b9ca-45a4-a2d9-11b186d9c159,,,,
2142,That Sound,en,m,1457,Hypersonic Missiles,2019,"0785a585-6516-4cde-a783-65ff5044fdd8",802,Sam Fender,gb,3478a5d1-bd96-4584-aa54-4d6e0a329658,,,,
2143,Suburban War,en,m,298,The Suburbs,2010,bf306022-c851-449d-a619-7864caddf5c7,165,Arcade Fire,ca,52074ba6-e495-4ef3-9bb4-0703888a9f68,,,,
2144,Bat Out of Hell,en,m,118,Bat Out of Hell,1977,47616c4c-5d4b-30f6-83bc-60e1c696b099,83,Meat Loaf,us,b134d1bf-c7c7-4427-93ac-9fdbc2b59ef1,,,,
2145,New Kid in Town,en,m,67,Hotel California,1976,836f349a-0434-3e8b-a0bc-261f77a9f99c,38,Eagles,us,f46bd570-5768-462e-b84c-c7c993bbf47e,,,,
2147,Flashdance... What a Feeling,en,m,1488,What a Feelin',1983,d9211162-3d1a-3520-8b0a-3cd2e8470de6,817,Irene Cara,us,26358fa2-80c2-47b0-a08b-33817caca7e8,,,,
2148,Lady Stardust,en,m,30,The Rise and Fall of Ziggy Stardust and the Spiders from Mars,1972,6c9ae3dd-32ad-472c-96be-69d0a3536261,32,David Bowie,gb,5441c29d-3602-4898-b1a1-b77fa23b8e50,,,,
2149,Rockaway Beach,en,m,1489,Rocket to Russia,1977,dd959091-dba1-32b8-8159-0090959ce75b,170,Ramones,us,d6ed7887-a401-47a8-893c-34b967444d26,,,,
2150,Young Turks,en,m,1490,Tonight I'm Yours,1981,a9669b83-2269-3eeb-a6b8-afdafe3725ea,112,Rod Stewart,gb,a35237a0-4f47-40a6-b6f3-1e786db23402,,,,
2151,Nutshell,en,m,1491,Jar of Flies,1994,3b6b7688-c97b-3d11-9334-3158468074f7,275,Alice in Chains,us,4bd95eea-b9f6-4d70-a36c-cfea77431553,,,,
2152,So What'Cha Want,en,m,1492,Check Your Head,1992,b0935b00-1380-3777-b79d-bd49ef5fb9c0,11,Beastie Boys,us,9beb62b2-88db-4cea-801e-162cd344ee53,,,,
2153,Video Killed the Radio Star,en,f,1493,The Age of Plastic,1979,b3136897-c568-3f62-94af-b98ae7a79abc,818,The Buggles,gb,20278bbd-271a-4a1c-b6fd-43a13d43203d,,,,
2154,Moonshine Got Me,en,m,1494,Buck,2013,b01805f1-d7f0-404b-911d-c9fb5c32e930,819,Daniel Norgren,se,,,,,
2155,Part-Time Lover,en,m,1495,In Square Circle,1985,59dd99b2-031c-39f7-9bf9-74c9faed3192,259,Stevie Wonder,us,1ee18fb3-18a6-4c7f-8ba0-bc41cdd0462e,,,,
2156,Du,de,m,1496,"Für das Mädchen, das ich liebe",1970,807d333b-ca3b-3ec1-8b88-4a6d2a5eb414,820,Peter Maffay,de,b4ce8f8f-72f9-48f0-92be-606095d4b6e0,,,,
2157,Only the Strong Survive,en,m,1497,Only the Strong Survive,1977,78819003-abe2-4497-af6b-1f9b36efe975,305,Billy Paul,us,7e8a2d88-ebed-433c-9971-643a66834835,,,,
2158,"Ring, Ring, I've Got to Sing",en,m,1498,"Ring, Ring, I’ve Got to Sing",1966,"027e81b2-d5eb-4b9a-ae20-3683ed810756",821,Férré Grignard,be,,,,,
2159,You're Mine,en,m,1499,You're Mine,2015,e7f5fdd4-467b-4811-bb7c-94a004e4c950,313,Oscar and the Wolf,be,74e6bd6b-46fd-4f6a-80e1-c16e8169a21c,,,,
2160,The Sweetest Taboo,en,f,1500,Promise,1985,d49bd610-a10e-3f14-8bd0-0121f7f20a4d,542,Sade,gb,67930b3e-e00b-469f-8c74-fd69f20522ec,,,,
2161,My Name Is,en,m,1501,The Slim Shady LP,1999,be725de4-4633-3c8a-9a03-f2c4392b6e0d,217,Eminem,us,b95ce3ff-3d05-4e87-9e01-c97b66af13d4,,,,
2163,Games Without Frontiers,en,m,74,Peter Gabriel (III),1980,fe9f06cd-a160-3114-85fd-102726dddc0b,96,Peter Gabriel,gb,8e66ea2b-b57b-47d9-8df0-df4630aeb8e5,,,,
2164,Fame,en,m,1502,Young Americans,1975,8c2a0eae-1359-3577-9127-e3d862acc2a2,32,David Bowie,gb,5441c29d-3602-4898-b1a1-b77fa23b8e50,,,,
2165,Everything,en,f,1503,Graduated Fool,2002,faf1ae0b-6104-3c13-8cbb-3bed5135d658,9,Anouk,nl,5e8da504-c75b-4bf5-9dfc-119057c1a9c0,,,,
2166,Bring on the Dancing Horses,en,m,1504,Songs to Learn & Sing,1985,f11b9e43-0d39-39e0-9a55-f51db846867c,391,Echo & the Bunnymen,gb,ccd4879c-5e88-4385-b131-bf65296bf245,,,,
2167,Black Magic Woman,en,m,177,Abraxas,1970,43424c73-fc58-36b0-b9cf-f8b057ac0603,116,Santana,us,9a3bf45c-347d-4630-894d-7cf3e8e0b632,,,,
2168,Madammen met een bontjas,nl,m,1505,Is er toevallig een Urbanus in de zaal?,1980,8eb09ddd-f189-34a0-90f4-e402e1519e01,822,Urbanus,be,def73d8d-9241-48bb-b7d0-19bf7c6a7fe8,,,,
2169,Single Ladies (Put a Ring on It),en,f,1048,I Am... Sasha Fierce,2008,6f8e8119-de1b-39f0-85ca-b5252cb9211d,329,Beyoncé,us,859d0860-d480-4efd-970c-c05d5f1776b8,,,,
2127,Standing in the Way of Control,en,f,1474,Standing in the Way of Control,2006,5ab9155e-c4a6-4cd3-a728-f1f181e74b1c,575,Gossip,us,"0f96c38b-8e21-4571-afe0-cb11196a8acd",,,,
2136,Bluesette,i,i,1482,The Whistler and His Guitar,1964,"069309dc-bc23-4914-adb1-f8c132c46750",816,Toots Thielemans,be,,,,,
2170,Parachute,en,m,1506,Stuck Together With God's Glue,1990,94a57938-483b-31c5-9909-0f1604b6071f,823,Something Happens,ie,,,,,
2171,Rhythm Is a Dancer,en,f,1507,The Madman's Return,1992,387f0463-198a-330b-b804-fb300353a041,824,SNAP!,de,,,,,
2172,Children,i,i,1508,Dreamland,1996,8c605cec-ace8-3950-bfc9-875a4a88a285,825,Robert Miles,it,e83144dd-bb95-49fe-b1dd-00bab25cca9e,,,,
2173,New Shoes,en,m,1509,These Streets,2007,fab9c871-64ff-3b4c-a494-ad54ac4538ef,287,Paolo Nutini,gb,24ea074c-59cc-41c5-a5de-f68c2952965f,,,,
2174,Poker Face,en,f,1510,The Fame,2008,e5495719-b3ad-3eea-a533-fb70af43c23d,826,Lady Gaga,us,650e7db6-b795-4eb5-a702-5ea2fc46c848,,,,
2175,Riverside,en,f,1511,Philharmonics,2010,6eadffe6-a7d5-4a6f-bbd0-4f06469fbcda,827,Agnes Obel,dk,e3c4c4af-f83b-4168-84cb-898009dd0447,,,,
2176,Flou,fr,f,1512,Brol,2018,f5c122fd-4d97-4948-9f03-6515bd2ec667,828,Angèle,be,dcd4701d-64ec-443d-bfbf-73fc87c44bd6,,,,
2177,Moderation,en,f,1513,Moderation,2019,"0f6df88f-59bc-452e-aadc-dde56459014f",243,Florence + the Machine,gb,5fee3020-513b-48c2-b1f7-4681b01db0c6,,,,
2178,Coney Island Baby,en,m,1514,Coney Island Baby,1976,c517ee05-356e-3944-b13f-8d505a4012cb,79,Lou Reed,us,9d1ebcfe-4c15-4d18-95d3-d919898638a1,,,,
2179,Girl on Fire,en,f,1515,Girl on Fire,2012,72e91c16-284c-43ad-b998-0212f81e1ccb,469,Alicia Keys,us,8ef1df30-ae4f-4dbd-9351-1a32b208a01e,,,,
2181,Song to the Siren,en,m,1516,Starsailor,1970,33a1029d-7c69-35e8-ab90-39ad125f4d11,829,Tim Buckley,us,8546949d-f46c-45ab-8391-85b26dda6b65,,,,
2182,What It Is,en,m,1517,Sailing to Philadelphia,2000,1820a724-b0c3-39ff-b1c1-e3dfdf3a18a6,830,Mark Knopfler,gb,e49f69da-17d5-4c5c-bac0-dadcb0e588f5,,,,
2183,Taro,en,m,810,An Awesome Wave,2012,"0d8562eb-7f72-427b-8a0b-984cc5ee7766",460,alt-J,gb,fc7bbf00-fbaa-4736-986b-b3ac0266ca9b,,,,
2184,The Ghost of Tom Joad,en,m,1518,The Ghost of Tom Joad,1995,46ab3187-496d-3565-900e-57d89bacd22c,20,Bruce Springsteen,us,70248960-cb53-4ea4-943a-edb18f7d336f,,,,
2185,Politik,en,m,49,A Rush of Blood to the Head,2002,120c786d-a3b2-3c19-b4ff-2b7b3b4435bf,25,Coldplay,gb,cc197bad-dc9c-440d-a5b5-d52ba2e14234,,,,
2186,First Day of My Life,en,m,1519,"I'm Wide Awake, It's Morning",2005,d18d4a89-8da6-3b5d-b1c7-3910e4c0f12c,831,Bright Eyes,us,78f797e3-4913-4026-aad0-1cd858bd735b,,,,
2187,"Steady, As She Goes",en,m,1520,Broken Boy Soldiers,2006,16d852cc-b287-352a-bacd-1069e101fb2e,832,The Raconteurs,us,be407b02-f3e6-4ed5-9489-f8e5f0ab36dc,,,,
2188,The Age of the Understatement,en,m,1521,The Age of the Understatement,2008,9978ebdd-ac50-34ac-af53-c926aca854a5,833,The Last Shadow Puppets,gb,8a3e1c4f-59a8-457a-826c-fe961419a8ae,,,,
2189,God Put a Smile upon Your Face,en,m,49,A Rush of Blood to the Head,2002,120c786d-a3b2-3c19-b4ff-2b7b3b4435bf,25,Coldplay,gb,cc197bad-dc9c-440d-a5b5-d52ba2e14234,,,,
2190,Don't Give Up,en,x,75,So,1986,be3cc3e7-bdb0-3c13-a60b-a985b30eb603,96,Peter Gabriel,gb,8e66ea2b-b57b-47d9-8df0-df4630aeb8e5,69,Kate Bush,gb,4b585938-f271-45e2-b19a-91c634b5e396
2191,Many Shades of Black,en,m,1522,Consolers of the Lonely,2008,3d8c32dc-5962-3118-9c42-1f1a8d27434d,832,The Raconteurs,us,be407b02-f3e6-4ed5-9489-f8e5f0ab36dc,,,,
2192,Beetlebum,en,m,1,Blur,1997,fdd6c833-3c96-33cb-9917-72e15bcd34bc,15,Blur,gb,ba853904-ae25-4ebb-89d6-c44cfbd71bd2,,,,
2193,Linoleum,en,m,1523,Punk in Drublic,1994,e45567d0-0c20-3936-a49f-1b42901f89fd,834,NOFX,us,dcaa4f81-bfb7-44eb-8594-4e74f004b6e4,,,,
2194,Niggas in Paris,en,m,1524,Watch the Throne,2011,a96597aa-93b4-4e14-9e6e-03892ab24979,350,Jay-Z,us,f82bcf78-5b69-4622-a5ef-73800768d9ac,212,Kanye West,us,164f0d73-1234-4e2c-8743-d77bf2191051
2195,Love Games,en,m,1525,Lip Service,1984,,835,Schmutz,be,9503293a-45b1-4c15-aa27-46de9383d35b,,,,
2196,Funhouse,en,f,1526,Funhouse,2008,d8e89f6d-0c5b-3a05-a660-8c7367274d85,634,P!nk,us,f4d5cc07-3bc9-4836-9b15-88a08359bc63,,,,
2197,Material Girl,en,f,1238,Like a Virgin,1984,b69580b9-7050-3994-b544-4407a22c097a,361,Madonna,us,79239441-bfd5-4981-a70c-55c3f15c1287,,,,
2198,Demons,en,m,1527,Night Visions,2012,caef5f01-8568-4573-8458-c9e99ff7c734,836,Imagine Dragons,us,"012151a8-0f9a-44c9-997f-ebd68b5389f9",,,,
2199,Breathe (In the Air),en,m,140,The Dark Side of the Moon,1973,f5093c06-23e3-404f-aeaa-40f72885ee3a,98,Pink Floyd,gb,83d91898-7763-47d7-b03b-b92132375c47,,,,
2200,E-Bow the Letter,en,m,1528,New Adventures in Hi-Fi,1996,6d4f73cb-9c02-33c5-ba06-c927a9b963ad,111,R.E.M.,us,ea4dfa26-f633-4da6-a52a-f49ea4897b58,,,,
2201,The Beautiful Ones,en,m,151,Purple Rain,1984,b93a7c47-a6d4-33f2-9034-53fdd991f4ba,101,Prince,us,"070d193a-845c-479f-980e-bef15710653e",,,,
2202,"Goeiemorgen, morgen",nl,x,1529,"Goeiemorgen, morgen",1971,,837,Nicole & Hugo,be,f61d8334-d7a0-4c22-8675-ca457b1008e3,,,,
2203,Allez Allez,en,f,1530,African Queen,1982,2cb2d7ea-6da0-45cf-b809-e23a0e598da9,838,Allez Allez,be,fe1655d4-9e23-4f1b-b84e-5eb42d4a276a,,,,
2204,What Difference Does It Make?,en,m,611,The Smiths,1984,91811b68-aa6e-35b3-a5e1-6a2733eb6ae9,130,The Smiths,gb,40f5d9e4-2de7-4f2d-ad41-e31a9a9fea27,,,,
2205,Young Americans,en,m,1502,Young Americans,1975,8c2a0eae-1359-3577-9127-e3d862acc2a2,32,David Bowie,gb,5441c29d-3602-4898-b1a1-b77fa23b8e50,,,,
2206,Pretend We're Dead,en,f,1531,Bricks Are Heavy,1992,9f7bedef-5588-3bca-8c81-06a102c4eb8d,839,L7,us,57111f1f-9829-45ea-bb4e-a5aba37cd1d1,,,,
2207,Nearly Lost You,en,m,1532,Sweet Oblivion,1992,3ed0f3e2-aef3-39c4-86e7-b1e9dc80a52c,840,Screaming Trees,us,bc5e6e42-73ba-44fa-a41e-3379402f0429,,,,
2208,Wannabe,en,f,1533,Spice,1996,4180845c-8700-3fda-af8f-0b9f3a932009,841,Spice Girls,gb,bf0caafc-2b20-4e07-ab85-87e14ff430ce,,,,
2209,Stolen Dance,en,m,1534,Sadnecessary,2013,a50a56d8-0953-45ea-a13a-08b4594f1f0e,842,Milky Chance,de,6d230d98-fb8d-4421-a6e8-daca4e55d53e,,,,
2210,Foorwijf!,nl,m,1676,Foorwijf!,1995,22161def-3b88-3c7d-915e-00ecd763c001,687,The Clement Peerens Explosition,be,"0e59b401-22b6-4d09-906f-e818f5a85ca5",,,,
2211,Kaya,en,m,1536,Kaya,1978,da0fbebe-0cef-344e-a0de-c9412ae0eb1a,17,Bob Marley & the Wailers,jm,c296e10c-110a-4103-9e77-47bfebb7fb2e,,,,
2212,On the Turning Away,en,m,1537,A Momentary Lapse of Reason,1987,4940b8aa-898b-3e60-9992-94e073bab6f6,98,Pink Floyd,gb,83d91898-7763-47d7-b03b-b92132375c47,,,,
2213,Ghost Town,en,m,1538,More Specials,1980,da095ec5-ca70-30ab-bd36-45ef961dced7,844,The Specials,gb,"07eb40a2-2914-439c-a01d-15a685b84ddf",,,,
2214,Don't Worry Be Happy,en,m,1539,Simple Pleasures,1988,6e844ba6-e276-3050-9b5a-ede5fbb1d3a8,845,Bobby McFerrin,us,a996b5bd-db99-4257-b036-336f63448aa2,,,,
2215,I Keep a Close Watch,en,m,1540,The Island Years,1996,3dde9d9e-2faf-3ed6-a54b-4a82a305dadf,606,John Cale,gb,72c090b6-a68e-4cb9-b330-85278681a714,,,,
2216,Toxic,en,f,1541,In the Zone,2003,add6cf16-f4c1-3d50-9b28-633b35ca8189,846,Britney Spears,us,45a663b5-b1cb-4a91-bff6-2bef7bbfdd76,,,,
2217,Courage (For Hugh MacLennan),en,m,1542,Fully Completely,1992,2959fc5f-2cf0-3325-af9d-b20e6cc1d1a9,357,The Tragically Hip,ca,e86ab653-bec8-46f3-b4b6-a1a866919ef6,,,,
2218,Sing It Back,en,f,1543,I Am Not a Doctor,1998,aee2707e-e38e-3426-b9c2-5f9391e1b50c,436,Moloko,gb,2f94016a-3880-4d8c-9af9-0e197ee77189,,,,
2219,Voir un ami pleurer,fr,m,1544,Les Marquises,1977,6c67b32d-574f-3f04-80f2-b2b9d00771c4,264,Jacques Brel,be,91eda19b-1437-42cd-b7af-69df24b7f275,,,,
2220,Army Dreamers,en,f,889,Never for Ever,1980,b3c5541a-e1d0-354f-b6c8-565c37dde332,69,Kate Bush,gb,4b585938-f271-45e2-b19a-91c634b5e396,,,,
2221,Opus,i,i,1545,Opus,2016,db24aad9-a207-4ee2-9b19-ca0f6efa120a,847,Eric Prydz,se,35dac7d2-0b1f-470f-9a5a-c53c8821f6d6,,,,
2222,Love's a Stranger,en,m,1546,Warhaus,2017,37156e3b-4df4-4164-806b-cd59cbac32ec,848,Warhaus,be,d9fccd7c-a14c-4c1a-8a3b-17d05b2f549c,,,,
2223,Above the Clouds of Pompeii,en,m,620,Islands,2014,3c06110e-b43c-4c19-97eb-a410ba5bf7cb,369,Bear's Den,gb,f11f6e85-a39a-4dd8-875b-cd84839ddec6,,,,
2224,Mandinka,en,f,133,The Lion and the Cobra,1987,f7158e4b-87d0-3310-85ae-71b15769f4ef,125,Sinéad O'Connor,ie,c78a77fa-507c-4c07-947a-0355029453bd,,,,
2225,Mr. November,en,m,1547,Alligator,2005,8bebb379-ac9e-3283-b230-a2d3deae7346,181,The National,us,664c3e0e-42d8-48c1-b209-1efca19c0325,,,,
2226,Christine,fr,f,1548,Chaleur Humaine,2014,c6589de6-a3bc-490e-b28d-cdd2499203e0,849,Christine and the Queens,fr,9c90ffbf-b137-4dee-bfcc-b8010787840d,,,,
2227,Bad Blood,en,f,1549,1989,2014,4d9ec1c2-58ec-48a4-aa0a-916718adead0,850,Taylor Swift,us,20244d07-534f-4eff-b4d4-930878889970,,,,
2228,My Sweet Lord,en,m,1550,All Things Must Pass,1970,d4b0f3e2-e3eb-3531-b305-ed8105cb5be4,851,George Harrison,gb,42a8f507-8412-4611-854f-926571049fa0,,,,
2229,I Can't Go for That (No Can Do),en,m,1551,Private Eyes,1981,7bf302c6-dd12-3360-a944-7f88e5c96743,756,Daryl Hall & John Oates,us,debabff3-2559-46e5-862d-ef2a906d7010,,,,
2230,In This World,en,f,1305,18,2002,f83ca650-ae20-3347-ba06-5eaa9ab163af,201,Moby,us,8970d868-0723-483b-a75b-51088913d3d4,,,,
2231,Kronenburg Park,nl,m,1552,Foto van een mooie dag,1985,132ec318-946e-3035-84e8-9381d691d234,852,Frank Boeijen Groep,nl,,,,,
2232,Hand in My Pocket,en,f,128,Jagged Little Pill,1995,ee3d18ed-d6a8-37c7-a964-41bbdb6d59f1,6,Alanis Morissette,ca,4bdcee62-4902-4773-8cd1-e252e2e31225,,,,
2233,N.Y. State of Mind,en,m,1553,Illmatic,1994,28298e2c-4d70-3eed-a0f5-a3280c662b3d,853,Nas,us,cfbc0924-0035-4d6c-8197-f024653af823,,,,
2234,Four Out Of Five,en,m,1554,Tranquility Base Hotel & Casino,2018,97ee3a0f-183b-4830-aa5c-45507a084d37,174,Arctic Monkeys,gb,ada7a83c-e3e1-40f1-93f9-3e73dbc9298a,,,,
2235,The System Only Dreams in Total Darkness,en,m,1454,Sleep Well Beast,2017,8018fc24-6a55-45b0-8b34-19650522550a,181,The National,us,664c3e0e-42d8-48c1-b209-1efca19c0325,,,,
2237,Blind Willie McTell,en,m,1556,The Bootleg Series Volumes 1-3 (Rare And Unreleased) 1961-1991,1991,695c83f9-0919-32b0-af9a-4e58eaf0411e,16,Bob Dylan,us,72c536dc-7137-4477-a521-567eeb840fa8,,,,
2238,On Hold,en,m,1393,I See You,2017,8f7e23d4-8b15-491f-b006-4a9ff5a41229,363,The xx,gb,c5c2ea1c-4bde-4f4d-bd0b-47b200bf99d6,,,,
2239,Army of Me,en,f,1049,Post,1995,b2a6e057-087d-3ae5-a6e5-7f5fa39808ff,500,Björk,is,87c5dedd-371d-4a53-9f7f-80522fb7f3cb,,,,
2240,Are You Gonna Be My Girl,en,m,1557,Get Born,2003,bfc13ebf-27b6-3d1b-94f5-756745ec7b6f,855,Jet,au,4efa55ba-93cf-497f-baf3-2ca9da7e193e,,,,
2241,Sweet Instigator,en,m,1558,Birthmarks,2001,38da9fd9-ed84-3b7e-8089-91b590e2bd03,856,Ozark Henry,be,9b78890f-9f89-48a5-924b-efb99d802496,,,,
2242,Home Again,en,m,1559,Home Again,2012,cc5aa047-4a91-4fd4-aa9c-108b7c9ac416,260,Michael Kiwanuka,gb,11f570ff-44d9-4e9c-8812-e6d56103c5c1,,,,
2243,Footloose,en,m,1560,Footloose,1984,"069ffcf4-310d-49e0-b11e-9ce764536b20",857,Kenny Loggins,us,15042d2b-2d4c-4451-a96a-6f547642de13,,,,
2244,All I Want for Christmas Is You,en,f,1561,Merry Christmas,1994,ea885664-bf25-3e52-8ce0-15a84aed4a83,858,Mariah Carey,us,494e8d09-f85b-4543-892f-a5096aed1cd4,,,,
2245,Faith,en,m,125,Faith,1987,4e61585f-f341-3174-85cf-afad8df46fbe,47,George Michael,gb,ccb8f30e-4d71-40c4-8b1d-846dafe73e2c,,,,
2180,Out of Control,en,m,2026,Three,1979,5a824915-94b5-38c0-b1d0-65a31518423d,146,U2,ie,a3cb23fc-acd3-4ce0-8f36-1e5aa6a18432,,,,
2246,We Are the People,en,m,1295,Walking on a Dream,2008,879f9aca-eb19-398e-b696-f2f0b07bc980,705,Empire of the Sun,au,ac7e838c-3d95-47c2-92a9-81767ad7c217,,,,
2247,All Too Well,en,f,1562,Red,2012,a73cecde-0923-40ad-aad1-e8c24ba6c3d2,850,Taylor Swift,us,20244d07-534f-4eff-b4d4-930878889970,,,,
2248,Love Is a Battlefield,en,f,1563,Live from Earth,1983,6059c849-e4c7-3241-94b6-606823e1b893,859,Pat Benatar,us,6bc658ea-005f-486b-8f94-33a2e40f7a72,,,,
2249,Superman,en,m,1139,The Eminem Show,2002,e9585ed4-d148-3711-bbee-55a97b58325a,217,Eminem,us,b95ce3ff-3d05-4e87-9e01-c97b66af13d4,,,,
2251,Eventually,en,m,772,Currents,2015,"08aa7a6c-3e43-4459-87b2-e47faf3a088a",445,Tame Impala,au,63aa26c3-d59b-4da4-84ac-716b54f1ef4d,,,,
2252,Jive to the Beat,en,m,1302,Charlatan,1988,f63ff2eb-8144-3c83-8e34-d093b9c92c08,267,Arno,be,"03a82b66-d021-4754-aca2-399d51ee6199",,,,
2253,Emma,en,m,1565,Cicero Park,1974,5df22dee-3ab6-395e-8ca0-d387e8f9d28d,860,Hot Chocolate,gb,a749130e-c2d8-4a7c-b740-908ea4574961,,,,
2254,Broken Wings,en,m,1566,Welcome to the Real World,1985,fbc189f0-ad48-31af-88f5-a711eee6e40a,861,Mr. Mister,us,5c01e170-1302-4e75-a10c-d9e440b0c68f,,,,
2255,Accidentally in Love,en,m,1567,Accidentally In Love (From Shrek 2 S/T),2004,361a9659-2c4e-34ea-8d35-e2b15f2b2ae3,26,Counting Crows,us,a0327dc2-dc76-44d5-aec6-47cd2dff1469,,,,
2256,Chandelier,en,f,1568,1000 Forms of Fear,2014,5628bc44-c89b-4af6-9b76-f266d09be63c,862,Sia,au,2f548675-008d-4332-876c-108b0c7ab9c5,,,,
2257,Every Other Freckle,en,m,1569,This Is All Yours,2014,23f52d25-a4bd-4b1f-9d7e-62dd47cdf375,460,alt-J,gb,fc7bbf00-fbaa-4736-986b-b3ac0266ca9b,,,,
2258,Arme Joe,nl,m,1570,Feest in de stad,1991,a5496712-3016-3ad1-8c32-ca3b52ea9d86,534,Noordkaap,be,13e7b7a6-ac07-416d-89bf-6b97f7a5ebad,,,,
2259,Drunk in Love,en,x,1571,Beyoncé,2013,8596171e-23b2-4bdd-8f1c-11960df0ecbe,329,Beyoncé,us,859d0860-d480-4efd-970c-c05d5f1776b8,350,Jay-Z,us,f82bcf78-5b69-4622-a5ef-73800768d9ac
2260,Roller Coaster,en,m,1572,Pressure Makes Diamonds,2019,b44f2a57-e923-4b35-8518-df3fef8e76cd,863,Danny Vera,nl,6d4e7e55-4bc3-43d5-aeb5-64d3c4e43623,,,,
2261,"No Light, No Light",en,f,657,Ceremonials,2011,998f1bc8-6703-49fe-8aed-028ec04a14f2,243,Florence + the Machine,gb,5fee3020-513b-48c2-b1f7-4681b01db0c6,,,,
2262,93 'Til Infinity,en,m,1573,93 'til Infinity,1993,22988dc5-7a33-358a-bccf-8a250a557f6b,864,Souls Of Mischief,us,,,,,
2264,Maybe I'm Amazed,en,m,1575,McCartney,1970,d6a52dc7-f4fa-4d10-89d9-5a99d178dae9,865,Paul McCartney,gb,ba550d0e-adac-4864-b88b-407cab5e76af,,,,
2265,Black Magic Woman,en,f,1576,English Rose,1969,52738bb8-951b-3d51-8e21-3b9951e9f898,46,Fleetwood Mac,gb,bd13909f-1c29-4c27-a874-d4aaf27c5b1a,,,,
2266,Black Steel,en,m,1577,Maxinquaye,1995,9fd2415f-182f-39c1-aa02-5acb36f99bef,866,Tricky,gb,5bf64d94-efd9-4334-96fd-e6197b0b02b8,,,,
2267,Alison,en,m,1578,My Aim Is True,1977,c7a4740f-2729-3895-8498-08c521886a95,40,Elvis Costello,gb,8a338e06-d182-46f2-bd16-30a09bc840ba,,,,
2268,Joyride,en,f,1579,Joyride,1991,2f36e6f3-b504-3ed4-b1e8-7971fd7b5632,720,Roxette,se,d3b2711f-2baa-441a-be95-14945ca7e6ea,,,,
2269,Lift Me Up,en,m,1580,Hotel,2005,ba4e9798-f7b8-3b34-8446-f5f949d5f7a0,201,Moby,us,8970d868-0723-483b-a75b-51088913d3d4,,,,
2270,Mad World,en,m,1581,Trading Snakeoil for Wolftickets,2001,e1199907-72be-3eb8-8ff0-e85c93628ed4,867,Gary Jules,us,3d65bead-6eae-4012-8665-d5f593ea4a62,871,Michael Andrews,us,
2271,Thinking About You All the Time,en,m,1582,A Song About a Girls,2004,722c53fb-cb07-4b47-a7b9-3c3fb1d24162,154,Zita Swoon,be,5a44422e-4c5f-47c6-9585-f6bff865c3f5,,,,
2273,Come Away With Me,en,f,1243,Come Away with Me,2002,6ccac9d2-22ed-33de-bd5d-f2aadcacf7f8,561,Norah Jones,us,985c709c-7771-4de3-9024-7bda29ebe3f9,,,,
2274,Goo Goo Muck,en,m,1584,Psychedelic Jungle,1981,ef6c72da-139d-3ad8-ac43-9090b7b8e500,655,The Cramps,us,96c1edac-1011-4cb8-882c-27248de35071,,,,
2275,It Must Have Been Love,en,f,1585,It Must Have Been Love,1990,54ccbec0-f738-3b77-893e-3db1cdad78cc,720,Roxette,se,d3b2711f-2baa-441a-be95-14945ca7e6ea,,,,
2279,River Man,en,m,1586,Five Leaves Left,1969,b9c4fc17-0dc5-3aa5-b1b9-08e1446e5bea,530,Nick Drake,gb,99ea432a-e3d8-42cb-9d5e-db316a6a8458,,,,
2280,Hometown Glory,en,f,1181,19,2008,9796da06-2d59-3176-8598-2105f31ee54a,185,Adele,gb,cc2c9c3c-b7bc-4b8b-84d8-4fbd8779e493,,,,
2281,Fall On Me,en,m,1587,Lifes Rich Pageant,1986,8b6b2628-7bd4-3fed-9d65-cf4e5dc45939,111,R.E.M.,us,ea4dfa26-f633-4da6-a52a-f49ea4897b58,,,,
2282,Unchained Melody,en,m,1588,Just Once in My Life,1965,8da1441d-fc54-46a2-a244-7d3caa11fee6,868,The Righteous Brothers,us,1ac3366a-a0e9-4a55-8f6e-796fce32a3b2,,,,
2283,When the Levee Breaks,en,m,108,Led Zeppelin IV,1971,2e61da88-39e9-3473-81d2-c964cb394952,75,Led Zeppelin,gb,678d88b2-87b0-403b-b63d-5da7465aecc3,,,,
2285,Girls Just Want to Have Fun,en,f,1590,She's So Unusual,1983,46d415e9-39b7-3978-9e3d-d9d8a32c6751,618,Cyndi Lauper,us,7bd9e20e-74b9-446a-a2ed-a223f82a36e7,,,,
2287,Perfect,en,m,1195,÷,2017,e05f9927-e24b-41c5-928d-d0e008a12444,653,Ed Sheeran,gb,b8a7c51f-362c-4dcb-a259-bc6e0095f0a6,,,,
2288,Rapture,en,f,1592,Autoamerican,1980,57b5b8e5-f402-3406-af89-01c92cda5217,304,Blondie,us,4d2956d1-a3f7-44bb-9a41-67563e1a0c94,,,,
2289,Verdronken vlinder,nl,m,1593,Voor de overlevenden,1966,54f95fa1-6923-3898-9969-13933edf6043,726,Boudewijn de Groot,nl,eb4b6d16-9d9d-481e-85ad-fd972827bc91,,,,
2290,Human Nature,en,m,94,Thriller,1982,f32fab67-77dd-3937-addc-9062e28e4c37,86,Michael Jackson,us,f27ec8db-af05-4f36-916e-3d57f91ecf5e,,,,
2291,Stir It Up,en,m,1594,Catch A Fire,1973,63a3ac2f-5d63-3132-98d3-b00385d9a3a2,17,Bob Marley & the Wailers,jm,c296e10c-110a-4103-9e77-47bfebb7fb2e,,,,
2292,Wild Wood,en,m,1595,Wild Wood,1993,2fb89402-6ed9-3f5b-b267-d77ac921b2d2,377,Paul Weller,gb,c4406045-e640-4cfe-8b88-4732cce314d4,,,,
2293,Rigoreus,nl,m,179,Blauw,1990,95b6e745-99fc-39ff-8426-6b825429dc40,118,The Scene,nl,80d49857-8a0b-439e-95d3-3f41bd8eefbe,,,,
2294,Nu of nooit,nl,m,520,Hier en nu,1990,feb814b3-3458-326c-9379-13f217e24587,320,De Kreuners,be,ced59532-a7e5-4cb4-8ef2-5b9daf17bfa9,,,,
2296,Jackson,en,x,1487,Carryin' On With Johnny Cash And June Carter,1967,50031fc5-b480-368a-a7f2-a5db73fd3370,187,Johnny Cash,us,d43d12a1-2dc9-4257-a2fd-0a3bb1081b86,872,June Carter,us,
2297,Here with Me,en,m,968,Battle Born,2012,d3e8791c-702d-4faf-8916-07ff38ba54a4,168,The Killers,us,95e1ead9-4d31-4808-a7ac-32c3614c116b,,,,
2298,Stacy's Mom,en,m,1596,Welcome Interstate Managers,2003,db2a3102-5ea2-395f-89e9-2de7881186b3,873,Fountains of Wayne,us,"0f82d6b5-12fb-4569-b047-a00194f572a7",,,,
2299,My Moon My Man - Boys Noize Remix,en,f,1597,Oi Oi Oi,2007,,874,Feist,ca,a670e05a-cea8-4b37-bce9-d82daf1a0fa4,,,,
2300,My Mistakes Were Made for You,en,m,1598,My Mistakes Were Made for You,2008,,833,The Last Shadow Puppets,gb,8a3e1c4f-59a8-457a-826c-fe961419a8ae,,,,
2301,Left Hand Free,en,m,1569,This Is All Yours,2014,23f52d25-a4bd-4b1f-9d7e-62dd47cdf375,460,alt-J,gb,fc7bbf00-fbaa-4736-986b-b3ac0266ca9b,,,,
2302,All This Dancin´ Around,en,m,1599,All This Dancin' Around,2010,30f8be46-e54f-4ac8-9323-9898484a84cc,470,Triggerfinger,be,b3e73938-5249-4d47-9db4-5edabbbb8c95,,,,
2303,Fairground,en,m,1600,Life,1995,964c6f42-76be-3aeb-80d0-1ba4869a4e6a,875,Simply Red,gb,a9100753-f539-43cf-bcc9-579566fb512e,,,,
2304,I Will Survive,en,f,1601,Love Tracks,1978,73c7828a-8549-3447-96cf-777be057829e,876,Gloria Gaynor,us,,,,,
2305,Handle with Care,en,m,1602,"The Traveling Wilburys, Vol. 1",1988,7bfb7661-aef3-3f43-b625-542726cb078d,877,Traveling Wilburys,us,4387b544-e4d0-4f18-b74e-d4a5ba1582ab,,,,
2306,Gray Goes Black,en,m,1603,Blues Funeral,2012,db54bd13-c792-403c-8b55-6dc8bceded0b,878,Mark Lanegan,us,a9126556-f555-4920-9617-6e013f8228a7,,,,
2307,The Emperor's New Clothes,en,f,134,I Do Not Want What I Haven't Got,1990,9747bcfe-7c42-35ac-8c3e-7ecac9f1227b,125,Sinéad O'Connor,ie,c78a77fa-507c-4c07-947a-0355029453bd,,,,
2308,The Bends,en,m,160,The Bends,1995,b8048f24-c026-3398-b23a-b5e50716cbc7,104,Radiohead,gb,a74b1b7f-71a5-4011-9441-d0b5e4122711,,,,
2309,Survival,en,m,828,The 2nd Law,2012,422cd8ac-8599-4356-b874-4da79a06abac,164,Muse,gb,9c9f1380-2516-4fc9-a3e6-f9f61941d090,,,,
2310,Balance ton quoi,fr,f,1512,Brol,2018,f5c122fd-4d97-4948-9f03-6515bd2ec667,828,Angèle,be,dcd4701d-64ec-443d-bfbf-73fc87c44bd6,,,,
2311,Ladders,en,m,1604,Swimming,2018,8bddc517-1322-40a9-b33b-c65248b52b54,879,Mac Miller,us,a0e8a1b1-5f8f-475a-a253-17415c17d0ff,,,,
2312,Suspicion,en,m,1605,The Split,1981,e565cb58-de28-4db4-9d85-8645976906d1,880,Toy,be,5e724ff2-86c9-44d5-a9a8-8d8f8f0d6119,,,,
2313,Secretly,en,f,1073,Post Orgasmic Chill,1999,fd11c3c2-6f11-3a79-b6b4-f4256b899fa6,127,Skunk Anansie,gb,e212efdf-98b2-4dce-92ed-62cfc1e29854,,,,
2314,Loser,en,m,18,The Better Life,2000,467a5697-30e7-34b8-9813-d07e6af9c653,2,3 Doors Down,us,2386cd66-e923-4e8e-bf14-2eebe2e9b973,,,,
2315,Gold on the Ceiling,en,m,319,El Camino,2011,c2eed4c1-5cd9-469a-9075-b82077093967,220,The Black Keys,us,d15721d8-56b4-453d-b506-fc915b14cba2,,,,
2317,Wake Me Up,en,m,1607,True,2013,61180839-f4a7-407f-b86f-24c48eef4066,379,Avicii,se,c85cfd6b-b1e9-4a50-bd55-eb725f04f7d5,,,,
2318,Uninvited,en,f,1608,City of Angels,1998,698b6eca-e12b-344e-9a63-ef855f1dc740,6,Alanis Morissette,ca,4bdcee62-4902-4773-8cd1-e252e2e31225,,,,
2319,The Silence,en,m,1609,A Black Mile to the Surface,2017,"0e044656-b567-473e-ad96-bec356ce2aba",881,Manchester Orchestra,us,dd91eb4b-6d08-4c14-9eb2-197a02a35f6c,,,,
2321,Diamonds and Pearls,en,m,507,Diamonds and Pearls,1991,50a39c17-0400-35c5-baca-413eb0ed0b70,101,Prince,us,"070d193a-845c-479f-980e-bef15710653e",,,,
2322,Girlfriend in a Coma,en,m,1610,"Strangeways, Here We Come",1987,53bcf9cf-db1e-3887-80f5-9f23c87a0f64,130,The Smiths,gb,40f5d9e4-2de7-4f2d-ad41-e31a9a9fea27,,,,
2323,Suicide Blonde,en,m,1611,X,1990,8fd854fa-604f-3106-a9c9-90288687f61e,378,INXS,au,481bf5f9-2e7c-4c44-b08a-05b32bc7c00d,,,,
2324,Swimming Pools (Drank),en,m,1612,Swimming Pools (Drank),2012,,309,Kendrick Lamar,us,381086ea-f511-4aba-bdf9-71c753dc5077,,,,
2325,Hardwired,en,m,1613,Hardwired…To Self-Destruct,2016,55d8ab42-990b-4c94-93c8-9ca7927b5fc0,85,Metallica,us,65f4f0c5-ef9e-490c-aee3-909e7ae6b2ab,,,,
2326,"I Love You, Will You Marry Me",en,m,1614,21st Century Liability,2018,b6866ba2-615d-401e-802f-ac657f63f6f4,882,YUNGBLUD,gb,97529a9e-4b5a-4a9c-9c08-c42401d1c268,,,,
2327,Utopia,en,f,1615,Utopia,2009,2f66dc3d-3f0b-4dd6-a2b8-cc5549fcacdf,204,Within Temptation,nl,eace2373-31c8-4aba-9a5c-7bce22dd140a,,,,
2328,I Need You,en,m,1387,Skeleton Tree,2016,49339024-c6b4-4345-b521-6349463513cb,89,Nick Cave,au,172e1f1a-504d-4488-b053-6344ba63e6d0,,,,
2329,Heartbreak Hotel,en,m,1616,Heartbreak Hotel,1956,743cb0c3-2efd-35d7-8c53-8caf1ed0cd32,41,Elvis Presley,us,"01809552-4f87-45b0-afff-2c6f0730a3be",,,,
2250,Vinde gij mijn gat (niet te dik in deze rok),nl,m,1564,Vinde gij mijn gat (niet te dik in deze rok),1999,"08058e2f-7ebd-3c8d-a78c-89bcf5b58fc1",687,The Clement Peerens Explosition,be,"0e59b401-22b6-4d09-906f-e818f5a85ca5",,,,
2330,Con te partirò,it,m,1617,Bocelli,1995,76bc91d2-d8c6-3dd1-905c-c7572e3f3aff,883,Andrea Bocelli,it,c5a0a216-c33c-42dc-92b8-4b60236f8dad,,,,
2331,Black Velvet,en,f,1618,Alannah Myles,1989,688374de-0720-3df2-a538-dbdc382642d3,884,Alannah Myles,ca,14156fcd-ba0f-45be-88c0-e10fb6acf4b2,,,,
2332,Unwritten,en,f,1619,Unwritten,2004,9b29b689-01a9-3da4-aa2b-b13ee0e100ac,885,Natasha Bedingfield,gb,8b477559-946e-4ef2-9fe1-446cff8fdd79,,,,
2333,Zij gelooft in mij,nl,m,1620,Gewoon Andre,1981,2b9846c1-4a78-3651-8a7b-42fb0bb8a577,886,André Hazes,nl,774b509e-15ba-4932-aae4-ec7371e46c27,,,,
2334,Everything Zen,en,m,39,Sixteen Stone,1994,eef2b4a3-49dc-33d7-9fbb-fb2313cd57b0,23,Bush,gb,93ccd76c-3790-4435-a8bf-02bc26294b93,,,,
2335,Coitus Interruptus,en,m,1621,Fireside Favourites,1980,ac4532c4-2934-3420-943d-42a099dbb26a,703,Fad Gadget,gb,,,,,
2336,Wasting My Young Years,en,f,847,If You Wait,2013,dbf36a9a-df02-41c4-8fa9-5afe599960b0,486,London Grammar,gb,4dbe08c1-b40a-43b3-ab89-210000bd8ab2,,,,
2337,The Chauffeur,en,m,859,Rio,1982,3c638420-8208-3c01-b723-f061b10e3f3a,491,Duran Duran,gb,1a1cd7f3-e5df-4eca-bae2-2757c9e656b5,,,,
2338,Closing Time,en,m,223,Closing Time,1973,35c9a4b0-d4dd-3e6f-87fd-2185519296e2,142,Tom Waits,us,c3aeb863-7b26-4388-94e8-5a240f2be21b,,,,
2339,My Boy,en,m,1622,Good Times,1974,d7695480-d8e5-3cbb-beed-7de7021f2d0b,41,Elvis Presley,us,"01809552-4f87-45b0-afff-2c6f0730a3be",,,,
2340,Horizon,nl,m,1623,En Route,2015,187a6152-e261-436f-bb58-abcc9dc8c653,887,Tourist LeMC,be,6be5451a-3795-4423-a552-6e15f1b2b9ae,,,,
2341,The Real Slim Shady,en,m,316,The Marshall Mathers LP,2000,b0fa91c8-0996-38f1-ab84-797f58d7c4eb,217,Eminem,us,b95ce3ff-3d05-4e87-9e01-c97b66af13d4,,,,
2342,Bones,en,m,431,An End Has a Start,2007,8f01aa75-c576-3470-b661-b655223307eb,172,Editors,gb,"0efe858c-89e5-4e47-906a-356fa953fd6e",,,,
2343,Testament,nl,m,1593,Voor de overlevenden,1966,54f95fa1-6923-3898-9969-13933edf6043,726,Boudewijn de Groot,nl,eb4b6d16-9d9d-481e-85ad-fd972827bc91,,,,
2344,Fragile,en,m,728,...Nothing Like the Sun,1987,ec048bb5-1fc3-32a7-b560-c07ddd0df544,424,Sting,gb,7944ed53-2a58-4035-9b93-140a71e41c34,,,,
2345,Crosstown Traffic,en,m,89,Electric Ladyland,1968,47ba2d59-5544-34a4-b108-dc08c0956298,62,Jimi Hendrix,us,"06fb1c8b-566e-4cb2-985b-b467c90781d4",,,,
2346,Matchbox Car,en,m,1624,"Here's To You, Gang",1983,,117,The Scabs,be,53c97a52-d691-4477-99f3-cb6e46b0bd94,,,,
2347,Ophelia,en,m,1625,Cleopatra,2016,3afcf111-fc5d-4b7c-9712-55d225f4b2eb,654,The Lumineers,us,bfcb6630-9b31-4e63-b11f-7b0363be72b5,,,,
2348,Why Go,en,m,138,Ten,1991,cea5d18a-1924-3cda-bebc-38933834b25d,94,Pearl Jam,us,83b9cbe7-9857-49e2-ab8e-b57b01038103,,,,
2349,Love Me Two Times,en,m,840,Strange Days,1967,9b1acd78-3d19-37bb-8ca0-5816d44da439,37,The Doors,us,9efff43b-3b29-4082-824e-bc82f646f93d,,,,
2350,Jintro & the Great Luna,en,m,482,Everyday I Wear a Greasy Black Feather on My Hat,1995,af687280-a2f6-31cc-bf9a-927c599a146b,296,Moondog Jr.,be,8a7a3c4e-5a82-4ef7-ac45-966f51e47610,,,,
2351,Hum,en,m,528,New Parade,1999,9bc218f0-5885-32d4-9207-669731ada3e1,327,The Sheila Divine,us,65a521c2-e645-41d0-95a4-6dd859e89138,,,,
2352,Dreamer,en,m,687,Crime of the Century,1974,c3749af5-0d0c-3ed1-b1c0-8b4a8f6c3436,401,Supertramp,gb,d2ff6b6b-fc30-48dc-8952-06f9d8fc64f8,,,,
2353,I Want You to Want Me,en,m,1626,In Color,1977,56f8dc86-6243-3fdd-af13-3481c2521f47,888,Cheap Trick,us,9f870653-72b0-4c6d-8c59-439a95963e09,,,,
2354,Behind Blue Eyes,en,m,461,Who's Next,1971,9584e28b-66a7-3846-8d52-b3008a283539,150,The Who,gb,9fdaa16b-a6c4-4831-b87c-bc9ca8ce7eaa,,,,
2355,A Kind of Magic,en,m,337,A Kind of Magic,1986,84f508a9-beae-3e97-b59e-3a8886c6e901,103,Queen,gb,"0383dadf-2a4e-4d10-a46a-e9e041da8eb3",,,,
2356,Engel,de,m,430,Sehnsucht,1997,2a323740-b615-35bc-9f58-1d2e6a5d9289,229,Rammstein,de,b2d122f9-eadb-4930-a196-8f221eeb0c66,,,,
2357,No Sleep Till Brooklyn,en,m,932,Licensed to Ill,1986,57f5e7c8-2a6e-34a0-b4cd-0e77695bc36f,11,Beastie Boys,us,9beb62b2-88db-4cea-801e-162cd344ee53,,,,
2358,All the Young Dudes,en,m,1627,All The Young Dudes,1972,cc5e8db8-684b-3adf-a519-55b0818391ac,889,Mott The Hoople,gb,435f1441-0f43-479d-92db-a506449a686b,,,,
2359,Wrong,en,m,1628,Sounds of the Universe,2009,9106c01e-b3f3-3c4b-bf18-b058a5819605,163,Depeche Mode,gb,8538e728-ca0b-4321-b7e5-cff6565dd4c0,,,,
2360,Shake It Off,en,f,1549,1989,2014,4d9ec1c2-58ec-48a4-aa0a-916718adead0,850,Taylor Swift,us,20244d07-534f-4eff-b4d4-930878889970,,,,
2361,I Love Rock 'N Roll,en,f,1629,I Love Rock 'N' Roll,1981,5ed75d75-b112-38b9-992b-42f3488d62fb,890,Joan Jett & the Blackhearts,us,46e63d3b-d91b-4791-bb73-e9f638a45ea0,,,,
2362,Bagagedrager,nl,m,1026,Spinvis,2002,230f219c-ba9d-3e47-a9cd-58a122a741ae,567,Spinvis,nl,5a87d06c-2123-450a-9388-cf121eeb8729,,,,
2365,My God Is the Sun,en,m,872,...Like Clockwork,2013,c92f73ee-527f-42ed-a556-fd615941e214,153,Queens of the Stone Age,us,7dc8f5bd-9d0b-4087-9f73-dc164950bbd8,,,,
2366,Hounds of Love,en,f,370,Hounds of Love,1985,"017f2a37-a78f-3578-9611-fa40408e5d90",69,Kate Bush,gb,4b585938-f271-45e2-b19a-91c634b5e396,,,,
2367,Blank Space,en,f,1549,1989,2014,4d9ec1c2-58ec-48a4-aa0a-916718adead0,850,Taylor Swift,us,20244d07-534f-4eff-b4d4-930878889970,,,,
2368,Two Princes,en,m,1630,Pocket Full of Kryptonite,1991,3e769959-3fd1-34da-925e-943605b32307,891,Spin Doctors,us,1bcb61f3-ca9c-4a26-b16e-0547ad6c21be,,,,
2369,Soul to Squeeze,en,m,1631,Coneheads,1993,8569103d-a0ef-3f8a-aeaf-8f0cfafe354d,109,Red Hot Chili Peppers,us,8bfac288-ccc5-448d-9573-c33ea2aa5c30,,,,
2370,Golden Years,en,m,515,Station to Station,1976,686cdbd1-b400-32d8-8cb8-9317a2e41a58,32,David Bowie,gb,5441c29d-3602-4898-b1a1-b77fa23b8e50,,,,
2371,Can't Hold Us,en,m,1632,The Heist,2012,22315cdd-4ed9-427c-9492-560cf4afed58,892,Macklemore,us,b6d7ec94-830c-44dd-b699-ce66556b7e55,893,Ryan Lewis,us,
2372,We are the Champions,en,m,1013,News of the World,1977,c172ea98-3a82-3254-b8ad-25a4f465ba03,103,Queen,gb,"0383dadf-2a4e-4d10-a46a-e9e041da8eb3",,,,
2374,Een heel klein beetje oorlog,nl,m,957,Een heel klein beetje oorlog,1993,2c24a45e-2aba-30e4-a14a-ec7d64bae091,534,Noordkaap,be,13e7b7a6-ac07-416d-89bf-6b97f7a5ebad,,,,
2375,Steentje,nl,m,1634,CASCO,2019,4c74572f-619a-4300-b72c-51875c894db3,894,Brihang,be,7657e003-ccb7-4c80-8015-9cbba93a3e47,,,,
2377,In the Shadows,en,m,1636,Dead Letters,2003,ce532270-f971-373d-8ce8-1d38659f5305,895,The Rasmus,fi,"012e3432-71d3-4317-9ce5-b60cb6cdc38f",,,,
2378,De vriendschapsband,nl,m,1637,Eurosong for Kids,2003,,896,XINK,be,"0990ac2c-b8b3-4a57-851e-d5aa0f3567b7",,,,
2379,Radioactive,en,m,1527,Night Visions,2012,caef5f01-8568-4573-8458-c9e99ff7c734,836,Imagine Dragons,us,"012151a8-0f9a-44c9-997f-ebd68b5389f9",,,,
2380,Human Touch,en,m,1638,Human Touch,1992,220de9c6-fa5f-39e3-ae89-1faf8a8bbc67,20,Bruce Springsteen,us,70248960-cb53-4ea4-943a-edb18f7d336f,,,,
2381,Honky Tonk Women,en,m,1639,Honky Tonk Women,1969,c69cc44e-62fb-36e9-8216-32da804ed819,113,The Rolling Stones,gb,b071f9fa-14b0-4217-8e97-eb41da73f598,,,,
2382,HUMBLE.,en,m,1640,DAMN.,2017,b88655ba-7469-48b8-a296-b9011ab73ef3,309,Kendrick Lamar,us,381086ea-f511-4aba-bdf9-71c753dc5077,,,,
2384,Maria,en,f,1641,No Exit,1999,af14217d-d5e3-3367-baef-90cf418ca79d,304,Blondie,us,4d2956d1-a3f7-44bb-9a41-67563e1a0c94,,,,
2385,Earth Song,en,m,1053,"HIStory: Past, Present and Future, Book I",1995,2324e560-e8ba-302d-a43d-2ea5ec9c83f7,86,Michael Jackson,us,f27ec8db-af05-4f36-916e-3d57f91ecf5e,,,,
2386,Drops of Jupiter (Tell Me),en,m,1642,Drops of Jupiter,2001,45da9521-164f-3ab7-aeca-ae7afae26f46,897,Train,us,bfd5aec5-62a2-4560-a316-7c46c17babda,,,,
2387,The Gravedigger's Song,en,m,1603,Blues Funeral,2012,db54bd13-c792-403c-8b55-6dc8bceded0b,878,Mark Lanegan,us,a9126556-f555-4920-9617-6e013f8228a7,,,,
2388,"Don't Think Twice, It's All Right",en,m,1460,The Freewheelin' Bob Dylan,1963,169b62aa-c3a5-3ed9-bed1-cc47c4bc51ad,16,Bob Dylan,us,72c536dc-7137-4477-a521-567eeb840fa8,,,,
2389,How Can We Hang On to a Dream,en,m,1643,Tim Hardin 1,1966,b1dc278a-ddeb-36ce-856d-ea633649e9eb,898,Tim Hardin,us,8f4be405-84d5-4cac-bdf9-bf02d9e04962,,,,
2390,Bad Guy,en,f,1644,"When We All Fall Asleep, Where Do We Go?",2019,72375978-a9a1-4254-b957-85565c716b7e,899,Billie Eilish,us,f4abc0b5-3f7a-4eff-8f78-ac078dbce533,,,,
2391,Aurora,en,m,345,There Is Nothing Left to Lose,1999,1cfc9a17-1fdb-30dd-83ca-dce93c481492,167,Foo Fighters,us,67f66c07-6e61-4026-ade5-7e782fad3a5d,,,,
2392,Heaven Knows I'm Miserable Now,en,m,812,Hatful of Hollow,1984,f81500a3-d01a-30e7-8ec9-75f672e9a775,130,The Smiths,gb,40f5d9e4-2de7-4f2d-ad41-e31a9a9fea27,,,,
2393,Let Down,en,m,161,OK Computer,1997,b1392450-e666-3926-a536-22c65f834433,104,Radiohead,gb,a74b1b7f-71a5-4011-9441-d0b5e4122711,,,,
2394,I'd Rather Go Blind,en,f,1645,I'd Rather Go Blind,1969,3a1e617d-0f4b-303a-9627-335853c9518c,900,Chicken Shack,gb,282ed0dc-064e-480c-b827-5b5e9500f045,,,,
2395,Do You Love Me?,en,m,476,Let Love In,1994,f369d4bf-71f1-31f5-9e01-ffdbf15acdbe,89,Nick Cave,au,172e1f1a-504d-4488-b053-6344ba63e6d0,,,,
2396,Hypersonic Missiles,en,m,1457,Hypersonic Missiles,2019,"0785a585-6516-4cde-a783-65ff5044fdd8",802,Sam Fender,gb,3478a5d1-bd96-4584-aa54-4d6e0a329658,,,,
2397,Gigant,nl,m,1251,Gigant,1994,7eda8177-11c6-32a4-8a7b-4f2e044f36ce,534,Noordkaap,be,13e7b7a6-ac07-416d-89bf-6b97f7a5ebad,,,,
2398,Joe's Garage,en,m,1646,"Joe's Garage Acts I, II & III",1979,2cd0a4d2-ec35-35dd-bcae-8310a6fff168,396,Frank Zappa,us,e20747e7-55a4-452e-8766-7b985585082d,,,,
2399,You Make Loving Fun,en,f,73,Rumours,1977,416bb5e5-c7d1-3977-8fd7-7c9daf6c2be6,46,Fleetwood Mac,gb,bd13909f-1c29-4c27-a874-d4aaf27c5b1a,,,,
2400,Way down We Go,en,m,1647,A/B,2016,6e65ab09-d837-43d4-a541-b93f5f8b2672,901,KALEO,is,260072fb-48e5-4653-9d17-b22e39e84d9c,,,,
2401,Everything I Wanted,en,f,1648,Everything I Wanted,2019,bf16775d-b2e2-4e8b-9122-ef80cda6e461,899,Billie Eilish,us,f4abc0b5-3f7a-4eff-8f78-ac078dbce533,,,,
2402,Hunger,en,f,1649,High As Hope,2018,d3263546-8b78-473d-8f2c-ad40bcaaa246,243,Florence + the Machine,gb,5fee3020-513b-48c2-b1f7-4681b01db0c6,,,,
2403,Gorik Pt. 1,nl,m,1650,Wie Is Guy ?,2019,912cbe33-8b19-4125-8124-b406891f26b7,902,Zwangere Guy,be,a0accc4c-54e9-4815-a6c5-62d374008f68,,,,
2404,Boys in the Better Land,en,m,1651,Dogrel,2019,84c01ae7-82e5-4965-a5b6-7aeaf539f85c,903,Fontaines D.C.,ie,fd87acc7-e0a0-4a45-bc2a-d2ab5c10be68,,,,
2405,Arriving Somewhere but Not Here,en,m,1652,Deadwing,2005,cdebdda3-f478-367c-92d2-3d592323cd91,663,Porcupine Tree,gb,169c4c28-858e-497b-81a4-8bc15e0026ea,,,,
2406,Do Me a Favour,en,m,269,Favourite Worst Nightmare,2007,f113fa38-7908-3ec9-8145-d2455e78a8b2,174,Arctic Monkeys,gb,ada7a83c-e3e1-40f1-93f9-3e73dbc9298a,,,,
2407,Norwegian Wood (This Bird Has Flown),en,m,660,Rubber Soul,1965,dca03435-8adb-30a5-ba82-5a162267ff38,12,The Beatles,gb,b10bbbfc-cf9e-42e0-be17-e2c3e1d2600d,,,,
2408,Green Eyes,en,m,49,A Rush of Blood to the Head,2002,120c786d-a3b2-3c19-b4ff-2b7b3b4435bf,25,Coldplay,gb,cc197bad-dc9c-440d-a5b5-d52ba2e14234,,,,
2409,Great Balls of Fire,en,m,1653,Great Balls of Fire,1957,b6d37500-154f-384b-a53d-25e102c0c35b,904,Jerry Lee Lewis,us,b59ac58d-036e-4bba-8112-c32a34c4575b,,,,
2376,Amsterdam,fr,m,1635,Amsterdam,1964,,264,Jacques Brel,be,91eda19b-1437-42cd-b7af-69df24b7f275,,,,
2410,The Long and Winding Road,en,m,11,Let It Be,1970,bff544a7-56e0-3ed6-9e0f-3b676cca9111,12,The Beatles,gb,b10bbbfc-cf9e-42e0-be17-e2c3e1d2600d,,,,
2411,Light Years,en,m,1654,I Am Easy to Find,2019,ed8d7c1d-10aa-4b9a-9e86-2ad12be38a83,181,The National,us,664c3e0e-42d8-48c1-b209-1efca19c0325,,,,
2412,Pussy,en,m,1655,Liebe ist für alle da,2009,da9fcca3-7dfc-45ee-b94e-54d898fe5bf3,229,Rammstein,de,b2d122f9-eadb-4930-a196-8f221eeb0c66,,,,
2413,Freedom! '90,en,m,1656,Listen Without Prejudice,1990,a0467615-94c3-3268-a425-9285273adb24,47,George Michael,gb,ccb8f30e-4d71-40c4-8b1d-846dafe73e2c,,,,
2415,One Hundred Years,en,m,1657,Pornography,1982,5d4f8f19-23cf-34cf-b225-8cd0339c37de,31,The Cure,gb,69ee3720-a7cb-4402-b48d-a02c366f2bcf,,,,
2417,Dazed and Confused,en,m,1363,Led Zeppelin,1969,"0f18ec88-aa87-38a9-8a65-f03d81763560",75,Led Zeppelin,gb,678d88b2-87b0-403b-b63d-5da7465aecc3,,,,
2418,Spanish Sahara,en,m,1659,Total Life Forever,2010,d538df74-a31e-4aa8-ad10-ffb125db6725,905,Foals,gb,6a65d878-fcd0-42cf-aff9-ca1d636a8bcc,,,,
2419,On Every Street,en,m,1660,On Every Street,1991,b286b831-931e-3680-97f1-aa18541f5cc2,36,Dire Straits,gb,614e3804-7d34-41ba-857f-811bad7c2b7a,,,,
2420,Welcome to the Machine,en,m,141,Wish You Were Here,1975,1a272023-10d3-38ee-bab3-317b55fcc21d,98,Pink Floyd,gb,83d91898-7763-47d7-b03b-b92132375c47,,,,
2421,Is This Love,en,m,1536,Kaya,1978,da0fbebe-0cef-344e-a0de-c9412ae0eb1a,17,Bob Marley & the Wailers,jm,c296e10c-110a-4103-9e77-47bfebb7fb2e,,,,
2423,Glue,i,i,1662,Bicep,2017,6f34e134-49d5-4e56-b3e0-4fe6b9900380,906,Bicep,gb,10e8f0df-90f9-4957-aedd-c4e0d187e3a8,,,,
2424,Kiwi,en,m,648,Harry Styles,2017,"05e6b686-b590-472a-9924-e623b223cb6d",385,Harry Styles,gb,7eb1ce54-a355-41f9-8d68-e018b096d427,,,,
2425,Dance Macabre,en,m,1663,Prequelle,2018,1f25d940-89e2-4813-a86f-955b0e99c391,907,Ghost,se,2bcf2e02-5bc3-4c76-bf76-41126cb11444,,,,
2426,Both Sides Now,en,f,1664,Clouds,1969,e0f5f627-ce00-3ed1-a3d4-8e19440b7acf,423,Joni Mitchell,ca,a6de8ef9-b1a1-4756-97aa-481bbb8a4069,,,,
2427,Physical,en,f,1665,Physical,1981,2581d221-b3a1-3b99-8356-9f33e22a0113,796,Olivia Newton-John,us,10ccb5d8-f9d5-4954-9441-3419b522a214,,,,
2428,Blinding Lights,en,m,1666,After Hours,2020,78570bea-2a26-467c-a3db-c52723ceb394,908,The Weeknd,ca,c8b03190-306c-4120-bb0b-6f2ebfc06ea9,,,,
2429,Play for Today,en,m,2,Seventeen Seconds,1980,7cd31244-186e-36bb-966f-fd6a90c0832c,31,The Cure,gb,69ee3720-a7cb-4402-b48d-a02c366f2bcf,,,,
2430,Rooster,en,m,433,Dirt,1992,92d8f0c4-8c64-3bee-bee1-812a70e77efa,275,Alice in Chains,us,4bd95eea-b9f6-4d70-a36c-cfea77431553,,,,
2431,Maggot Brain,i,i,1667,Maggot Brain,1971,a334e612-e736-3b4f-82b4-c4dfb774983c,909,Funkadelic,us,cf042013-3edd-46c4-9b0e-a62faac98d0b,,,,
2432,Dreams,en,f,692,"Everybody Else Is Doing It, So Why Can't We?",1993,e6b486b3-68e7-331c-a078-94fd71d61877,27,The Cranberries,ie,c98d40fd-f6cf-4b26-883e-eaa515ee2851,,,,
2433,Your Love,en,m,1668,Play Deep,1985,f7e3c21f-f0f5-3644-8c0c-1b564870e27b,910,The Outfield,gb,5d400869-0471-42ee-afda-3addd73d0418,,,,
2434,The Bottle,en,m,1669,Messages,1974,,911,Gil Scott-Heron & Brian Jackson,us,,,,,
2436,Let's Dance to Joy Division,en,m,1670,"Proudly Present... A Guide to Love, Loss & Desperation",2007,9442505b-a27a-329b-8190-ee3bd4547eaf,912,The Wombats,gb,e105c272-b5d7-4135-82ef-d60bded54345,,,,
2437,Ausländer,de,m,792,Rammstein,2019,e4d39d2e-9420-4007-881a-9b5bc23944e0,229,Rammstein,de,b2d122f9-eadb-4930-a196-8f221eeb0c66,,,,
2438,Vienna,en,m,726,The Stranger,1977,735bcee6-6be6-3957-af15-d21ba2bd355b,13,Billy Joel,us,64b94289-9474-4d43-8c93-918ccc1920d1,,,,
2439,Gypsy,en,f,1671,Mirage,1982,a0e25b7f-30d4-3e87-b469-df315573bb16,46,Fleetwood Mac,gb,bd13909f-1c29-4c27-a874-d4aaf27c5b1a,,,,
2440,Fever,en,m,1672,Fever,2019,78858cea-f814-4d95-88ac-55bc3cf22110,306,Balthazar,be,91511517-ef93-4d71-a0f0-c858272af4a7,,,,
2441,Bright Horses,en,m,1673,Ghosteen,2019,99fc75a4-3ff2-4248-9ae2-65d7026c7296,89,Nick Cave,au,172e1f1a-504d-4488-b053-6344ba63e6d0,,,,
2442,A Solitary Reign,en,m,1674,Mass VI,2017,4f9a7172-7b0b-4065-a48e-9fd1e6ed7aaa,913,Amenra,be,e7af1101-e51a-4eaf-ae2e-b4de760bd428,,,,
2447,Rock Me Amadeus,en,m,730,Falco 3,1985,b57bc440-df3e-333e-b60a-e1db9a13b9a6,425,Falco,at,dcd95aa4-f3ff-492d-a621-8518ada0f58b,,,,
2448,A Message to You Rudy,en,m,1680,Specials,1979,9c02ca99-df9a-3e48-8b7a-fabb599d19a3,844,The Specials,gb,"07eb40a2-2914-439c-a01d-15a685b84ddf",,,,
2449,We Care a Lot,en,m,1681,We Care a Lot,1985,d1445e5e-1150-38bb-8767-f1c86b278976,43,Faith No More,us,b15ebd71-a252-417d-9e1c-3e6863da68f8,,,,
2452,Country House,en,m,1020,The Great Escape,1995,15198663-e606-3c48-a296-17d3da309947,15,Blur,gb,ba853904-ae25-4ebb-89d6-c44cfbd71bd2,,,,
2453,El Condor Pasa (If I Could),en,m,184,Bridge over Troubled Water,1970,c39f7f80-d42f-3669-9653-230f8e922083,123,Simon & Garfunkel,us,5d02f264-e225-41ff-83f7-d9b1f0b1874a,,,,
2455,Because,en,m,1683,Almost Bangor,2008,b3f72ce6-97b0-342a-b981-39d9fbffb9e8,91,Novastar,be,7604fd80-8984-4dab-a52e-f74a84e1a122,,,,
2456,Big Time Sensuality,en,f,1228,Debut,1993,6891a28c-5865-36e2-9e5f-c9fac1d3595f,500,Björk,is,87c5dedd-371d-4a53-9f7f-80522fb7f3cb,,,,
2457,The Joker,en,m,1684,The Joker,1973,4d4ab8a6-af26-3c9a-b156-4d10ff42a126,803,Steve Miller Band,us,e57f0cac-4f56-473c-8d7e-d93f753fd586,,,,
2459,Green Onions,i,i,1685,Green Onions,1962,bb95b270-0fc0-3d64-b264-eb9f15343d57,916,Booker T. & the M.G.'s,us,,,,,
2460,Pata Pata,en,f,1686,Pata Pata,1967,4b3050c0-a78e-3dab-b961-a9b222e34e7a,917,Miriam Makeba,za,,,,,
2461,War,en,m,1687,War & Peace,1970,473b15ed-280f-377a-a651-932e166a1926,918,Edwin Starr,us,,,,,
2462,After Midnight,en,m,1688,Eric Clapton,1970,f1674003-7613-3217-a0fb-f74f2d1e0a89,42,Eric Clapton,gb,618b6900-0618-4f1e-b835-bccb17f84294,,,,
2463,Lost in Music,en,f,1689,We Are Family,1979,acb1aa80-3ede-3a65-a862-5b0730c92607,919,Sister Sledge,us,,,,,
2465,The Sound Of C,en,m,1691,92...Our First Album,1989,294a0493-400a-3e9b-9d26-4142bdf13985,920,Confetti's,be,,,,,
2467,What You Know,en,m,1693,Tourist History,2010,a3597f45-b9d9-4c8a-803e-0a7d0d4d4e9b,922,Two Door Cinema Club,gb,,,,,
2469,A.G.N.E.S.,en,m,1695,A.G.N.E.S.,1981,9a0a8e07-6e19-4115-a0f5-e3a1f523563d,924,1000 Ohm,be,,,,,
2470,If I Ever Feel Better,en,m,1696,United,2000,bd267132-24e5-3eda-9f9a-47ef8ec34aa7,925,Phoenix,fr,,,,,
2471,Werewolves of London,en,m,1697,Excitable Boy,1978,e0e0cddc-1af7-33e1-a2d6-bf0ef0d1baa8,926,Warren Zevon,us,,,,,
2472,People Help the People,en,f,1698,Birdy,2011,"06ef6e2b-d593-4923-8791-99c41f748320",927,Birdy,gb,,,,,
2473,Tubular Bells - Pt. I,i,i,1699,Tubular Bells,1973,d3f057b4-7e89-3018-9f84-9835ed9b4732,928,Mike Oldfield,gb,,,,,
2474,I See A Darkness,en,m,1700,American III: Solitary Man,2000,98dd2686-39cc-31e9-9637-fa4e612e038e,187,Johnny Cash,us,d43d12a1-2dc9-4257-a2fd-0a3bb1081b86,,,,
2475,To Lose My Life,en,m,554,To Lose My Life...,2009,773fee4e-ebcd-3f22-847d-e49b93a41c2e,339,White Lies,gb,5bdb38bd-5c5b-4d0f-8901-8bbe1d7062d8,,,,
2476,Pets,en,m,1701,Porno For Pyros,1993,,929,Porno for Pyros,us,,,,,
2477,Crockett's Theme,i,i,1702,Escape From Television,1987,3087be2d-e51a-31c0-9d00-63b434a55055,930,Jan Hammer,cz,,,,,
2478,Mmm Mmm Mmm Mmm,en,m,1703,God Shuffled His Feet,1993,a91073c7-5e05-331a-8fc3-4107d79de398,931,Crash Test Dummies,ca,,,,,
2479,I Drove All Night,en,m,1704,The Essential Roy Orbison,2006,,115,Roy Orbison,us,"0bbbc496-c7b5-4b3f-bb6d-bd312827d6e5",,,,
2480,Birdhouse in Your Soul,en,m,1705,Flood,1990,9eed8bfd-2eb6-3e02-a1ac-8cd9b2628ce6,932,They Might Be Giants,us,,,,,
2481,U. Men,en,m,1706,Geography,1982,7526b5ca-a954-3a2d-bf67-2e9bb44ab338,274,Front 242,be,8fb6c00f-61d8-4f27-98f9-53e1ba481626,,,,
2482,Hound Dog,en,m,1707,Elvis' Golden Records,1958,,41,Elvis Presley,us,"01809552-4f87-45b0-afff-2c6f0730a3be",,,,
2483,In the Dutch Mountains,en,m,1708,In The Dutch Mountains,1987,7db8b659-c67b-4986-8a0f-72c74a370577,933,The Nits,nl,,,,,
2484,Livin' Thing,en,m,1709,A New World Record,1976,e3fb6403-71d2-3815-b85a-4f4edb18a556,292,Electric Light Orchestra,gb,"0c502791-4ee9-4c5f-9696-0602b721ff3b",,,,
2485,Tuesday Morning,en,m,1710,Waiting for Herb,1993,6d3e1279-ac20-3e65-be8b-2bde0f4694fb,660,The Pogues,gb,d41a6875-b626-4c0f-89a1-aecb643d29ff,,,,
2486,Don't Go,en,f,1711,Upstairs at Eric's,1982,ca189e76-5704-3097-8dad-b6e1923bc917,934,Yazoo,gb,,,,,
2487,Mine,en,f,1712,Speak Now,2010,ba1259eb-d41e-41c5-a70c-0e6fa73e6708,850,Taylor Swift,us,20244d07-534f-4eff-b4d4-930878889970,,,,
2489,Dear Prudence,en,f,1714,Hyaena,1984,1b9305d8-ced6-38d5-8c5e-d2b75b1ad7f6,579,Siouxsie and the Banshees,gb,78ea5ea1-3c4d-4b7e-ac5d-68900319ebe2,,,,
2491,Word Up,en,m,1558,Birthmarks,2001,38da9fd9-ed84-3b7e-8089-91b590e2bd03,856,Ozark Henry,be,9b78890f-9f89-48a5-924b-efb99d802496,,,,
2492,Ta fête,fr,m,314,Racine carrée,2013,d079dc50-fa9b-4a88-90f4-5e8723accd75,216,Stromae,be,ab2528d9-719f-4261-8098-21849222a0f2,,,,
2493,De Aarde,nl,m,1505,Is er toevallig een Urbanus in de zaal?,1980,8eb09ddd-f189-34a0-90f4-e402e1519e01,822,Urbanus,be,def73d8d-9241-48bb-b7d0-19bf7c6a7fe8,,,,
2494,Steppin' Out,en,m,1173,Night and Day,1982,"0c55d762-c505-33fc-865b-5ac66cb90391",624,Joe Jackson,gb,"07f6d469-38f3-46da-9cfa-2f532422b84e",,,,
2454,Freedom,en,f,1682,Lemonade,2016,c1f22e07-7bdf-4a4f-8b50-7747c1091ef6,329,Beyoncé,us,859d0860-d480-4efd-970c-c05d5f1776b8,309,Kendrick Lamar,us,381086ea-f511-4aba-bdf9-71c753dc5077
2451,Night Boat to Cairo,en,m,483,One Step Beyond...,1979,f1e1b952-ec8d-363a-bd63-4c72d248cb51,297,Madness,gb,5f58803e-8c4c-478e-8b51-477f38483ede,,,,
2445,Ride Like the Wind,en,m,1678,Christopher Cross,1979,f74eeaf0-6415-378e-a4bf-79ca3937b9e3,915,Christopher Cross,us,,,,,
2466,Blister in the Sun,en,m,1692,Violent Femmes,1983,616a1d80-83d0-3234-bf71-fe3de8109f99,921,Violent Femmes,us,,,,,
2488,Always on the Run,en,m,1713,Mama Said,1991,f27cadab-ab3a-3e67-a24e-3a67b68840f2,76,Lenny Kravitz,us,"0ef3f425-9bd2-4216-9dd2-219d2fe90f1f",,,,
2450,Eyes Without a Face,en,m,1012,Rebel Yell,1983,5c4a34dd-86b9-3b5e-89d7-61b49628a806,559,Billy Idol,gb,47c8f88b-987a-4b64-9175-2b1b57809727,,,,
2458,Just a Girl,en,f,590,Tragic Kingdom,1995,"04b0b075-bed7-388b-b44b-cf34077ad96c",356,No Doubt,us,fbd2a255-1d57-4d31-ac11-65b671c19958,,,,
2446,Going Up the Country,en,m,1679,Living the Blues,1968,67c3aaf8-fc57-48db-a3b3-4f48769cc76d,549,Canned Heat,us,815a0279-558c-4522-ac3b-6a1e259e95b5,,,,
2468,Promiscuous,en,x,1694,Loose,2006,723dcf4d-800e-3479-87fb-ba5b9594e375,923,Nelly Furtado,ca,13655113-cd16-4b43-9dca-cadbbf26ee05,1030,Timbaland,us,
2416,Radioactivity,en,m,1658,Radio-Activity,1975,104cc34f-b4f9-3fb1-b2a0-fce32b36ec1f,558,Kraftwerk,de,5700dcd4-c139-4f31-aa3e-6382b9af9032,,,,
2495,I Won't Let You Down,en,m,1716,Ph.D.,1981,8e84743e-83bd-397c-bfd1-69e64e616b75,936,Ph.D.,gb,,,,,
2496,Rock 'n' Roll High School,en,m,1717,End of the Century,1980,,170,Ramones,us,d6ed7887-a401-47a8-893c-34b967444d26,,,,
2497,Los Niños Del Parque,es,m,1718,Liaisons Dangereuses,1982,,937,Liaisons Dangereuses,de,,,,,
2498,Love On The Brain,en,f,1719,ANTI,2016,"0c482acd-35a2-466b-b833-ef5f2f1297d4",938,Rihanna,bb,,,,,
2500,As Tears Go By,en,f,1721,As Tears Go By,1964,d221d782-eb95-33c4-bf53-2afe92969c74,616,Marianne Faithfull,gb,14ed9dea-1bb0-4743-ba32-39674a71da89,,,,
2501,Wish You Were Here,en,m,1722,Faithful Man,2012,c9bfce42-621f-426a-af32-ceeb80ec17af,940,Lee Fields & The Expressions,us,,,,,
2502,Matilda,en,x,1723,Live Sessions,2018,94359f13-80fb-4da9-a063-8df666276a16,941,Portland,be,,,,,
2503,Liefde voor muziek,nl,m,1724,Meisjes,1990,10c1e6b8-4225-3ec6-9810-bf51763a4418,108,Raymond van het Groenewoud,be,ba6f20f8-d777-44d4-abd6-4fcb840783a3,,,,
2504,Allemaal door jou,nl,m,1725,Slimmer dan de zanger,2006,d5635943-eeab-32d9-9ea8-35fc595ff0a8,449,Bart Peeters,be,6cbddeda-39b0-4d89-90e1-b2f21295b3d0,,,,
2505,Mars Needs Woman,en,m,1683,Almost Bangor,2008,b3f72ce6-97b0-342a-b981-39d9fbffb9e8,91,Novastar,be,7604fd80-8984-4dab-a52e-f74a84e1a122,,,,
2506,Straight Outta Compton,en,m,1726,Straight Outta Compton,1988,fed1608d-80b7-38d2-aeb8-c6357f0d4c23,942,N.W.A.,us,,,,,
2507,Day Is Done,en,m,1586,Five Leaves Left,1969,b9c4fc17-0dc5-3aa5-b1b9-08e1446e5bea,530,Nick Drake,gb,99ea432a-e3d8-42cb-9d5e-db316a6a8458,,,,
2508,When I Come Around,en,m,84,Dookie,1994,314cffd4-daa5-3337-85e5-e54165a96113,53,Green Day,us,"084308bd-1654-436f-ba03-df6697104e19",,,,
2509,Turning Tables,en,f,258,21,2011,e4174758-d333-4a8e-a31f-dd0edd51518e,185,Adele,gb,cc2c9c3c-b7bc-4b8b-84d8-4fbd8779e493,,,,
2510,Heartbreaker,en,m,107,Led Zeppelin II,1969,33b4653d-006e-3cc1-8afb-386b15a6cd6e,75,Led Zeppelin,gb,678d88b2-87b0-403b-b63d-5da7465aecc3,,,,
2511,Is She Really Going Out With Him?,en,m,1727,Look Sharp!,1979,b3232ac6-378d-34c6-aca7-6aed95ae5ad0,624,Joe Jackson,gb,"07f6d469-38f3-46da-9cfa-2f532422b84e",,,,
2513,Graveyard Whistling,en,m,1729,Nothing But Thieves,2015,7b043d9a-b5e1-4ab8-970e-1b0130726029,943,Nothing But Thieves,gb,,,,,
2514,Elle et Moi,i,i,1730,Max Berlin,1978,,944,Max Berlin,fr,,,,,
2515,No Regrets,en,f,1731,Little Heavy Burdens,2014,ff291070-351d-4ab2-a496-728260c0c162,620,Intergalactic Lovers,be,935c3435-bdb6-416d-b9d4-94d06ddb0108,,,,
2517,Drive,en,m,1732,Make Yourself,1999,387aca0c-d34a-3d0c-b7e4-c1b0f73e2dae,945,Incubus,us,,,,,
2518,Honesty,en,m,292,The Weight of Your Love,2013,1db9eb6b-4f42-4f1e-a0a7-e3243b657c7d,172,Editors,gb,"0efe858c-89e5-4e47-906a-356fa953fd6e",,,,
2521,Afscheid van een vriend,nl,m,1735,Doorgaan (Tot je niet meer op je benen kan staan),1992,2aaff4aa-3977-3fa4-acf5-8ef22fb2189e,699,Clouseau,be,e24a10ec-55b4-408e-858a-3d348e5fa47c,,,,
2522,Gravity,en,m,1736,Continuum,2006,21e886f7-db66-3103-beb4-da9323adddc7,946,John Mayer,us,,,,,
2524,Underpass,en,m,1738,Metamatic,1980,fc58e1ed-fdbb-38ce-ab9c-1bdd38fc4dfa,948,John Foxx,gb,,,,,
2527,A.D.I.D.A.S.,en,m,1741,Life Is Peachy,1996,e958aac9-4f24-3077-96de-117ec44d4dbb,72,Korn,us,ac865b2e-bba8-4f5a-8756-dd40d5e39f46,,,,
2528,Diamond Dogs,en,m,442,Diamond Dogs,1974,"0dc4835d-b21a-3612-bac6-ab1e782a1396",32,David Bowie,gb,5441c29d-3602-4898-b1a1-b77fa23b8e50,,,,
2529,Toe Nu Maar,nl,m,1242,Nie voe kinders,2014,d1ca138c-cdd8-46b1-aaaf-a3c1fc31b9b7,284,Het Zesde Metaal,be,674ae793-ab49-4c56-b5c1-889b601ec06e,,,,
2530,Thunder,en,m,1742,Evolve,2017,8341c952-694d-4866-870e-df48c9e10f17,836,Imagine Dragons,us,"012151a8-0f9a-44c9-997f-ebd68b5389f9",,,,
2531,Virtual Insanity,en,m,1743,Travelling Without Moving,1996,4b5e5a6f-c941-384c-8508-a4fee1dfcec4,949,Jamiroquai,gb,,,,,
2533,Girls Keep Drinking,en,m,1745,Silver Souls,2016,67fecbb6-39dd-47ba-b444-54049f412536,587,Compact Disk Dummies,be,ef13e544-e35f-483e-9616-53dd7c6367a4,,,,
2534,Emotional Rescue,en,m,1746,Emotional Rescue,1980,"0c977adb-6dd3-330c-9acb-a40d2104a539",113,The Rolling Stones,gb,b071f9fa-14b0-4217-8e97-eb41da73f598,,,,
2535,Love The Way You Lie,en,m,1747,Recovery,2010,a5056c3b-730f-493b-b10e-52f678d72b85,217,Eminem,us,b95ce3ff-3d05-4e87-9e01-c97b66af13d4,938,Rihanna,bb,
2536,Love Me Like You Do,en,f,1748,Delirium,2015,"06d2399d-4b6b-4fff-8570-8fa31c73d9bd",951,Ellie Goulding,gb,,,,,
2537,Mystery Train,en,m,1749,For LP Fans Only,1959,f7f9a238-040e-30ae-aab8-5ffb826c6ca6,41,Elvis Presley,us,"01809552-4f87-45b0-afff-2c6f0730a3be",,,,
2538,Feest,nl,m,1750,Avenue De La Scene,1993,9e6b7e89-cde7-3c29-baf4-537089022d81,118,The Scene,nl,80d49857-8a0b-439e-95d3-3f41bd8eefbe,,,,
2539,9 to 5,en,f,1751,9 to 5 and Odd Jobs,1980,f28e8c53-7f29-3905-855c-1a4948127046,246,Dolly Parton,us,1d543e07-d0d2-4834-a8db-d65c50c2a856,,,,
2540,Fresh Feeling,en,m,1752,Souljacker,2002,759d03ec-7b3f-3762-9d1b-f889b961c3dc,183,Eels,us,14387b0f-765c-4852-852f-135335790466,,,,
2541,I Feel You,en,m,1223,Songs of Faith and Devotion,1993,e171597d-e6d5-36c8-8d0e-63daf79796b8,163,Depeche Mode,gb,8538e728-ca0b-4321-b7e5-cff6565dd4c0,,,,
2542,Keep Ya Head Up,en,m,1753,Strictly 4 My N.I.G.G.A.Z...,1993,41667bb1-8357-3c10-b8e0-e9db66aceebc,266,2Pac,us,382f1005-e9ab-4684-afd4-0bdae4ee37f2,,,,
2544,Rex,en,m,1755,Enter the Characters,2009,bed07008-0648-492d-8f7c-bcd36a1a179a,953,Customs,be,,,,,
2546,Gloria,en,m,1757,Highway Cruiser,2015,c39b2837-a32c-40ce-8a98-a2b62d81f60a,302,Black Box Revelation,be,45994334-1e7e-4fc2-a814-e069f28f59b3,,,,
2547,Oliver's Army,en,m,1758,Armed Forces,1979,8172d1b5-ffb8-3da7-a74a-a27eb4a0d3ff,40,Elvis Costello,gb,8a338e06-d182-46f2-bd16-30a09bc840ba,,,,
2548,Long Cool Woman (In a Black Dress),en,m,1759,Distant Light,1971,a2a6e2dd-77cd-3b0b-8331-99f53113e9cf,955,The Hollies,gb,,,,,
2549,The Distance,en,m,1760,Fashion Nugget,1996,3bd5a388-774f-3b47-b3f8-5b3463cbcb13,956,CAKE,us,,,,,
2551,Why May I Not Go Out and Climb the Trees?,en,m,1761,Alabursy,2015,456bc85b-beea-4256-8e82-49b231026bca,819,Daniel Norgren,se,,,,,
2552,Closer,en,f,1762,Porta Bohemica,2016,7bf2a341-80dc-4d4f-be45-0351880dd404,428,Trixie Whitley,be,9207ea60-81f9-401d-af2c-940506d19452,,,,
2554,Gangsters,en,m,1680,Specials,1979,9c02ca99-df9a-3e48-8b7a-fabb599d19a3,844,The Specials,gb,"07eb40a2-2914-439c-a01d-15a685b84ddf",,,,
2555,Brandweer,nl,m,1342,Hoezo?,1989,9793b1fd-626d-3d96-acfa-e0cc9a89fa0f,699,Clouseau,be,e24a10ec-55b4-408e-858a-3d348e5fa47c,,,,
2557,Subterranean Homesick Blues,en,m,553,Bringing It All Back Home,1965,6cadda7c-fbd0-3b19-9546-56915e3305d8,16,Bob Dylan,us,72c536dc-7137-4477-a521-567eeb840fa8,,,,
2558,Daysleeper,en,m,1765,Up,1998,d867582f-3e0e-3e64-8418-aadddd53fde5,111,R.E.M.,us,ea4dfa26-f633-4da6-a52a-f49ea4897b58,,,,
2559,Sugar Baby Love,en,f,1766,Where It's 'At,1974,4a4587b9-17f9-318f-84e9-13d1779e2d67,957,The Rubettes,gb,,,,,
2560,This Town Ain't Big Enough For Both Of Us,en,m,1767,Kimono My House,1974,"0539b843-2228-36f5-965d-f370d05f66c3",958,Sparks,us,,,,,
2561,In Da Club,en,m,1768,Get Rich Or Die Tryin',2003,f624ead2-e4ba-4e52-bea5-4362b1c67b14,959,50 Cent,us,,,,,
2562,Anne,nl,m,1342,Hoezo?,1989,9793b1fd-626d-3d96-acfa-e0cc9a89fa0f,699,Clouseau,be,e24a10ec-55b4-408e-858a-3d348e5fa47c,,,,
2563,Loro,en,m,1769,Pinback,1999,e6dd42ac-4118-307a-9c21-fa54c1411fdd,960,Pinback,us,,,,,
2564,Indigo Night,en,m,852,Amir,2018,6fae4085-8ad6-41e9-bf06-feed3abe81cd,488,Tamino,be,60e0ba6c-b67e-44c0-b777-be65d42ef909,,,,
2565,You Ain't Seen Nothing Yet,en,m,1770,Not Fragile,1974,"03e7c359-4762-3738-bfad-2ca43e539938",961,Bachman-Turner Overdrive,ca,,,,,
2566,Grace Kelly,en,m,1771,Life in Cartoon Motion,2007,7b429dae-00d0-3e2e-a2a4-f88c88bd1f69,962,Mika,gb,,,,,
2567,You,en,m,1772,Under the Water-Line,1991,924c4532-5def-378c-a0ae-d4b8f5e074bb,963,Ten Sharp,nl,,,,,
2568,Love In The Dark,en,f,868,25,2015,5537624c-3d2f-4f5c-8099-df916082c85c,185,Adele,gb,cc2c9c3c-b7bc-4b8b-84d8-4fbd8779e493,,,,
2569,It Takes a Lot to Know a Man,en,m,1773,My Favourite Faded Fantasy,2014,72ea557d-b39d-4e06-bb17-e3bda5802d4b,227,Damien Rice,ie,2119beb8-6ac5-4f21-82a4-b831c90c0024,,,,
2570,A Man Needs A Maid,en,m,228,Harvest,1972,b25419cf-71bf-3a54-8cd4-2161c61056a0,88,Neil Young,ca,75167b8b-44e4-407b-9d35-effe87b223cf,,,,
2571,Come Out and Play,en,m,136,Smash,1994,a55a5a03-0c0e-311b-85df-ec52f841715c,93,The Offspring,us,23a03e33-a603-404e-bcbf-2c00159d7067,,,,
2572,Twisted (Everyday Hurts),en,f,794,Stoosh,1996,cfd79ed2-d63b-3564-b3b4-75cfc2afd0cc,127,Skunk Anansie,gb,e212efdf-98b2-4dce-92ed-62cfc1e29854,,,,
2574,Day I Die,en,m,1454,Sleep Well Beast,2017,8018fc24-6a55-45b0-8b34-19650522550a,181,The National,us,664c3e0e-42d8-48c1-b209-1efca19c0325,,,,
2523,Island,en,f,1737,Oyster,1994,ae97844b-c27e-38c7-8d84-5b26f5ce3f36,947,Heather Nova,us,,,,,
2573,Galvanize,en,m,1774,Push the Button,2005,5acf62a9-00e8-3896-abeb-4598abad7e8b,340,The Chemical Brothers,gb,1946a82a-f927-40c2-8235-38d64f50d043,,,,
2499,Nuit Blanche,fr,f,1720,Nuit Blanche,2003,4d1b5b5f-460d-3acb-8828-091264db9fc7,939,Vive La Fête,be,,,,,
2526,Strangers in the Night,en,m,1740,Strangers in the Night,1966,37102462-0941-38c3-9f7f-14188efd0ff1,334,Frank Sinatra,us,197450cd-0124-4164-b723-3c22dd16494d,,,,
2553,Als de rook om je hoofd is verdwenen,nl,m,1763,Waterdrager,1968,cd1fbe49-0ff0-3c7b-9bc6-c7c9058c6d44,726,Boudewijn de Groot,nl,eb4b6d16-9d9d-481e-85ad-fd972827bc91,,,,
2556,I Shot the Sheriff,en,m,1764,461 Ocean Boulevard,1974,ced848a4-b94b-3f34-b08b-6dc8bf8aed8f,42,Eric Clapton,gb,618b6900-0618-4f1e-b835-bccb17f84294,,,,
2532,Hooked on a Feeling,en,m,1744,Hooked on a Feeling,1974,c700136d-8c21-3ce2-b05f-4e3316b58b66,950,Blue Swede,se,,,,,
2520,Give Peace a Chance,en,m,1734,Give Peace a Chance,1969,,65,John Lennon,gb,4d5447d7-c61c-4120-ba1b-d7f471d385b9,,,,
2543,Life Is a Highway,en,m,1754,Mad Mad World,1991,512f96d7-b6a2-344f-9a61-087cae0c6dcb,952,Tom Cochrane,ca,,,,,
2550,Only You,en,f,1711,Upstairs at Eric's,1982,ca189e76-5704-3097-8dad-b6e1923bc917,934,Yazoo,gb,,,,,
2545,To Be With You,en,m,1756,Lean Into It,1991,d08f2fd3-20d7-3f9d-bc71-87ca58ab460f,954,Mr. Big,us,,,,,
2575,Red Light Spells Danger,en,m,1775,Red Light,1977,840a1884-e127-4e61-9b41-e8507f4d210d,964,Billy Ocean,gb,,,,,
2576,So Young,en,m,1258,Suede,1993,85913ff9-f07e-34a9-85f4-eee5140a5881,678,Suede,gb,a55c2f1b-3f3f-4d6a-aa30-5e186dbadce6,,,,
2579,Not,en,m,1777,Two Hands,2019,7b95343d-835d-474c-bba0-0025462b36c5,965,Big Thief,us,,,,,
2580,Bye Bye Till the Next Time,en,m,207,T.C. Matic,1981,b2f071a2-30d8-3e0a-8768-a3d7c510f635,138,T.C. Matic,be,72729f42-c4d4-4bad-94f0-b93730778995,,,,
2581,Weird Ways,en,m,1778,Eraserland,2019,36971440-e5b0-41cc-bb18-cba82b5c5212,966,Strand of Oaks,us,,,,,
2582,Undone - The Sweater Song,en,m,863,Weezer,1994,c7b245c9-8099-32ea-af95-893acedde2cf,321,Weezer,us,6fe07aa5-fec0-4eca-a456-f29bff451b04,,,,
2583,Will You Still Love Me Tomorrow?,en,f,1779,Bridget Jones: The Edge of Reason,2004,b9520bf0-57f3-3dc9-9bde-66e1b1e182b2,188,Amy Winehouse,gb,dfe9a7c4-8cf2-47f4-9dcb-d233c2b86ec3,,,,
2584,Astronomy Domine,en,m,1780,The Piper at the Gates of Dawn,1967,6792b6d1-4e65-3c3c-9d20-d08aa1dcfc60,98,Pink Floyd,gb,83d91898-7763-47d7-b03b-b92132375c47,,,,
2585,...Like Clockwork,en,m,872,...Like Clockwork,2013,c92f73ee-527f-42ed-a556-fd615941e214,153,Queens of the Stone Age,us,7dc8f5bd-9d0b-4087-9f73-dc164950bbd8,,,,
2586,Chasing Pavements,en,f,1181,19,2008,9796da06-2d59-3176-8598-2105f31ee54a,185,Adele,gb,cc2c9c3c-b7bc-4b8b-84d8-4fbd8779e493,,,,
2587,Wave of Mutilation,en,m,144,Doolittle,1989,1aa41b19-5a72-341b-bd91-4cf61d1dab6b,99,Pixies,us,b6b2bb8d-54a9-491f-9607-7b546023b433,,,,
2588,The Sidewinder Sleeps Tonite,en,m,158,Automatic for the People,1992,c86c6af9-d10e-3079-b34b-30b682a797eb,111,R.E.M.,us,ea4dfa26-f633-4da6-a52a-f49ea4897b58,,,,
2589,Fireflies,en,m,1781,Ocean Eyes,2009,6fa35df1-a08e-42f5-aeb2-ae590ba9fd6b,967,Owl City,us,,,,,
2590,Happy,en,m,1782,G I R L,2014,b98397c3-76c8-4d00-8274-fbbc418bb99f,783,Pharrell Williams,us,,,,,
2591,Believe,en,m,1783,Wilder Mind,2015,1ef46d8b-9b2f-41dc-a861-c1851593f7f2,265,Mumford & Sons,gb,c44e9c22-ef82-4a77-9bcd-af6c958446d6,,,,
2593,Happy Xmas (War Is Over),en,m,1784,Happy xmas (War Is Over),1971,ba993898-c5d4-3889-8f19-36b5e1560584,65,John Lennon,gb,4d5447d7-c61c-4120-ba1b-d7f471d385b9,,,,
2594,Tutti Frutti,en,m,1785,Here's Little Richard,1957,,968,Little Richard,us,,,,,
2595,Dernière danse,fr,f,1786,Mini World,2014,b2b34c72-b92f-45fc-95ec-b92c10308e7e,969,Indila,fr,,,,,
2596,Foundations,en,f,1787,Made of Bricks,2007,9e74fc84-caf7-3184-89f7-9ccc90cfd3f7,970,Kate Nash,gb,,,,,
2597,Working Class Hero,en,m,1788,Plastic Ono Band,1970,8be83468-4917-390d-82b6-d890f058cd22,65,John Lennon,gb,4d5447d7-c61c-4120-ba1b-d7f471d385b9,,,,
2598,Jackie Cane,en,f,91,The Magnificent Tree,2000,90f6407b-91f9-3378-a0b0-360eefe8debc,56,Hooverphonic,be,62dc94cc-f611-4345-87cb-b914796a4a45,,,,
2599,Father and Son,en,m,1789,Tea for the Tillerman,1970,418678e7-2807-3bed-a305-11b4181e533e,971,Cat Stevens,gb,,,,,
2600,The Chase,i,i,1813,Midnight Express,1978,b4d5694a-f832-36bf-9597-3779f113f5fc,972,Giorgio Moroder,it,,,,,
2601,Almost Happy,en,f,1791,Almost Happy,2000,"0234fbb3-5d78-35f2-b41c-ebab9961c37b",68,K's Choice,be,9bd1e632-b17b-4842-b520-ddfce3b538b9,,,,
2602,The Sound of the Big Babou,i,i,259,Unreasonable Behaviour,2000,5e4ab0c9-6fe5-3096-9ef5-7ea9a177f625,186,Laurent Garnier,fr,ec477866-bfaa-48e0-affd-1c151ef61b7b,,,,
2603,Colors,en,m,1792,Black Pumas,2019,a59674f1-3160-44c5-bb67-3fe77f266ce9,973,Black Pumas,us,,,,,
2605,Cocoon Crash,en,f,100,Cocoon Crash,1998,85250997-95fe-3e9a-a7ca-7856d3cd93ec,68,K's Choice,be,9bd1e632-b17b-4842-b520-ddfce3b538b9,,,,
2606,A New England,en,m,1794,Life's a Riot with Spy vs. Spy,1983,56b50d0f-37ad-32b3-bcac-2304f44bc9a8,975,Billy Bragg,gb,,,,,
2607,Rock Lobster,en,x,1197,B-52's,1979,68699ffe-f5fd-337a-8bb9-8a196157afa8,594,The B-52's,us,127f591a-7e27-4435-92db-0780f219f3a1,,,,
2608,Love Is a Stranger,en,f,407,Sweet Dreams (Are Made of This),1983,b969f851-b5cf-3a3f-9bfe-1280eb271406,263,Eurythmics,gb,b4d32cff-f19e-455f-86c4-f347d824ca61,,,,
2609,The Greatest,en,f,1795,The Greatest,2006,1d09530d-2a86-3495-9de1-6636e5f8a0f1,976,Cat Power,us,,,,,
2610,Orinoco Flow,en,f,1796,Watermark,1988,a2cb6793-9f04-35d9-8cb8-03c6fa7ae240,977,Enya,ie,,,,,
2611,Lucky Man,en,m,1797,"Emerson, Lake & Palmer",1970,86e88318-dd1e-36e9-bb62-c5d0b8a8b4e5,978,"Emerson, Lake & Palmer",gb,,,,,
2612,Hopeloos,nl,m,1798,Tura 81,1981,c39deb4f-acaf-440e-b12d-01f147a05e47,979,Will Tura,be,,,,,
2614,Gosh,i,i,1800,In Colour,2015,a903a977-5932-4cc2-a064-57a596658b3d,980,Jamie xx,gb,,,,,
2615,Midnight in a Perfect World,en,i,1801,Endtroducing.....,1996,4b2186f5-ff00-3227-ae11-783ba93e1089,981,DJ Shadow,us,,,,,
2617,Rats,en,m,1663,Prequelle,2018,1f25d940-89e2-4813-a86f-955b0e99c391,907,Ghost,se,2bcf2e02-5bc3-4c76-bf76-41126cb11444,,,,
2618,Zo jong,nl,m,520,Hier en nu,1990,feb814b3-3458-326c-9379-13f217e24587,320,De Kreuners,be,ced59532-a7e5-4cb4-8ef2-5b9daf17bfa9,,,,
2619,Vinegar & Salt,en,f,91,The Magnificent Tree,2000,90f6407b-91f9-3378-a0b0-360eefe8debc,56,Hooverphonic,be,62dc94cc-f611-4345-87cb-b914796a4a45,,,,
2620,Tid Van Ton,nl,m,1803,Skepsels,2019,42cb52f6-2d99-4400-a788-722388366963,284,Het Zesde Metaal,be,674ae793-ab49-4c56-b5c1-889b601ec06e,,,,
2621,Love On Top,en,f,1404,4,2011,40eaa07b-7542-48e7-887c-b5e686964a7a,329,Beyoncé,us,859d0860-d480-4efd-970c-c05d5f1776b8,,,,
2622,Marquee Moon,en,m,1804,Marquee Moon,1977,2b9f99d8-becf-3fc3-86a6-2bdd4cef93fe,983,Television,us,,,,,
2623,Crystal,i,i,1805,Get Ready,2001,"03fce663-c450-34ab-afea-b8824796bb46",290,New Order,gb,f1106b17-dcbb-45f6-b938-199ccfab50cc,,,,
2624,My Moon My Man,en,f,1806,The Reminder,2007,4ead9018-fbb8-3e24-9094-bff7adce5f33,874,Feist,ca,a670e05a-cea8-4b37-bce9-d82daf1a0fa4,,,,
2626,Blue Hotel,en,m,1808,Chris Isaak,1987,221c72d2-5f0e-3d48-a487-f03ee609a469,254,Chris Isaak,us,479497d4-e7c2-4e78-972e-56e78fac3995,,,,
2627,Lonesome Zorro,en,m,1809,Ratata,1990,78f78d08-32e3-323d-987b-edbbed203f9c,267,Arno,be,"03a82b66-d021-4754-aca2-399d51ee6199",,,,
2628,Here Comes the Rain Again,en,f,1810,Touch,1983,eac43114-d949-322d-b2a2-4515b824316e,263,Eurythmics,gb,b4d32cff-f19e-455f-86c4-f347d824ca61,,,,
2629,En Route,nl,m,1623,En Route,2015,187a6152-e261-436f-bb58-abcc9dc8c653,887,Tourist LeMC,be,6be5451a-3795-4423-a552-6e15f1b2b9ae,,,,
2630,Insane in the Brain,en,m,1811,Black Sunday,1993,fe860e74-7eb8-4bc3-8b8d-cbf621aed500,985,Cypress Hill,us,,,,,
2631,All the Good Girls Go to Hell,en,f,1644,"When We All Fall Asleep, Where Do We Go?",2019,72375978-a9a1-4254-b957-85565c716b7e,899,Billie Eilish,us,f4abc0b5-3f7a-4eff-8f78-ac078dbce533,,,,
2633,Moodswing Baby,en,m,804,Absynthe Minded,2009,f007defc-0203-418a-a5e3-07bd0192cd72,162,Absynthe Minded,be,"01614f48-a5cc-4c44-868e-6eac343e1d89",,,,
2634,"Money, Money, Money",en,f,20,Arrival,1976,e464e167-83ab-3b59-88bd-262cf552056e,4,ABBA,se,d87e52c5-bb8d-4da8-b941-9f4928627dc8,,,,
2635,Sunny Afternoon,en,m,1814,Face to Face,1966,9e3bff06-c552-345b-a10b-aeb6061e1a8a,70,The Kinks,gb,17b53d9f-5c63-4a09-a593-dde4608e0db9,,,,
2636,I Travel,en,m,1815,Empires and Dance,1980,18a9bbd4-e9cd-3ece-aa3a-c3aa61af571b,124,Simple Minds,gb,f41490ce-fe39-435d-86c0-ab5ce098b423,,,,
2637,Showbiz,en,m,518,Showbiz,1999,a842d860-a023-3a71-ad2e-a3a94cffabd7,164,Muse,gb,9c9f1380-2516-4fc9-a3e6-f9f61941d090,,,,
2638,Cities In Dust,en,f,1816,Tinderbox,1986,9575d8eb-3d5f-4028-af88-0492e17b4898,579,Siouxsie and the Banshees,gb,78ea5ea1-3c4d-4b7e-ac5d-68900319ebe2,,,,
2640,Who'll Stop The Rain,en,m,1391,Cosmo's Factory,1970,3a31800f-1916-3f4c-a7ae-26b783d00670,29,Creedence Clearwater Revival,us,109958eb-a335-4c5e-907e-597ff4c6af46,,,,
2641,Pouring Rain,en,x,1818,Pouring Rain,2017,2c68eaa5-d661-403c-b296-76d024091ee3,941,Portland,be,,,,,
2642,Get It On,en,m,1819,Electric Warrior,1971,e53310bf-8ccc-3d7f-a0b7-5ca4dbababcb,987,T. Rex,gb,,,,,
2644,The Glorious Land,en,f,1821,Let England Shake,2011,9d504fde-1b02-4c14-b484-bcf94570153a,293,PJ Harvey,gb,e795e03d-b5d5-4a5f-834d-162cfb308a2c,,,,
2645,Cloud Rider,en,m,366,7,2015,a8d596ce-60f2-4bb2-9535-e59fb5afefcf,242,Paul Kalkbrenner,de,a5f92d47-b562-4582-b267-71963a515f4c,,,,
2646,Late in the Evening,en,m,1822,One-Trick Pony,1980,3fd3b865-5751-3712-a2cd-e7c10cf3bf5a,276,Paul Simon,us,"05517043-ff78-4988-9c22-88c68588ebb9",,,,
2647,I'll Kill Her,en,f,1823,Not Sokute,2007,549c3168-7ec3-3c10-a831-f838e1748180,988,Soko,fr,,,,,
2648,The Kill,en,m,1824,A Beautiful Lie,2005,9621fe3a-e95d-3dfc-885b-bda4338f25a6,989,Thirty Seconds To Mars,us,,,,,
2649,Woman,en,m,1825,Double Fantasy,1980,790ec782-7344-366c-af67-4a427bcaf991,65,John Lennon,gb,4d5447d7-c61c-4120-ba1b-d7f471d385b9,,,,
2651,Ik Hou Van U,nl,m,1827,Manneken Pis,1995,4fc22af0-8b79-3d18-a946-0a231f0d6022,534,Noordkaap,be,13e7b7a6-ac07-416d-89bf-6b97f7a5ebad,,,,
2652,Time After Time,en,f,1590,She's So Unusual,1983,46d415e9-39b7-3978-9e3d-d9d8a32c6751,618,Cyndi Lauper,us,7bd9e20e-74b9-446a-a2ed-a223f82a36e7,,,,
2653,Satellite of Love,en,m,169,Transformer,1972,6c8345df-f822-33af-b64a-eff2e46941b9,79,Lou Reed,us,9d1ebcfe-4c15-4d18-95d3-d919898638a1,,,,
2639,Exile,en,x,1817,Folklore,2020,f1d08326-c23b-4b43-be3b-20b33ab10bf6,850,Taylor Swift,us,20244d07-534f-4eff-b4d4-930878889970,315,Bon Iver,us,437a0e49-c6ae-42f6-a6c1-84f25ed366bc
2625,Don't Care,en,f,1807,Different Waters,2017,74cbfc0c-141e-46c6-bd68-c309b67e618c,984,Coely,be,bbfcdf95-d89a-41db-b481-f474ffba706f,1031,DVTCH NORRIS,be,
2616,Where Is The Love?,en,x,1802,Elephunk,2003,7ba035ec-c437-3cfb-833b-22ae68313a3f,982,Black Eyed Peas,us,d5be5333-4171-427e-8e12-732087c6b78e,,,,
2650,Het kan niet zijn,nl,m,1826,Will Tura No. 7,1969,de95a9ae-c311-4e97-a6c0-74120e6fd9fd,979,Will Tura,be,,,,,
2613,Song for Guy,en,m,1799,A Single Man,1978,"09064761-d34e-335b-a3da-eb4063042dc6",39,Elton John,gb,b83bc61f-8451-4a5d-8b8e-7e9ed295e822,,,,
2643,Leaving on a Jet Plane,en,m,1820,Rhymes & Reasons,1969,4521cf9d-ee17-3aae-bf63-b266281b17a9,670,John Denver,us,34e10b51-b5c6-4bc1-b70e-f05f141eda1e,,,,
2577,This Is a Flirt,en,m,1776,This Is a Flirt,2007,,306,Balthazar,be,91511517-ef93-4d71-a0f0-c858272af4a7,,,,
2604,Dat ik je mis,nl,f,1793,Dat ik je mis,2013,,974,Maaike Ouboter,nl,,,,,
2632,We Are the World,en,x,1812,We Are the World,1985,e4a84eaf-a8de-368b-a7ea-dee9a5cb48a8,986,U.S.A. For Africa,us,,,,,
2578,Waste a Moment,en,m,1296,WALLS,2016,"0cd14270-9999-4c8b-ac84-06a52cad5c64",171,Kings of Leon,us,6ffb8ea9-2370-44d8-b678-e9237bbd347b,,,,
2655,So Real,en,m,36,Grace,1994,ea29c347-696f-3165-986d-7bad1394b178,61,Jeff Buckley,us,e6e879c0-3d56-4f12-b3c5-3ce459661a8e,,,,
2656,Je suis venue te dire que je m'en vais,fr,x,1828,Pigmy World,1981,10a8ebee-1993-37a1-86f9-592ff0af0901,990,Jo Lemaire & Flouze,be,,,,,
2659,King of Pain,en,m,147,Synchronicity,1983,f6df6292-fd40-37c3-bd61-22c53abfe773,100,The Police,gb,9e0e2b01-41db-4008-bd8b-988977d6019a,,,,
2660,Moonlight Shadow,en,f,1831,Crises,1983,bfcd36b4-10b5-385a-8365-d8ca38e1fc83,928,Mike Oldfield,gb,,,,,
2661,Off the Wall,en,m,1347,Off the Wall,1979,ee749c63-5699-38e0-b565-7e84414648d9,86,Michael Jackson,us,f27ec8db-af05-4f36-916e-3d57f91ecf5e,,,,
2662,Feel the Pain,en,m,1832,Without a Sound,1994,193e442d-2d74-3703-b0ef-6c85146c3305,993,Dinosaur Jr.,us,,,,,
2663,There Must Be an Angel (Playing with My Heart),en,f,1833,Be Yourself Tonight,1985,c40266f2-4f32-3dde-a639-6672ed7a4e6c,263,Eurythmics,gb,b4d32cff-f19e-455f-86c4-f347d824ca61,,,,
2664,Someday Cindy,en,m,1834,Someday Cindy,1996,,994,The Romans,be,8d376b1e-4d79-4af4-940e-545ce43916b0,,,,
2665,Domino,nl,m,1835,Of Zo...,1990,e91e218f-9245-36ec-9671-12dd9ebcadfa,699,Clouseau,be,e24a10ec-55b4-408e-858a-3d348e5fa47c,,,,
2666,Bitterzoet,nl,f,1836,Bitterzoet,2020,8b352bbc-b88d-4ab7-99ec-bb16e37198fd,765,Eefje de Visser,nl,c602e0a7-a377-40af-b69d-56c294023d89,,,,
2667,Maak me wakker,nl,m,520,Hier en nu,1990,feb814b3-3458-326c-9379-13f217e24587,320,De Kreuners,be,ced59532-a7e5-4cb4-8ef2-5b9daf17bfa9,,,,
2668,The Wolves,en,m,524,Every Kingdom,2011,4c5dfc38-2cc5-46cd-b280-610850704f30,323,Ben Howard,gb,534dda3c-b73f-408b-8889-bd68eae84df6,,,,
2669,Young Hearts Run Free,en,f,1837,Young Hearts Run Free,1976,f9159fac-42d8-3490-aa03-988d7240e45f,697,Candi Staton,us,,,,,
2670,Ben,en,m,1838,Ben,1972,51343255-0ad3-3635-9aa2-548ba939b23e,86,Michael Jackson,us,f27ec8db-af05-4f36-916e-3d57f91ecf5e,,,,
2671,From the Inside,en,m,273,Meteora,2003,"09474d62-17dd-3a4f-98fb-04c65f38a479",191,Linkin Park,us,f59c5520-5f46-4d2c-b2c4-822eabf53419,,,,
2672,Coffee & TV,en,m,984,13,1999,307e8da2-8e8b-3bde-9324-5162501166d1,15,Blur,gb,ba853904-ae25-4ebb-89d6-c44cfbd71bd2,,,,
2673,Our Day Will Come,en,f,1839,Lioness: Hidden Treasures,2011,86da8ce7-05ef-4109-8186-c6fa69c57729,188,Amy Winehouse,gb,dfe9a7c4-8cf2-47f4-9dcb-d233c2b86ec3,,,,
2674,Let the Music Play,en,m,1840,Let the Music Play,1976,f3f4e10e-1ff7-3ca0-b494-171cae246374,215,Barry White,us,b904d624-9e05-4398-8f4f-88fbcf022f79,,,,
2675,Man Down,en,f,1841,Loud,2010,7c6de97d-bf6a-4793-82f5-f142baed33e6,938,Rihanna,bb,,,,,
2676,Hope There's Someone,en,m,1842,I Am a Bird Now,2005,63373d83-a96e-355c-aa44-837db92c2193,995,Anthony And The Johnsons,us,,,,,
2677,Prisencolinensinainciusol,it,f,1843,Nostalrock,1972,e50668c8-f0ba-4b56-9d84-1a214493fb3c,996,Adriano Celentano,it,,,,,
2678,Hate To Say I Told You So,en,m,1844,Veni Vidi Vicious,2000,61a34a5e-37ea-3f7b-a462-e645b96108df,997,The Hives,se,,,,,
2680,A-Punk,en,m,1846,Vampire Weekend,2008,6719eb4c-42fb-3118-84a2-98c2fdbca79f,998,Vampire Weekend,us,,,,,
2681,Kiss Me,en,f,1847,Sixpence None the Richer,1997,f7df40ef-cc6a-3ecf-b6cd-e73b353b05ea,999,Sixpence None The Richer,us,,,,,
2682,Beautiful Noise,en,m,1848,Beautiful Noise,1976,9b174934-b587-360e-a856-9407817bb7de,800,Neil Diamond,us,a42d3fd5-55de-4206-86c3-4fbb5404018f,,,,
2683,Pretty Vacant,en,m,182,"Never Mind the Bollocks, Here's the Sex Pistols",1977,e959a4b3-6306-3c45-9df6-e7241dae9ea3,122,Sex Pistols,gb,e5db18cb-4b1f-496d-a308-548b611090d3,,,,
2684,Diamonds,en,f,1849,Unapologetic,2012,1ab3ba95-bc96-46f4-bc6d-1e57bc6ad1a0,938,Rihanna,bb,,,,,
2685,Samson,en,f,1850,Begin to Hope,2006,473691ea-841e-3427-9fa4-63f64fd048ce,1000,Regina Spektor,us,,,,,
2686,The Chamber,en,m,1851,Strut,2014,f2abff1e-eec4-47b4-bd86-56e963fc05dd,76,Lenny Kravitz,us,"0ef3f425-9bd2-4216-9dd2-219d2fe90f1f",,,,
2688,I Ran (So Far Away),en,m,1853,A Flock of Seagulls,1982,a9b43e9d-f452-35cb-a6da-de85ebe285ae,707,A Flock of Seagulls,gb,aaa436da-b331-4e58-a0fd-3d64d090c120,,,,
2689,In Your Eyes,en,m,75,So,1986,be3cc3e7-bdb0-3c13-a60b-a985b30eb603,96,Peter Gabriel,gb,8e66ea2b-b57b-47d9-8df0-df4630aeb8e5,,,,
2690,Caramia,en,m,132,Novastar,2000,d6418d53-daf9-3e22-9b19-64ab7d1de76e,91,Novastar,be,7604fd80-8984-4dab-a52e-f74a84e1a122,,,,
2691,How You Gonna See Me Now,en,m,1854,From the Inside,1978,8417b731-6626-376f-b76f-f1ccc5b1e413,291,Alice Cooper,us,ee58c59f-8e7f-4430-b8ca-236c4d3745ae,,,,
2692,The Beautiful People,en,m,1855,Antichrist Superstar,1996,6cb17389-101a-3f0a-8864-bea548465406,1002,Marilyn Manson,us,,,,,
2693,Faint,en,m,273,Meteora,2003,"09474d62-17dd-3a4f-98fb-04c65f38a479",191,Linkin Park,us,f59c5520-5f46-4d2c-b2c4-822eabf53419,,,,
2694,Love Song,en,m,665,Sons and Fascination/Sister Feelings Call,1981,99a35b0d-23e6-381e-833f-7320df1395ed,124,Simple Minds,gb,f41490ce-fe39-435d-86c0-ab5ce098b423,,,,
2695,La vie en rose,en,f,1856,Portfolio,1977,3766a04a-0294-38c2-85b5-05e3b27904b5,607,Grace Jones,jm,b1c124b3-cf60-41a6-8699-92728c8a3fe0,,,,
2696,School's Out,en,m,1857,School's Out,1972,9e038b79-8be1-3cf1-bdd6-62f4842ab665,291,Alice Cooper,us,ee58c59f-8e7f-4430-b8ca-236c4d3745ae,,,,
2697,Camarillo Brillo,en,m,1858,Over-Nite Sensation,1973,d4b98ec7-a4af-37e2-ac83-2f7122d23b36,396,Frank Zappa,us,e20747e7-55a4-452e-8766-7b985585082d,,,,
2698,You Are So Beautiful,en,m,1859,I Can Stand a Little Rain,1974,a3452e63-ca41-3d62-80a3-56f01e9d164d,63,Joe Cocker,gb,32f2d6bd-c22b-42cf-a7bc-0c4b48cd2bcb,,,,
2699,Collapsing New People,en,m,1860,Gag,1984,51afadb6-72ce-37b5-a0ba-5b6107a58169,703,Fad Gadget,gb,,,,,
2700,No Harm,en,m,1170,In Dream,2015,7fb4b762-792e-4dde-9888-70a92b441a7b,172,Editors,gb,"0efe858c-89e5-4e47-906a-356fa953fd6e",,,,
2701,Something About Us,en,m,301,Discovery,2001,48117b90-a16e-34ca-a514-19c702df1158,208,Daft Punk,fr,"056e4f3e-d505-4dad-8ec1-d04f521cbb56",,,,
2703,Karma Chameleon,en,m,1862,Colour by Numbers,1983,"00490137-fa0b-3252-90f7-42b8eea8ae14",1004,Culture Club,gb,,,,,
2704,Not Afraid,en,m,1747,Recovery,2010,a5056c3b-730f-493b-b10e-52f678d72b85,217,Eminem,us,b95ce3ff-3d05-4e87-9e01-c97b66af13d4,,,,
2706,I Gotta Feeling,en,x,1863,THE E.N.D.,2009,bb022fc8-55f5-4f4d-82d9-0b504099a3b1,982,Black Eyed Peas,us,d5be5333-4171-427e-8e12-732087c6b78e,,,,
2707,I Want Your (Hands on Me),en,f,133,The Lion and the Cobra,1987,f7158e4b-87d0-3310-85ae-71b15769f4ef,125,Sinéad O'Connor,ie,c78a77fa-507c-4c07-947a-0355029453bd,,,,
2708,When The Party's Over,en,f,1644,"When We All Fall Asleep, Where Do We Go?",2019,72375978-a9a1-4254-b957-85565c716b7e,899,Billie Eilish,us,f4abc0b5-3f7a-4eff-8f78-ac078dbce533,,,,
2709,How Will I Know,en,f,1864,Whitney Houston,1985,131d12c0-e720-31df-a2f9-d9abd868ceaf,346,Whitney Houston,us,"0307edfc-437c-4b48-8700-80680e66a228",,,,
2711,Now and Then,en,m,1866,Now and Then,2023,25336263-093a-463f-86f6-63196f3185ba,12,The Beatles,gb,b10bbbfc-cf9e-42e0-be17-e2c3e1d2600d,,,,
2712,Tout oublier,fr,x,1512,Brol,2018,f5c122fd-4d97-4948-9f03-6515bd2ec667,828,Angèle,be,dcd4701d-64ec-443d-bfbf-73fc87c44bd6,1006,Romeo Elvis,be,
2714,Only the Lonely,en,m,1867,Sings Lonely and Blue,1961,d986242d-adc5-3148-951c-319c1c33b904,115,Roy Orbison,us,"0bbbc496-c7b5-4b3f-bb6d-bd312827d6e5",,,,
2715,Brass in Pocket,en,f,1868,Pretenders,1979,448c8d23-3118-397f-9b81-a560c799f27a,1008,Pretenders,gb,,,,,
2716,Eclipse,en,m,140,The Dark Side of the Moon,1973,f5093c06-23e3-404f-aeaa-40f72885ee3a,98,Pink Floyd,gb,83d91898-7763-47d7-b03b-b92132375c47,,,,
2717,I'm Allowed,en,m,1869,Big Red Letter Day,1993,5e520e3f-ead6-401f-b3e6-424476f13254,22,Buffalo Tom,us,1159e0d0-a782-471a-9dae-93ac046eac72,,,,
2718,The Lady In Red,en,m,1870,Into the Light,1986,"02c4ae83-0cde-38f8-946a-0b05d3ec72ff",1009,Chris de Burgh,ie,,,,,
2719,Killer's Mind,en,x,1871,Your Colours Will Stain,2019,50b471d3-289b-448d-a083-11928551ef51,941,Portland,be,,,,,
2720,The Only Living Boy in New York,en,m,184,Bridge over Troubled Water,1970,c39f7f80-d42f-3669-9653-230f8e922083,123,Simon & Garfunkel,us,5d02f264-e225-41ff-83f7-d9b1f0b1874a,,,,
2721,I'm Coming Out,en,f,1872,Diana,1980,fd07981b-fe56-3218-8df6-bcbe6992c96e,1010,Diana Ross,us,,,,,
2722,No Ordinary Love,en,f,1873,Love Deluxe,1992,e4a67add-6aab-390c-bb82-53939fb9cd0a,542,Sade,gb,67930b3e-e00b-469f-8c74-fd69f20522ec,,,,
2723,Feel,en,m,1874,Escapology,2002,190374ef-a254-32d0-a6dd-9821beac79cf,370,Robbie Williams,gb,db4624cf-0e44-481e-a9dc-2142b833ec2f,,,,
2724,Lost,en,m,1875,channel ORANGE,2012,f8f4167d-897c-4b25-a171-638374d1dfa4,792,Frank Ocean,us,e520459c-dff4-491d-a6e4-c97be35e0044,,,,
2726,Keep Talking,en,m,894,The Division Bell,1994,90878b63-f639-3c8b-aefb-190bdf3d1790,98,Pink Floyd,gb,83d91898-7763-47d7-b03b-b92132375c47,,,,
2727,Onderweg,nl,m,1877,De stilte voorbij,2000,be5445ec-25ea-365a-b688-9ff1325a21f6,1011,Abel,nl,,,,,
2729,Via,en,m,6,Worst Case Scenario,1994,d577bc99-8c39-3187-ab41-00dbb44da84f,35,dEUS,be,2d0ec174-2bff-4f46-ae1b-dfea0ed9391c,,,,
2730,Murder One,en,m,1613,Hardwired…To Self-Destruct,2016,55d8ab42-990b-4c94-93c8-9ca7927b5fc0,85,Metallica,us,65f4f0c5-ef9e-490c-aee3-909e7ae6b2ab,,,,
2731,Fuck Me Pumps,en,f,937,Frank,2003,9a9d41e9-2080-3293-8676-9e26f44a05b1,188,Amy Winehouse,gb,dfe9a7c4-8cf2-47f4-9dcb-d233c2b86ec3,,,,
2687,Inch'alla,fr,m,1852,Inch'alla,1967,,1001,Adamo,be,,,,,
2702,Silence,en,f,1861,Karma,1997,8dec8546-f723-3dd2-a63c-7ec9f539d236,1003,Delerium,ca,,,,,
2705,Sun Is Shining,en,m,1536,Kaya,1978,da0fbebe-0cef-344e-a0de-c9412ae0eb1a,17,Bob Marley & the Wailers,jm,c296e10c-110a-4103-9e77-47bfebb7fb2e,,,,
2658,Last Night a D.J. Saved My Life,en,f,1830,Last Night a D.J. Saved My Life,1982,55ea9440-0370-44ea-bee0-684971583cb1,992,Indeep,us,,,,,
2710,California über alles,en,m,1865,California über alles,1979,a000d7ad-60d4-3136-8236-c36299975c61,1005,Dead Kennedys,us,,,,,
2679,Living on My Own,en,m,1845,Mr. Bad Guy,1985,e179dc23-7db6-3506-a01c-ae70210134f0,487,Freddie Mercury,gb,"022589ac-7177-460d-a178-9976cf70e29f",,,,
2713,Voor ik vergeet,nl,m,1026,Spinvis,2002,230f219c-ba9d-3e47-a9cd-58a122a741ae,567,Spinvis,nl,5a87d06c-2123-450a-9388-cf121eeb8729,,,,
2657,Het is een nacht... (levensecht),nl,m,1829,Verbazing,1996,,991,Guus Meeuwis,nl,,,,,
2733,Resist and Bite,en,m,1880,Heroes,2014,907ba613-4896-4ece-9844-e0b1d32dade8,250,Sabaton,se,39a31de6-763d-48b6-a45c-f7cfad58ffd8,,,,
2735,Glittering Prize,en,m,185,New Gold Dream (81-82-83-84),1982,c7126542-56ab-3d15-8a86-9caf5b3d4de1,124,Simple Minds,gb,f41490ce-fe39-435d-86c0-ab5ce098b423,,,,
2736,Halo of Flies,en,m,1881,Killer,1971,8a2be060-2b8d-33a8-9c4b-d484b6a40d7f,291,Alice Cooper,us,ee58c59f-8e7f-4430-b8ca-236c4d3745ae,,,,
2737,Isn't She Lovely,en,m,544,Songs in the Key of Life,1976,ea88b09b-fd34-33cf-a3e5-25a3a2fb4c6f,259,Stevie Wonder,us,1ee18fb3-18a6-4c7f-8ba0-bc41cdd0462e,,,,
2738,All of Me,en,m,1882,Love in the Future,2013,56c54ef0-e424-452e-9094-13c7ca755f7b,1012,John Legend,us,,,,,
2739,Leave A Light On,en,m,1883,"Dear Me, Look Up",2013,86ebdf98-1391-4851-aee7-d049e8714188,1013,Marble Sounds,be,,,,,
2740,Us And Them,en,m,140,The Dark Side of the Moon,1973,f5093c06-23e3-404f-aeaa-40f72885ee3a,98,Pink Floyd,gb,83d91898-7763-47d7-b03b-b92132375c47,,,,
2741,No Goodbye,en,f,1884,No Goodbye,2019,1529d926-5aea-4e4f-8dea-70f469cabc27,242,Paul Kalkbrenner,de,a5f92d47-b562-4582-b267-71963a515f4c,,,,
2742,Trip Switch,en,m,1729,Nothing But Thieves,2015,7b043d9a-b5e1-4ab8-970e-1b0130726029,943,Nothing But Thieves,gb,,,,,
2743,Let's Get It On,en,m,1885,Let's Get It On,1973,120c822e-3cd2-3652-975c-d687256a7931,81,Marvin Gaye,us,afdb7919-059d-43c1-b668-ba1d265e7e42,,,,
2744,Jokerman,en,m,1886,Infidels,1983,60f27712-263a-348c-8eda-b5315a67e8c2,16,Bob Dylan,us,72c536dc-7137-4477-a521-567eeb840fa8,,,,
2745,Grenade,en,m,1887,Doo-Wops & Hooligans,2010,b3d1fbf7-dd1c-4119-a16e-58c2feb5bcb0,1014,Bruno Mars,us,,,,,
2746,Tonight,en,x,1888,Tonight,1984,2d0af79a-cb12-32e3-9cae-21696b910d53,32,David Bowie,gb,5441c29d-3602-4898-b1a1-b77fa23b8e50,504,Tina Turner,us,9072df14-b61e-42e2-b4f4-6bbb7fdb5586
2749,Drive,en,m,1891,Heartbeat City,1984,d8e2c87d-767c-3a9c-87eb-b344d1228021,1017,The Cars,us,,,,,
2750,So What,en,f,1526,Funhouse,2008,d8e89f6d-0c5b-3a05-a660-8c7367274d85,634,P!nk,us,f4d5cc07-3bc9-4836-9b15-88a08359bc63,,,,
2751,Make You Feel My Love,en,m,1892,Time Out of Mind,1997,dad1dada-1fda-3186-beb7-3bc80e90f9e0,16,Bob Dylan,us,72c536dc-7137-4477-a521-567eeb840fa8,,,,
2752,Seventeen Going Under,en,m,1893,Seventeen Going Under,2021,bbf0d104-5965-44bf-81d2-d163612086a2,802,Sam Fender,gb,3478a5d1-bd96-4584-aa54-4d6e0a329658,,,,
2753,"Lay, Lady, Lay",en,m,1894,Nashville Skyline,1969,2ca28746-8987-3015-b54c-75b3aa8ca1a1,16,Bob Dylan,us,72c536dc-7137-4477-a521-567eeb840fa8,,,,
2756,Sugar Sugar,en,m,1897,Everything's Archie,1969,d8d91e09-97ab-3f5a-a934-18c72c1273e4,1020,The Archies,us,,,,,
2757,We Belong to the Night,en,f,1898,Nightout,1979,98adad1e-c515-3724-8de8-020acdc5ca67,1021,Ellen Foley,us,,,,,
2758,Layla,nl,m,1899,Er sterft een beer in de Taïga,1982,50fe4f39-a232-3e79-b5d5-01dfa74959b9,320,De Kreuners,be,ced59532-a7e5-4cb4-8ef2-5b9daf17bfa9,,,,
2759,Candy's Room,en,m,327,Darkness on the Edge of Town,1978,b613123b-a234-3f48-9c45-e05bf4e6b9e7,20,Bruce Springsteen,us,70248960-cb53-4ea4-943a-edb18f7d336f,,,,
2761,If I Needed You,en,x,1901,The Broken Circle Breakdown,2013,9a446e4f-5d24-4287-8879-82c7be002ad8,1023,The Broken Circle Breakdown Bluegrass Band,be,,,,,
2762,Believer,en,m,1742,Evolve,2017,8341c952-694d-4866-870e-df48c9e10f17,836,Imagine Dragons,us,"012151a8-0f9a-44c9-997f-ebd68b5389f9",,,,
2763,My Heart Will Go On,en,f,1902,Let's Talk About Love,1997,d90d5240-d510-3d82-95ba-13c6624ea28c,1024,Céline Dion,ca,,,,,
2764,Cum on Feel the Noize,en,m,1903,Sladest,1973,4fd0ee52-720c-3fc7-9de1-c06cd3d7bf34,1018,Slade,gb,,,,,
2765,Time,i,i,1904,Girlcatcher,2012,88305ec2-a41a-44c3-8417-6e34cbc8fe10,1025,Pachanga Boys,de,,,,,
2766,The Night They Drove Old Dixie Down,en,m,1905,The Band,1969,ea337405-285f-3846-9049-5e3addf149fc,492,The Band,ca,8c90ad8c-9150-4c51-a1eb-342232e99d06,,,,
2767,Celebrate,en,f,1807,Different Waters,2017,74cbfc0c-141e-46c6-bd68-c309b67e618c,984,Coely,be,bbfcdf95-d89a-41db-b481-f474ffba706f,,,,
2768,Drink Before the War,en,f,133,The Lion and the Cobra,1987,f7158e4b-87d0-3310-85ae-71b15769f4ef,125,Sinéad O'Connor,ie,c78a77fa-507c-4c07-947a-0355029453bd,,,,
2769,I'll Be There for You,en,m,1906,L.P.,1995,61bdcda0-e75c-3297-96f5-69e48ed255a5,1026,The Rembrandts,us,,,,,
2770,Complicated,en,f,908,Let Go,2002,"0837aca2-319e-3f2f-a2d3-c525802068d6",510,Avril Lavigne,ca,"0103c1cc-4a09-4a5d-a344-56ad99a77193",,,,
2771,Cigar,en,m,852,Amir,2018,6fae4085-8ad6-41e9-bf06-feed3abe81cd,488,Tamino,be,60e0ba6c-b67e-44c0-b777-be65d42ef909,,,,
2772,Merry Xmas Everybody,en,m,1907,Merry Xmas Everybody,1973,18f4be6d-9007-34ce-b038-ff61b785c96b,1018,Slade,gb,,,,,
2773,Forever Young,en,m,1908,Planet Waves,1974,aedd518d-d7e0-3595-80c7-54d2aad292f8,16,Bob Dylan,us,72c536dc-7137-4477-a521-567eeb840fa8,,,,
2774,Quand on n'a que l'amour,fr,m,1909,Quand on n’a que l’amour,1956,63d89a69-1688-4051-970a-94c232a08474,264,Jacques Brel,be,91eda19b-1437-42cd-b7af-69df24b7f275,,,,
2775,Lippy Kids (live op Rock Werchter 2011),en,m,900,Build a Rocket Boys!,2011,f1071218-4843-4360-ab81-f93dc1707ce0,279,Elbow,gb,3cb3928a-526c-4a3d-93c5-53315fa9bde0,,,,
2776,I Predict A Riot,en,m,1911,Employment,2005,74c91805-fa46-3cea-bfe3-66ea4292b759,524,Kaiser Chiefs,gb,90218af4-4d58-4821-8d41-2ee295ebbe21,,,,
2777,Brain Damage,en,m,140,The Dark Side of the Moon,1973,f5093c06-23e3-404f-aeaa-40f72885ee3a,98,Pink Floyd,gb,83d91898-7763-47d7-b03b-b92132375c47,,,,
2778,Bitch,en,f,1912,Blurring the Edges,1997,a66998ee-563b-3860-82a9-aa88f04f43c5,1027,Meredith Brooks,us,,,,,
2780,Walk on Water,en,f,1913,Land of the Living,2000,cfe8baa8-9fc5-3205-9ee8-277df1808544,1028,Milk Inc.,be,,,,,
2781,Susie Q,en,m,55,Creedence Clearwater Revival,1968,871da799-a7f7-39df-8332-e246584458dd,29,Creedence Clearwater Revival,us,109958eb-a335-4c5e-907e-597ff4c6af46,,,,
2782,I Will Always Love You,en,f,1914,The Bodyguard,1992,9577b974-cce5-35b2-82d0-0969e5484a73,346,Whitney Houston,us,"0307edfc-437c-4b48-8700-80680e66a228",,,,
2783,7empest,en,m,329,Fear Inoculum,2019,76203bd0-466b-4802-a7ca-9b0097a3f862,143,Tool,us,66fc5bf8-daa4-4241-b378-9bc9077939d2,,,,
2785,Bobby Jean,en,m,199,Born in the U.S.A.,1984,3c39a076-8e52-38f2-8076-260d0672fb23,20,Bruce Springsteen,us,70248960-cb53-4ea4-943a-edb18f7d336f,,,,
2786,New Dawn Fades,en,m,580,Unknown Pleasures,1979,42352def-1aab-3000-b548-895ebd869cb6,67,Joy Division,gb,9a58fda3-f4ed-4080-a3a5-f457aac9fcdd,,,,
2787,Fiesta,en,m,1344,If I Should Fall from Grace with God,1988,46451c52-7d69-3d8a-91f5-9d4b65488f59,660,The Pogues,gb,d41a6875-b626-4c0f-89a1-aecb643d29ff,,,,
2788,Never Let Me Down Again,en,m,1201,Music for the Masses,1987,e59021bd-1710-3c13-9449-b78560039592,163,Depeche Mode,gb,8538e728-ca0b-4321-b7e5-cff6565dd4c0,,,,
2789,We Are Family,en,f,1689,We Are Family,1979,acb1aa80-3ede-3a65-a862-5b0730c92607,919,Sister Sledge,us,,,,,
2790,You Belong With Me,en,f,1915,Fearless,2008,63eba062-847c-3b73-8b0f-6baf27bba6fa,850,Taylor Swift,us,20244d07-534f-4eff-b4d4-930878889970,,,,
2791,Crazy,en,m,1916,Seal,1991,97375917-d328-3738-a556-9edfb489cdad,588,Seal,gb,f053ae01-dae6-4aae-9883-e8c279fdbef4,,,,
2792,Wildest Dreams,en,f,1549,1989,2014,4d9ec1c2-58ec-48a4-aa0a-916718adead0,850,Taylor Swift,us,20244d07-534f-4eff-b4d4-930878889970,,,,
2793,We Don't Need Another Hero,en,f,1917,Mad Max Beyond Thunderdome,1985,,504,Tina Turner,us,9072df14-b61e-42e2-b4f4-6bbb7fdb5586,,,,
2794,Solsbury Hill - Live,en,m,1918,Secret World Live,1994,a582e078-52a5-365c-ae81-513ed51df5ac,96,Peter Gabriel,gb,8e66ea2b-b57b-47d9-8df0-df4630aeb8e5,,,,
2795,War,en,f,1919,Nest,2019,ee0e72fb-277a-40db-8a8d-c6e752a41eec,914,Brutus,be,90b8f9f7-dfda-409c-a9dc-391bd0de6d8a,,,,
240,I Lie and I Cheat,en,f,226,Home,1988,24d1b565-7aa3-38c1-a07f-52de7376ff6b,151,Won Ton Ton,be,e5b785a4-27e2-45a4-b843-dde45f2bb3da,,,,
2734,Everybody's Gotta Learn Sometime,en,m,1432,Eternal Sunshine of the Spotless Mind,2004,a251946a-2fbe-3ce0-9d79-d77d5e8825a3,628,Beck,us,309c62ba-7a22-4277-9f67-4a162526d18a,,,,
2754,Coz I Luv You,en,m,1895,Coz I Luv You,1972,e2bac82f-b3fd-3365-bf2d-4e79070788b3,1018,Slade,gb,,,,,
2760,End Credits,en,m,1900,No More Idols,2011,"01326ca5-1448-4642-aab6-86400d6830e9",1022,Chase & Status,gb,,1033,Plan B,gb,
2748,Texas Sun,en,m,1890,Texas Sun,2020,b3582356-e701-48f0-be6a-2f9e4ff134ef,1016,Khruangbin,us,aea4c9b9-9f8d-49dc-b2ca-57d6f26e8634,1034,Leon Bridges,us,
2747,Pump Up the Jam,en,f,1889,Pump Up the Jam,1989,"0c8cc243-6e8b-3762-8f4e-537713bd7e1e",1015,Technotronic,be,,,,,
2755,Soul and Fire,en,m,1896,Bubble & Scrape,1993,41c08aa5-8de6-351b-aaca-f79d594e7793,1019,Sebadoh,us,,,,,
2784,Silver Springs,en,f,2066,Go Your Own Way,1976,eb1fdafa-eb19-3309-bace-24d03a036e28,46,Fleetwood Mac,gb,bd13909f-1c29-4c27-a874-d4aaf27c5b1a,,,,
2779,Invincible,en,m,329,Fear Inoculum,2019,76203bd0-466b-4802-a7ca-9b0097a3f862,143,Tool,us,66fc5bf8-daa4-4241-b378-9bc9077939d2,,,,
2464,Retrograde,en,m,1690,Overgrown,2013,b9a4e9ad-400c-4219-ae45-519c2d8167f7,647,James Blake,gb,8dc08b1f-e393-4f85-a5dd-300f7693a8b8,,,,
2512,Shallow,en,x,1728,A Star Is Born,2018,86ada260-4985-4616-90e4-ee1c7e65d93b,826,Lady Gaga,us,650e7db6-b795-4eb5-a702-5ea2fc46c848,1029,Bradley Cooper,us,
1362,On a Plain,en,m,129,Nevermind,1991,1b022e01-4da6-387b-8658-8678046e4cef,90,Nirvana,us,5b11f4ce-a62d-471e-81fc-a69a8278c7da,,,,
2525,Bourée,i,i,1739,Stand Up,1969,a97c5efa-7182-3162-b3f2-9f19dfc35d83,413,Jethro Tull,gb,ece57992-dc2e-4f67-a269-fa43626c1a3d,,,,
2592,Gett Off,en,m,507,Diamonds and Pearls,1991,50a39c17-0400-35c5-baca-413eb0ed0b70,101,Prince,us,"070d193a-845c-479f-980e-bef15710653e",,,,
2654,Take A Look Around,en,m,923,Chocolate Starfish and the Hot Dog Flavored Water,2000,55203b2f-314b-39c2-9e48-56a95e41a337,408,Limp Bizkit,us,8f9d6bb2-dba4-4cca-9967-cc02b9f4820c,,,,
222,Sex Machine,en,m,34,Sex Machine,1970,640919d2-e786-354d-a9d5-3151e4621cb4,60,James Brown,us,20ff3303-4fe2-4a47-a1b6-291e26aa3438,,,,
2490,I'll Be Missing You,en,m,1715,Tribute to The Notorious B.I.G.,1997,,935,Puff Daddy,us,,1032,Faith Evans,us,
1686,Arpegia (Without You),en,f,1188,Arpegia (Without You),1995,e5c5addc-a750-4c01-aa27-25dcc3aa60a8,648,The Mackenzie feat. Jessy,be,8ca03a02-f504-4c1b-a77d-5e7fd44e5256,,,,
618,Berejager,nl,m,484,Hij Leeft,1993,47a8e5d6-eb37-3633-8911-4f3864e38b2f,52,Gorki,be,2fd1f1f6-9b93-49c5-85f8-64ab5d72bf59,,,,
2373,River Runs Red,en,m,1633,River Runs Red,1993,244034ba-2ddc-389b-afe9-4803674e14cd,642,Life of Agony,us,d6ff259a-bbb6-4454-8503-80151da5f2db,,,,
1942,Cambodia,en,f,1348,Select,1982,fddd4de8-206e-393a-8091-420a4a739a3c,474,Kim Wilde,gb,4b462375-c508-432a-8c88-ceeec38b16ae,,,,
1547,Tous les mêmes,fr,m,314,Racine carrée,2013,d079dc50-fa9b-4a88-90f4-5e8723accd75,216,Stromae,be,ab2528d9-719f-4261-8098-21849222a0f2,,,,
2286,Elusive,en,m,1591,Elusive,2017,b2ea29eb-2fa9-4e0a-bb0c-708165f35728,870,blackwave.,be,3853d7ce-7233-4f48-9158-7426fb68b8ff,1035,David Ngyah,be,
2162,Bongo Bong / Je ne t'aime plus,en,m,1099,Clandestino,1998,24a451c9-a8f3-33f9-a4fc-5e2d00cb7816,543,Manu Chao,fr,7570a0dd-5a67-401b-b19a-261eee01a284,,,,
626,Love is a Losing Game,en,f,263,Back to Black,2006,6eac2e57-ee50-36f8-b0c4-c4c847a2c098,188,Amy Winehouse,gb,dfe9a7c4-8cf2-47f4-9dcb-d233c2b86ec3,,,,
585,Where Did You Sleep Last Night,en,m,324,MTV Unplugged in New York,1994,fb3770f6-83fb-32b7-85c4-1f522a92287e,90,Nirvana,us,5b11f4ce-a62d-471e-81fc-a69a8278c7da,,,,
390,Lake of Fire,en,m,324,MTV Unplugged in New York,1994,fb3770f6-83fb-32b7-85c4-1f522a92287e,90,Nirvana,us,5b11f4ce-a62d-471e-81fc-a69a8278c7da,,,,
2236,Will You?,en,f,1555,Breaking Glass,1980,534e8145-5a99-3f3c-b27d-0d10513c99ab,854,Hazel O'Connor,gb,,,,,
2725,"Mooi, 't leven is mooi",nl,m,1876,Tura Vandaag,1989,,979,Will Tura,be,,,,,
2798,I'm in Love With a German Film Star,en,f,1922,Thirty Thousand Feet Over China,1981,9dff9933-0339-32da-adf8-8f73c93198ba,1037,The Passions,gb,,,,,
2799,Changes,en,m,1672,Fever,2019,78858cea-f814-4d95-88ac-55bc3cf22110,306,Balthazar,be,91511517-ef93-4d71-a0f0-c858272af4a7,,,,
2800,Driving Home For Christmas,en,m,1923,New Light Through Old Windows,1988,e038a6be-969c-3078-8040-f91d5b55cafa,636,Chris Rea,gb,c707b37e-cb5c-4694-be4d-46beefcb2475,,,,
2802,Hey Now,en,f,847,If You Wait,2013,dbf36a9a-df02-41c4-8fa9-5afe599960b0,486,London Grammar,gb,4dbe08c1-b40a-43b3-ab89-210000bd8ab2,,,,
2803,"Bitch, Don’t Kill My Vibe",en,m,502,"good kid, m.A.A.d city",2012,499c19c8-0dab-4824-884b-6191d145e95b,309,Kendrick Lamar,us,381086ea-f511-4aba-bdf9-71c753dc5077,,,,
2804,Bury Me Deep In Love,en,m,1925,Calenture,1987,ca5c8da9-4a92-3e50-aa16-4805c31b7acd,609,The Triffids,au,,,,,
2805,Someone New,en,x,1926,There's Only Now,2001,46657b28-aeda-323a-8916-4da7e3a053a9,1039,Eskobar,se,,947,Heather Nova,us,
2806,Fever,en,m,1412,Infinity,2017,d3c95b1a-b960-4f85-99f5-084a6ab64f5e,313,Oscar and the Wolf,be,74e6bd6b-46fd-4f6a-80e1-c16e8169a21c,,,,
2807,Sheena Is a Punk Rocker,en,m,1489,Rocket to Russia,1977,dd959091-dba1-32b8-8159-0090959ce75b,170,Ramones,us,d6ed7887-a401-47a8-893c-34b967444d26,,,,
2808,Der Mussolini,de,m,1927,Alles ist gut,1981,c8946e5b-8954-37ef-9cea-d89186724d52,1040,Deutsch Amerikanische Freundschaft,de,,,,,
2809,Piledriver Waltz,en,m,1063,Suck It and See,2011,ffdc0fd3-e726-4e98-af19-d3274ede2311,174,Arctic Monkeys,gb,ada7a83c-e3e1-40f1-93f9-3e73dbc9298a,,,,
2810,The Gioconda Smile,en,f,1928,The Gioconda Smile,1985,de3ed079-0b21-4bfe-b427-99516e72f54b,1041,Poésie Noire,be,,,,,
2811,La Tribu de Dana,fr,m,1929,Panique celtique,1998,fe65743c-4107-3ae1-8dd5-081c576b0935,1042,Manau,fr,,,,,
2812,It’s Been Awhile,en,m,1930,Break the Cycle,2001,"048f973a-df44-3260-af48-459a0608f948",1043,Staind,us,,,,,
2813,La Femme d’argent,i,i,779,Moon Safari,1998,b0bf2b77-b8cf-32f6-8893-9741d757b400,448,Air,fr,cb67438a-7f50-4f2b-a6f1-2bb2729fd538,,,,
2814,The Prophet,en,m,1931,The Analogue Theatre,1996,f93cd54c-479f-3c33-91b7-694af5306712,1044,CJ Bolland,be,,,,,
2815,Hit the Road Jack,en,m,1932,Hit the Road Jack,1961,7ea07a99-80cf-4ba6-95e5-86c6d48c735f,1045,Ray Charles,us,,,,,
2816,Dag vreemde man,nl,f,1933,Ann Christy,1971,60f0770b-af79-471d-9245-6fa83c0d6c95,335,Ann Christy,be,324eabfa-d46f-44ca-b6dc-4dd847d497b0,,,,
2817,Ultraviolence,en,f,1198,Ultraviolence,2014,9d9b3ac3-e630-4644-92c7-fb14d4d68d86,476,Lana Del Rey,us,b7539c32-53e7-4908-bda3-81449c367da6,,,,
2818,If I Had a Gun…,en,m,1934,Noel Gallagher’s High Flying Birds,2011,84d8feac-fad0-4348-ba1a-01b5253dca04,1046,Noel Gallagher’s High Flying Birds,gb,,,,,
2819,Stranglehold,en,m,1935,Ted Nugent,1975,"02aba1e4-5316-31cc-bb30-2a7cbafd0588",1047,Ted Nugent,us,,,,,
2820,’t Smidje,nl,f,1936,Laïs,1998,442846e7-07bc-32da-8af7-94db2df70447,1048,Laïs,be,,,,,
2821,Hung Up,en,f,1937,Confessions on a Dance Floor,2005,122677be-e664-362d-95eb-be3ae126ec03,361,Madonna,us,79239441-bfd5-4981-a70c-55c3f15c1287,,,,
2822,Hey Man Nice Shot,en,m,1938,Short Bus,1995,ab9d24f9-089d-343f-b8eb-2b9c872f5255,1049,Filter,us,,,,,
2823,Gin & Juice,en,m,1939,Doggystyle,1993,649762c9-8785-3d9c-803d-2f0496f168e5,464,Snoop Dogg,us,,,,,
2824,The Air That I Breathe,en,m,1940,Hollies,1974,aa60e11e-34fd-357d-a58f-f5f142e069f6,955,The Hollies,gb,,,,,
2826,What a Fool Believes,en,m,1942,Minute by Minute,1978,4c845430-fcaf-33eb-8cb8-f371f405ca38,1051,The Doobie Brothers,us,,,,,
2825,Miserlou,i,i,1941,Miserlou,1962,3b4e437d-d86e-47ee-8a82-286ac713169b,1050,Dick Dale and His Del‐Tones,us,,,,,
2827,Starálfur,is,f,703,Ágætis byrjun,1999,62b427b8-1c52-34e7-b250-da2aa3e44860,407,Sigur Rós,is,f6f2326f-6b25-4170-b89d-e235b25508e8,,,,
2796,Alright,en,m,1920,I Should Coco,1995,6e796029-272d-3fe2-8ad0-d8a10ef80a66,1036,Supergrass,gb,,,,,
2829,There Will Be Time,en,m,1944,Johannesburg,2016,b295e946-69a0-46e4-a333-85d52b22965d,265,Mumford & Sons,gb,c44e9c22-ef82-4a77-9bcd-af6c958446d6,,,,
2830,Coming Back to Life,en,m,894,The Division Bell,1994,90878b63-f639-3c8b-aefb-190bdf3d1790,98,Pink Floyd,gb,83d91898-7763-47d7-b03b-b92132375c47,,,,
2831,Suspirium,en,m,1945,Suspiria: Music for the Luca Guadagnino Film,2018,a529e027-d547-44d8-924b-a66da87e6330,541,Thom Yorke,gb,,,,,
2832,Cocaine,en,m,1946,Troubadour,1976,524b3f43-8e21-3e93-b595-78a0173e3d9b,789,J.J. Cale,us,4b0be624-6b87-47e8-bbf0-588a2c6c0439,,,,
2833,I Want You,en,m,1947,Blonde on Blonde,1966,329fb554-2a81-3d8a-8e22-ec2c66810019,16,Bob Dylan,us,72c536dc-7137-4477-a521-567eeb840fa8,,,,
2835,Bad Penny,en,m,1948,Top Priority,1979,8ce7000d-2dcd-3fa5-85a7-bbd556b59d43,584,Rory Gallagher,ie,933fdeae-ec68-48e9-a752-8bcfd44bc429,,,,
2834,Risingson,en,m,116,Mezzanine,1998,6f9f6899-c0d3-311d-ae87-a10ae6bc53a9,82,Massive Attack,gb,10adbe5e-a2c0-4bf3-8249-2b4cbf6e6ca8,,,,
2828,Hopelessly Devoted to You,en,f,1447,Grease,1978,61cb81de-fc03-3437-8ba0-216730ff9c03,796,Olivia Newton-John,us,10ccb5d8-f9d5-4954-9441-3419b522a214,,,,
2836,Lay Down (Candles in the Rain),en,f,1949,Candles in the Rain,1970,4e18f434-bccd-323a-bb8e-f81db404278c,1052,Melanie,us,,,,,
2837,Breakfast at Tiffany’s,en,m,1950,Home,1994,34aa08e4-276b-3db8-836b-0fc650714d63,1053,Deep Blue Something,us,,,,,
2838,Situation,en,f,1711,Upstairs at Eric's,1982,ca189e76-5704-3097-8dad-b6e1923bc917,934,Yazoo,gb,,,,,
2839,It’s All Coming Back to Me Now,en,f,1951,Falling Into You,1996,7c89982d-e6a6-3811-828d-5462a69f0ddf,1024,Céline Dion,ca,,,,,
2840,War,en,m,612,Bruce Springsteen & The E Street Band Live 1975-85,1986,85206823-9808-3da2-a9d7-2e9b8b0f4e99,20,Bruce Springsteen,us,70248960-cb53-4ea4-943a-edb18f7d336f,,,,
2841,Nuthin’ but a “G” Thang,en,m,1952,The Chronic,1992,ad444843-7160-33d7-b0c9-fc99f2c14a99,258,Dr. Dre,us,5f6ab597-f57a-40da-be9e-adad48708203,,,,
2842,"Here, There and Everywhere",en,m,783,Revolver,1966,72d15666-99a7-321e-b1f3-a3f8c09dff9f,12,The Beatles,gb,b10bbbfc-cf9e-42e0-be17-e2c3e1d2600d,,,,
2843,Weak Become Heroes,en,m,1953,Original Pirate Material,2002,e701a954-0fd7-3789-83cb-03b5a28783b7,228,The Streets,gb,6f607087-9c46-4bb2-a884-e4efc764554c,,,,
2844,Seabird,en,m,1954,Alessi,1976,37dcbc6f-24db-45d8-9980-bed15cf1afab,1054,Alessi Brothers,us,,,,,
2845,Always on My Mind,en,m,1955,Always on My Mind,1987,2c0a66ae-8498-355d-bd15-4e7ecd50711d,719,Pet Shop Boys,gb,be540c02-7898-4b79-9acc-c8122c7d9e83,,,,
2846,Demasiado Corazón,en,m,1956,Where Angels Fear to Tread,1983,f3d261b7-4337-3e58-81ed-751b46d86425,717,Mink DeVille,us,1c2938ae-37df-44a7-8630-be2cb1d357e0,,,,
2847,Twist in My Sobriety,en,f,1957,Ancient Heart,1988,c1cf96d3-9954-336a-83c8-28d3c25987c0,1055,Tanita Tikaram,gb,,,,,
2848,Crystal Eyes,en,m,1958,Skintight,1988,d1cbc499-42bf-3181-baba-729e4d3700e5,117,The Scabs,be,53c97a52-d691-4477-99f3-cb6e46b0bd94,,,,
2849,Sowing the Seeds of Love,en,m,1959,The Seeds of Love,1989,"006e43eb-257f-3a51-92a5-ee641b8b61d2",443,Tears for Fears,gb,7c7f9c94-dee8-4903-892b-6cf44652e2de,,,,
2850,British Mode,en,m,1960,Bring It On,2006,37165880-106a-34d5-b869-e8ec7f0fb258,195,Goose,be,6849ebec-b385-4b41-b5a1-125f91e46119,,,,
2851,Lakini’s Juice,en,m,1961,Secret Samadhi,1997,f6afdc8e-90e5-3b94-8bf0-c0fe58056c64,78,Live,us,cba77ba2-862d-4cee-a8f6-d3f9daf7211c,,,,
2852,It’s Not Unusual,en,m,1962,Along Came Jones,1965,38e3e6fc-d299-399a-89d6-931fc1996bd4,1056,Tom Jones,gb,,,,,
2853,You Are,en,m,1963,All Is Quiet Now,2002,46a8c921-36da-3f9e-98e2-95fe8821975d,1057,Arid,be,,,,,
2854,Ice Ice Baby,en,m,1964,Hooked,1989,1bb16578-1e13-347a-932e-d43c201521a5,1058,Vanilla Ice,us,,,,,
2855,Sunny,en,m,1965,Sunny,1966,a6eeb3d8-84f7-3c19-95a0-578148f913c4,1059,Bobby Hebb,us,,,,,
2856,Imitation of Life,en,m,1966,Reveal,2001,6f285675-2ae8-3a6c-883a-0e29f8a6d1c6,111,R.E.M.,us,ea4dfa26-f633-4da6-a52a-f49ea4897b58,,,,
2857,Maps,en,f,1967,Fever to Tell,2003,e8e2d824-dd32-3b24-9c7c-24619fbe86a9,1060,Yeah Yeah Yeahs,us,584c04d2-4acc-491b-8a0a-e63133f4bfc4,,,,
2858,Technologic,en,m,1968,Human After All,2005,f9e8042a-674e-3f01-80ec-7f0ab1c537df,208,Daft Punk,fr,"056e4f3e-d505-4dad-8ec1-d04f521cbb56",,,,
2859,The Player,en,m,1969,The Player,2006,370bcbe7-3d69-3e6c-ae51-9bdc67cb4da0,161,Daan,be,38a9dd50-aafd-491f-a7ea-29a07ea9ecfa,,,,
2860,I Don’t Live Here Anymore,en,x,1970,I Don’t Live Here Anymore,2021,af8f5795-7d03-449d-b6ee-65cf4b1e3a95,196,The War on Drugs,us,87b9b3b8-ab93-426c-a200-4012d667a626,,,,
2861,Don’t Go Breaking My Heart,en,x,1971,Rock of the Westies,1975,375ad2c5-4fe6-3ede-a899-b7c4d259eea1,39,Elton John,gb,b83bc61f-8451-4a5d-8b8e-7e9ed295e822,1061,Kiki Dee,gb,
2862,I’m Gonna Miss You,en,m,1972,All or Nothing,1988,d54ff37b-d4c9-33ea-ac3b-522c751ef28f,1062,Milli Vanilli,de,,,,,
2863,Satelliet Suzy,nl,m,1973,Programma '96,1996,f0dafcaa-cedc-30cb-a55f-6d25b47d15a8,534,Noordkaap,be,13e7b7a6-ac07-416d-89bf-6b97f7a5ebad,,,,
2864,No Excuses,en,m,1491,Jar of Flies,1994,3b6b7688-c97b-3d11-9334-3158468074f7,275,Alice in Chains,us,4bd95eea-b9f6-4d70-a36c-cfea77431553,,,,
2865,The Box,i,i,1974,In Sides,1996,5b2338ad-afbb-3046-ba00-32b395fe2d17,1063,Orbital,gb,,,,,
2866,I See Fire,en,m,1237,x,2014,c24e5416-cd2e-4cff-851b-5faa78db98a2,653,Ed Sheeran,gb,b8a7c51f-362c-4dcb-a259-bc6e0095f0a6,,,,
1161,Als ze lacht,nl,m,842,Kannibaal,2004,dd753da5-fe28-39ce-b583-bbb9af690686,483,Yevgueni,be,ceb902e6-8647-479d-b366-f84fc0a0cc4a,,,,
2867,Drive My Car,en,m,660,Rubber Soul,1965,dca03435-8adb-30a5-ba82-5a162267ff38,12,The Beatles,gb,b10bbbfc-cf9e-42e0-be17-e2c3e1d2600d,,,,
2868,Back to Nature,en,m,1975,Back to Nature,1979,c0a519b9-7a74-3f9b-92aa-94f8f5ff3c94,703,Fad Gadget,gb,,,,,
2869,Move,en,m,1976,Move,1968,ce30312b-7291-40af-af10-5d43b82cdedb,1064,Jess & James,be,,,,,
2870,Drumming Song,en,f,367,Lungs,2009,50fe703f-173e-496a-9155-b2a495d704e5,243,Florence + the Machine,gb,5fee3020-513b-48c2-b1f7-4681b01db0c6,,,,
2871,I’m Not Okay (I Promise),en,m,1977,Three Cheers for Sweet Revenge,2004,1d563513-87dc-308f-8bac-418fab4054cf,455,My Chemical Romance,us,c07f0676-9143-4217-8a9f-4c26bd636f13,,,,
2872,Désenchantée,fr,f,1978,L’Autre…,1991,acba2e91-7c1e-38ed-b7df-f06fc4a5f528,1065,Mylène Farmer,fr,,,,,
2873,You Can’t Hurry Love,en,m,1979,"Hello, I Must Be Going!",1982,5143705a-f34a-3e92-96e9-cff32308a508,97,Phil Collins,gb,401c3991-b76b-499d-8082-9f2df958ef78,,,,
2874,Rocky,en,m,1980,Play Games,1996,b1a32aeb-4497-3df0-abdb-d1a6ee619ce2,359,Dog Eat Dog,us,2d91fff5-460c-431b-a44c-21d345129a91,,,,
2875,Don’t Bring Me Down,en,m,1981,Discovery,1979,e4f25e55-94d2-3037-a826-b3610490ea2d,292,Electric Light Orchestra,gb,"0c502791-4ee9-4c5f-9696-0602b721ff3b",,,,
2876,Just,en,m,160,The Bends,1995,b8048f24-c026-3398-b23a-b5e50716cbc7,104,Radiohead,gb,a74b1b7f-71a5-4011-9441-d0b5e4122711,,,,
2877,"Theme From “New York, New York”",en,m,1982,Trilogy: Past Present Future,1980,"08defaff-1b08-305e-98df-651640502ef3",334,Frank Sinatra,us,197450cd-0124-4164-b723-3c22dd16494d,,,,
2878,Surfin’ U.S.A.,en,m,1983,Surfin’ USA,1963,9a7228ff-f6f9-3d90-a39b-65a2f1dabade,253,The Beach Boys,us,ebfc1398-8d96-47e3-82c3-f782abcdb13d,,,,
2879,Fifteen Years,en,m,110,Levelling the Land,1991,"0286d4a7-60cd-3bef-97c7-e1bfaaf90092",77,Levellers,gb,7c8c72f5-01ed-4a55-89d1-ced1a6b3fb0d,,,,
2880,Dirty Blvd.,en,m,1984,New York,1989,bf543d9f-f0de-3f46-87b4-f9cddf58806b,79,Lou Reed,us,9d1ebcfe-4c15-4d18-95d3-d919898638a1,,,,
2882,Wandering Star,en,f,361,Dummy,1994,48140466-cff6-3222-bd55-63c27e43190d,238,Portishead,gb,8f6bd1e4-fbe1-4f50-aa9b-94c450ec0f11,,,,
2881,Bad Romance,en,f,1985,The Fame Monster,2009,20b4c8b3-e922-44a3-90e8-fa00acad8ed4,826,Lady Gaga,us,650e7db6-b795-4eb5-a702-5ea2fc46c848,,,,
2883,Codo,i,i,1986,Codo,1983,,1066,Deutsch-Österreichisches Feingefühl,de,,,,,
2884,Familiar Feeling,en,f,1166,Statues,2003,7088bb38-bf23-30bc-843b-9d7bd5e8ce2c,436,Moloko,gb,2f94016a-3880-4d8c-9af9-0e197ee77189,,,,
2885,Apocalypse,en,m,1987,Cigarettes After Sex,2017,90a85020-515c-427e-9a59-5cc4dbcac0e3,1067,Cigarettes After Sex,us,,,,,
2886,The Look,en,f,1332,Look Sharp!,1988,ed44808f-8596-3696-8499-2cdd5f4d21b0,720,Roxette,se,d3b2711f-2baa-441a-be95-14945ca7e6ea,,,,
2887,You’re the Voice,en,m,1988,Whispering Jack,1986,c1c7eac9-2ff2-3b62-8826-304c5eb9147d,1068,John Farnham,au,,,,,
2888,Tompkins Square Park,en,m,1783,Wilder Mind,2015,1ef46d8b-9b2f-41dc-a861-c1851593f7f2,265,Mumford & Sons,gb,c44e9c22-ef82-4a77-9bcd-af6c958446d6,,,,
2889,How Much Are They,en,m,1989,I Could Have Been a Contender,2004,"003d062f-49a1-36ac-9f4c-4c622fad86f3",1069,Jah Wobble,gb,,,,,
2890,Little Talks,en,x,1990,My Head Is an Animal,2011,b7ac3c3e-095e-4bcf-94f9-694ca175b79d,1070,Of Monsters and Men,is,,,,,
2891,En in Gent,nl,m,948,Wil je beroemd zijn?,1996,fcdd8e67-46fb-327c-ab1b-e4c26b8ca8ee,160,De Mens,be,57c4babc-069d-48e8-a6b3-0887cd48d183,,,,
2892,The Hardest Button to Button,en,m,224,Elephant,2003,d85b9684-4277-3565-b89b-115c8b4b7fd3,158,The White Stripes,us,11ae9fbb-f3d7-4a47-936f-4c0a04d3b3b5,,,,
2893,Get It Together,en,m,26,Ill Communication,1994,1134696c-1078-3c38-bcaa-4ee7c320670a,11,Beastie Boys,us,9beb62b2-88db-4cea-801e-162cd344ee53,,,,
2894,Scooby Snacks,en,m,1991,Come Find Yourself,1996,3f7d2215-c754-3401-a9c6-4d3f8ec3dc03,1071,Fun Lovin’ Criminals,us,,,,,
2895,Manon,nl,m,1992,Manon,2015,9404e6eb-0849-473a-9ce0-ec7a39c3ce08,471,De Jeugd van Tegenwoordig,nl,810eb6c6-cced-4944-8f5a-1e0b15d930be,,,,
2896,Dirty Back Road,en,f,1993,Wild Planet,1980,7c9f7229-7f75-371d-8165-e1d57a81155c,594,The B-52's,us,127f591a-7e27-4435-92db-0780f219f3a1,,,,
2897,Koning Liefde,nl,m,1623,En Route,2015,187a6152-e261-436f-bb58-abcc9dc8c653,887,Tourist LeMC,be,6be5451a-3795-4423-a552-6e15f1b2b9ae,,,,
2898,Same Old Scene,en,m,1312,Flesh and Blood,1980,48cb1f6d-d65a-3e5d-aabb-83977322d3fd,114,Roxy Music,gb,331ce348-1b08-40b9-8ed7-0763b92bd003,,,,
2899,Fuck You,en,f,1994,"It’s Not Me, It’s You",2008,ff01d241-0d23-3625-851d-a3e1dd0b2c05,1072,Lily Allen,gb,,,,,
2900,The Ocean,en,m,1995,Coles Corner,2005,c16b9d8e-60e5-3947-a13f-cb9233138510,1073,Richard Hawley,gb,,,,,
2901,Relax,en,m,865,Welcome to the Pleasuredome,1984,c734406b-3c8a-3214-98cc-dd553f82f813,495,Frankie Goes to Hollywood,gb,c09c8263-40ef-4352-8031-e438b1ce68fc,,,,
2902,Peaches,en,m,1996,The Presidents of the United States of America,1995,7e1728bf-1947-3ff3-bac1-a5296eed372e,1074,The Presidents of the United States of America,us,7509421d-1074-442f-be8f-b526167afcb3,,,,
2903,Meet Me Halfway,en,f,1863,THE E.N.D.,2009,bb022fc8-55f5-4f4d-82d9-0b504099a3b1,982,Black Eyed Peas,us,d5be5333-4171-427e-8e12-732087c6b78e,,,,
2904,Love and Affection,en,f,1997,Joan Armatrading,1976,"0ac6d075-35ed-3ec4-8751-06533b8511ee",1075,Joan Armatrading,gb,,,,,
2905,Impossible,en,m,1998,Moral Panic,2020,71c5027e-7d5d-4ab3-857b-7995a2b6578a,943,Nothing But Thieves,gb,,,,,
2906,California Blue,en,m,1081,Mystery Girl,1989,aeb579a3-c372-3d2d-a3ce-eab86c8311f0,115,Roy Orbison,us,"0bbbc496-c7b5-4b3f-bb6d-bd312827d6e5",,,,
2907,"Can’t Get Enough of Your Love, Babe",en,m,313,Can't Get Enough,1974,f804e084-b282-333a-a4cd-288df8c299b0,215,Barry White,us,b904d624-9e05-4398-8f4f-88fbcf022f79,,,,
2908,I Hate Everything About You,en,m,1999,Three Days Grace,2003,2a179acf-f380-3c1e-9b5d-ceda98b5fcf2,1076,Three Days Grace,ca,,,,,
2909,Here’s Where the Story Ends,en,f,2000,"Reading, Writing and Arithmetic",1990,a3915909-20c5-3dc5-931f-f0f9023bf2d8,1077,The Sundays,gb,,,,,
2910,Oxygene IV,i,i,2001,Oxygène,1976,3055cd07-9b9d-34ed-b227-942ba6977174,1078,Jean‐Michel Jarre,fr,,,,,
2912,Always,en,m,774,Blink-182,2003,"04e0cb66-e8ee-38b9-863d-b4f21dee887d",393,Blink-182,us,"0743b15a-3c32-48c8-ad58-cb325350befa",,,,
2913,Demagogue,en,m,2003,Persona Non Grata,1994,beef75d1-ca1c-3b76-bf17-47a9d943d12d,1079,Urban Dance Squad,nl,,,,,
2914,Steamy Windows,en,f,882,Foreign Affair,1989,6ef79cde-6fca-3ac7-a5e6-d78d795fd036,504,Tina Turner,us,9072df14-b61e-42e2-b4f4-6bbb7fdb5586,,,,
2915,Disintegration,en,m,334,Disintegration,1989,494bf606-d2f7-36d0-8340-eadad8601d2b,31,The Cure,gb,69ee3720-a7cb-4402-b48d-a02c366f2bcf,,,,
2917,Trigger Inside,en,m,632,Troublegum,1994,a7fe04fa-0f36-3c18-9e63-25b55d33fca6,141,Therapy?,gb,85226286-349a-4046-8dcf-f75b32baa6b1,,,,
2911,With Every Heartbeat,en,f,2002,Robyn,2005,8ba74d8f-46af-399d-ba00-6f0584dee8ad,459,Robyn,se,5a8e07d5-d932-4484-a7f7-e700793a9c94,1080,Kleerup,se,
2918,Vonken & vuur,nl,m,2004,Vonken & Vuur,2007,ba2b3e9b-568e-3c5b-a2a6-0e1afceb61a9,699,Clouseau,be,e24a10ec-55b4-408e-858a-3d348e5fa47c,,,,
2919,Eternal Flame,en,f,2005,Everything,1988,a7d44580-69d8-36b5-95fa-7889ea320965,1081,The Bangles,us,,,,,
2920,’74–’75,en,m,2006,Ring,1993,c58e915e-7454-301b-880f-a71b8944417d,1082,The Connells,us,,,,,
2921,Freed From Desire,en,f,2007,Come Into My Life,1997,1f335136-7f2c-3017-ae86-6605a91814cb,1083,Gala,it,,,,,
2922,First It Giveth,en,m,155,Songs for the Deaf,2002,cbffb669-c390-3a4d-b46f-1be8ea934b03,153,Queens of the Stone Age,us,7dc8f5bd-9d0b-4087-9f73-dc164950bbd8,,,,
2923,Shewolf,en,f,1138,Greetings & Salutations,2011,b1d0a745-2634-4168-9691-ed4b6bc52cdf,620,Intergalactic Lovers,be,935c3435-bdb6-416d-b9d4-94d06ddb0108,,,,
2924,Ballroom Blitz,en,m,1384,Desolation Boulevard,1974,82993041-b4e7-3d33-aa84-cdd20461da53,747,Sweet,gb,dc73bb40-b697-4df9-a2ec-0555bebdba75,,,,
2925,Cecilia,en,m,184,Bridge over Troubled Water,1970,c39f7f80-d42f-3669-9653-230f8e922083,123,Simon & Garfunkel,us,5d02f264-e225-41ff-83f7-d9b1f0b1874a,,,,
2926,Something Just Like This,en,m,2008,Kaleidoscope EP,2017,"04dbe014-a249-4ba9-895a-e000954ad14b",25,Coldplay,gb,cc197bad-dc9c-440d-a5b5-d52ba2e14234,,,,
2928,La isla bonita,en,f,2010,True Blue,1986,eb9c3e50-cfa9-3502-af63-41d39c4c3fa6,361,Madonna,us,79239441-bfd5-4981-a70c-55c3f15c1287,,,,
2929,Kalemba (Wegue Wegue),en,f,2011,Black Diamond,2008,50035819-c6d1-3060-9bda-7ee43983ff33,1085,Buraka Som Sistema,pt,,,,,
2930,Open Your Eyes,en,m,422,Eyes Open,2006,2d53108e-17c3-37cd-864a-319440ce6a21,271,Snow Patrol,gb,a66999a7-ae5c-460e-ba94-1a01143ae847,,,,
2931,Grip (Omarm me),nl,m,2012,2,2018,6f2888a2-e2a1-4989-8bab-836e119cf583,452,Bazart,be,187d77b6-58b0-4576-83de-4d32ef776004,,,,
2934,Four Times More,en,f,2016,Four Times More,1986,2572306a-b342-4c4b-9629-0fd252010e82,1086,Elisa Waut,be,,,,,
2935,The Enemy,en,m,2017,Satisfaction Kills Desire,2010,"0d84e448-4c6d-44e8-bd02-10b50ca9baa6",157,Zornik,be,"094413ef-f334-4e4a-96b1-18ab66919357",,,,
2936,I Think I’m Paranoid,en,f,2018,"Version 2.0",1998,e8786e7c-1737-331f-8973-3593f3bde895,635,Garbage,us,f9ef7a22-4262-4596-a2a8-1d19345b8e50,,,,
2937,Turn the Page,en,m,2019,‘Live’ Bullet,1976,a36dafd0-1df7-3246-b14c-e55dc5a84f48,18,Bob Seger,us,4382b934-64c3-47ac-98db-65f26d845c48,,,,
2939,"Sorry, You’re Not a Winner",en,m,2021,Take to the Skies,2007,cb61ed2c-9dec-364b-a853-01d27608b94c,1088,Enter Shikari,gb,,,,,
2940,Marieke,nl,m,2022,Marieke,1961,b9222cd7-9428-3b4d-829e-9d63f0a70eb9,264,Jacques Brel,be,91eda19b-1437-42cd-b7af-69df24b7f275,,,,
2941,In a Big Country,en,m,2023,The Crossing,1983,54459dcf-4964-3c22-ad08-bb2f4dfa4131,1089,Big Country,gb,,,,,
2942,Take One,en,m,2024,Endless Riddance,1983,4c1696a5-e5f2-3940-93e5-eec2c651c513,274,Front 242,be,8fb6c00f-61d8-4f27-98f9-53e1ba481626,,,,
2943,Holiday in Cambodia,en,m,2025,Fresh Fruit for Rotting Vegetables,1980,3495fca0-ce60-3342-93f2-23fd525d8069,1005,Dead Kennedys,us,,,,,
2944,What a Beautiful Day,en,m,2027,Mouth to Mouth,1997,7630028e-8215-3719-b3fa-539adc30c4da,77,Levellers,gb,7c8c72f5-01ed-4a55-89d1-ced1a6b3fb0d,,,,
2945,Dear Prudence,en,m,415,The Beatles (White Album),1968,"055be730-dcad-31bf-b550-45ba9c202aa3",12,The Beatles,gb,b10bbbfc-cf9e-42e0-be17-e2c3e1d2600d,,,,
2946,My Honest Face,en,m,2028,It Won’t Always Be Like This,2021,dd166508-64a0-4e13-8ba4-9ad35ecaaaeb,1090,Inhaler,ie,,,,,
2947,Nothing to Find,en,m,506,A Deeper Understanding,2017,a08e02b3-f076-42c2-9a6a-374e15eda4fe,196,The War on Drugs,us,87b9b3b8-ab93-426c-a200-4012d667a626,,,,
2948,Dammit,en,m,2029,Dude Ranch,1997,19b6b24f-b273-3d4b-91f4-0720cd0f3bcd,393,Blink-182,us,"0743b15a-3c32-48c8-ad58-cb325350befa",,,,
2949,Bruxelles je t’aime,fr,f,2030,Nonante‐cinq,2021,ae0033cb-db62-4e53-8c1c-c003304c0173,828,Angèle,be,dcd4701d-64ec-443d-bfbf-73fc87c44bd6,,,,
2950,Stay Together for the Kids,en,m,974,Take Off Your Pants and Jacket,2001,e9acecde-4ae1-3430-baf7-eae53cb9d75f,393,Blink-182,us,"0743b15a-3c32-48c8-ad58-cb325350befa",,,,
2951,Sexy M.F.,en,m,2031,Love Symbol,1992,764f7332-b637-3a71-ae3c-934cdfff3b40,101,Prince,us,"070d193a-845c-479f-980e-bef15710653e",,,,
2953,Paul,en,m,2033,Masterpiece,2016,134104b9-926e-40fc-a975-e6a0f3b238d5,965,Big Thief,us,,,,,
2954,Mariners Apartment Complex,en,f,2034,Norman Fucking Rockwell!,2019,24fd0887-9e83-42e3-b27e-e7f89ead4c03,476,Lana Del Rey,us,b7539c32-53e7-4908-bda3-81449c367da6,,,,
2955,This Is Not a Love Song,en,m,2035,This Is What You Want… This Is What You Get,1984,e8cc1e58-d49a-3c27-9358-18205a69a88b,1092,Public Image Ltd,gb,,,,,
2956,Muscle Museum,en,m,518,Showbiz,1999,a842d860-a023-3a71-ad2e-a3a94cffabd7,164,Muse,gb,9c9f1380-2516-4fc9-a3e6-f9f61941d090,,,,
2952,bad grades,en,f,2036,bad grades,2021,,1091,Kids With Buns,be,,,,,
2957,Comment te dire adieu,fr,f,2037,Comment te dire adieu,1968,be7e906f-1c6c-3a84-9773-46dd0b9ecc4e,1093,Françoise Hardy,fr,,,,,
2958,Zonder totetrekkerie,nl,m,1116,Rocky 7,2002,23152c03-152a-36fb-8458-a52290eb78e5,548,'t Hof Van Commerce,be,9cee75f3-0459-422e-ab8d-f3cc5ff4f96b,,,,
2959,Age of Panic,en,m,2039,Stacked Up,1994,bc671a5b-f243-3472-b7fe-4848e62f9b79,1094,Senser,gb,,,,,
2960,She’s Electric,en,m,135,(What's the Story) Morning Glory?,1995,cc7e6348-cc55-31fa-aeb2-748a46a81cb3,92,Oasis,gb,39ab1aed-75e0-4140-bd47-540276886b60,,,,
2961,Put My Head in the Ground,en,m,2040,Eagle Castle BBQ,2017,fb898777-5f44-44e0-ba34-659a66e2e69d,1095,Equal Idiots,be,,,,,
2962,Rivers in Your Mouth,en,m,1196,I Forget Where We Were,2014,bbf38d40-fead-40b9-ae5c-32c9c6f45235,323,Ben Howard,gb,534dda3c-b73f-408b-8889-bd68eae84df6,,,,
2963,Gelukkig zijn,nl,m,2041,Ik doe niet mee,1975,216b2508-0f35-31d1-87c0-3df4e33eda41,108,Raymond van het Groenewoud,be,ba6f20f8-d777-44d4-abd6-4fcb840783a3,,,,
2964,You and Your Sister,en,f,2042,Blood,1991,663dbc25-450c-32f5-8d7d-00b00467017c,490,This Mortal Coil,gb,60ef8ddb-7676-4056-a357-9a8c228d03a6,,,,
2965,Ruby Tuesday,en,m,2043,Between the Buttons,1967,72a77b05-0006-3838-a378-c56b65abc733,113,The Rolling Stones,gb,b071f9fa-14b0-4217-8e97-eb41da73f598,,,,
2966,It Ain’t Over ’til It’s Over,en,m,1713,Mama Said,1991,f27cadab-ab3a-3e67-a24e-3a67b68840f2,76,Lenny Kravitz,us,"0ef3f425-9bd2-4216-9dd2-219d2fe90f1f",,,,
2967,Lucky,en,m,161,OK Computer,1997,b1392450-e666-3926-a536-22c65f834433,104,Radiohead,gb,a74b1b7f-71a5-4011-9441-d0b5e4122711,,,,
2969,Out of Space,en,m,2045,Experience,1992,a3f046a8-8edd-3b8c-bb51-112950b0839c,207,The Prodigy,gb,4a4ee089-93b1-4470-af9a-6ff575d32704,,,,
2970,The Bells,i,i,2046,Purpose Maker Compilation,1996,ce1257c2-c917-372e-b5e5-af24be395e44,1097,Jeff Mills,us,,,,,
2971,Holiday,en,f,2047,Madonna,1983,cf44c73c-650d-3c67-9327-c99426ce464f,361,Madonna,us,79239441-bfd5-4981-a70c-55c3f15c1287,,,,
2972,Burn It Down,en,m,2048,Living Things,2012,af682b63-021e-4806-afac-9aa4380fc6bd,191,Linkin Park,us,f59c5520-5f46-4d2c-b2c4-822eabf53419,,,,
2973,Longview,en,m,84,Dookie,1994,314cffd4-daa5-3337-85e5-e54165a96113,53,Green Day,us,"084308bd-1654-436f-ba03-df6697104e19",,,,
2974,Beverly Hills,en,m,2049,Make Believe,2005,150f9a00-0881-38dd-a5e8-faa3f1b828d2,321,Weezer,us,6fe07aa5-fec0-4eca-a456-f29bff451b04,,,,
2975,Lover of the Light,en,m,698,Babel,2012,9bc0a481-57e5-4d16-bb9c-049a974cc2b2,265,Mumford & Sons,gb,c44e9c22-ef82-4a77-9bcd-af6c958446d6,,,,
2976,Nellie the Elephant,en,m,2050,Dig That Groove Baby,1983,fc905400-1e8d-3278-af63-82ddea938514,1098,The Toy Dolls,gb,,,,,
2977,Murder on the Dancefloor,en,f,2051,Read My Lips,2001,c8fce3c2-76f4-347b-b9b7-649249bbf99b,1099,Sophie Ellis‐Bextor,gb,,,,,
2978,Losers,en,m,2052,Sand,2021,9fd2205c-d353-46e9-b9ab-208b7bde0655,306,Balthazar,be,91511517-ef93-4d71-a0f0-c858272af4a7,,,,
2979,Lisztomania,en,m,2053,Wolfgang Amadeus Phoenix,2009,32304f6e-5b80-3818-a66b-47f09efff0d9,925,Phoenix,fr,,,,,
2980,The Analog Kid,en,m,2054,Signals,1982,63ebc338-a01b-398c-8520-fdb055fbcd7b,1100,Rush,ca,,,,,
1257,Sk8er Boi,en,f,908,Let Go,2002,"0837aca2-319e-3f2f-a2d3-c525802068d6",510,Avril Lavigne,ca,"0103c1cc-4a09-4a5d-a344-56ad99a77193",,,,
2981,People Are People,en,m,603,Some Great Reward,1984,b3100982-db15-3a4b-a3ed-363c91cb40de,163,Depeche Mode,gb,8538e728-ca0b-4321-b7e5-cff6565dd4c0,,,,
2982,Teen Rebel,en,m,2055,Dawn of the Freak,2022,398a1fd2-087a-4761-85d7-8ce2d2366053,1101,The Haunted Youth,be,,,,,
2983,Wij zullen doorgaan,nl,m,2056,Wij zullen doorgaan,1972,7b3cbaa1-f56f-462b-b1f8-f6a4a402efd7,1102,Ramses Shaffy,nl,,,,,
2984,The Walk,en,m,685,Japanese Whispers,1983,6a276bf7-5f45-34ec-8276-a4362d4cc733,31,The Cure,gb,69ee3720-a7cb-4402-b48d-a02c366f2bcf,,,,
2985,Beautiful People,en,f,2057,Affectionately Melanie,1969,3f965cb8-13dd-3232-bbb2-9ee6893d219d,1052,Melanie,us,,,,,
2986,Ordinary World,en,m,2058,Duran Duran,1993,faedc66c-59ae-36ee-a89d-9dda4a9ea393,491,Duran Duran,gb,1a1cd7f3-e5df-4eca-bae2-2757c9e656b5,,,,
2968,Unbeschreiblich weiblich,de,f,2044,Nina Hagen Band,1978,907717a3-b58e-3850-9979-29afc7a7f3fd,1096,Nina Hagen Band,de,,,,,
2916,Stop Draggin’ My Heart Around,en,x,747,Bella Donna,1981,87c584fc-02a5-34f8-a492-85c20de4835d,434,Stevie Nicks,us,b7f2cca2-72c6-41fb-ae33-53370fc62fe7,352,Tom Petty,us,f93dbc64-6f08-4033-bcc7-8a0bb4689849
2927,The Promise You Made,en,x,2009,Cock Robin,1985,b2ce1914-ad5c-35b5-b409-2b742d5217ae,1084,Cock Robin,us,,,,,
66,Love Will Tear Us Apart,en,m,5,Love Will Tear Us Apart,1980,d4e6c019-a6df-38fb-b6aa-7861d71b5543,67,Joy Division,gb,9a58fda3-f4ed-4080-a3a5-f457aac9fcdd,,,,
2987,Leningrad,en,m,760,Storm Front,1989,2b749a86-14bf-3b42-bdcf-3cc44d9bd338,13,Billy Joel,us,64b94289-9474-4d43-8c93-918ccc1920d1,,,,
2988,Hungry Eyes,en,m,2059,Dirty Dancing,1987,8f693eb5-d2f0-39fc-9e2f-b5b210d492fa,1103,Eric Carmen,us,,,,,
2989,Story of My Life,en,m,2060,Midnight Memories,2013,81f9c781-683e-4a4e-ba86-799e3c4c4be9,1104,One Direction,gb,,,,,
2990,The Longest Time,en,m,2061,An Innocent Man,1983,63424e12-759d-3d3d-a14b-0f06101c0a28,13,Billy Joel,us,64b94289-9474-4d43-8c93-918ccc1920d1,,,,
2991,Christine,en,f,2062,Kaleidoscope,1980,179b14ab-25c6-3b3b-bb03-1e894e475a1d,579,Siouxsie and the Banshees,gb,78ea5ea1-3c4d-4b7e-ac5d-68900319ebe2,,,,
2992,Happier Than Ever,en,f,2063,Happier Than Ever,2021,3ac5236a-3bd8-44c6-ab60-69b013594ae6,899,Billie Eilish,us,f4abc0b5-3f7a-4eff-8f78-ac078dbce533,,,,
2993,Walk Walk,en,f,2064,Montbray,2021,cd75c8ec-80e3-49fd-b367-058b8772ca40,1105,Sylvie Kreusch,be,,,,,
2994,And She Was,en,m,479,Little Creatures,1985,8d8aadcd-fcd6-3e0f-b17e-3ec2d88e65d3,137,Talking Heads,us,a94a7155-c79d-4409-9fcf-220cb0e4dc3a,,,,
2995,All Too Well (10 Minute Version),en,f,2065,Red (Taylor's Version),2021,67727253-f1c0-4243-9270-f9f1401c3b8c,850,Taylor Swift,us,20244d07-534f-4eff-b4d4-930878889970,,,,
1372,Something,en,m,459,Abbey Road,1969,9162580e-5df4-32de-80cc-f45a8d8a9b1d,12,The Beatles,gb,b10bbbfc-cf9e-42e0-be17-e2c3e1d2600d,,,,
171,Born Slippy,en,m,219,Born Slippy,1995,c8d9bd5e-c1d2-3ce7-bce0-b52065e2387d,148,Underworld,gb,ba2f4f3b-0293-4bc8-bb94-2f73b5207343,,,,
302,Chop Suey!,en,m,254,Toxicity,2001,f50fbcb4-bfcd-3784-b4c9-44f4793e66b2,182,System of a Down,us,cc0b7089-c08d-4c10-b6b0-873582c17fd6,,,,
67,Sign 'O' The Times,en,m,152,Sign 'O' The Times,1987,90718403-7634-3786-84bf-2053a7bd4f4c,101,Prince,us,"070d193a-845c-479f-980e-bef15710653e",,,,
147,Sweet Child o' Mine,en,m,87,Appetite for Destruction,1987,a0b94d0a-210b-4b15-bd1d-93be2196c14a,55,Guns n' Roses,us,eeb1195b-f213-4ce1-b28c-8565211f8e43,,,,
764,Remedy,en,m,593,The Southern Harmony and Musical Companion,1992,b69ed62b-99bb-39a1-a287-75e88f01e3ed,358,The Black Crowes,us,"02ceff75-7363-493e-a78d-912dc86c7460",,,,
840,Live Is Life,en,m,639,Live Is Life,1984,dff99138-2745-3cb2-bf7f-79d60e04973b,380,Opus,at,1ade789e-c133-43f3-8a92-ec69a30acb85,,,,
105,Rockin' in the Free World,en,m,229,Freedom,1989,6ae11dfd-4dc8-3b0b-be8c-456d6254ac9f,88,Neil Young,ca,75167b8b-44e4-407b-9d35-effe87b223cf,,,,
922,Tom Traubert's Blues (Four Sheets to the Wind in Copenhagen),en,m,699,Small Change,1976,74d9eef1-bbc6-3029-8289-a53ef41698f6,142,Tom Waits,us,c3aeb863-7b26-4388-94e8-5a240f2be21b,,,,
9,Papa Was a Rollin' Stone,en,m,208,All Directions,1972,1b715418-65d4-35d1-9fc1-b3b3a3087bcf,139,The Temptations,us,d8df96ae-8fcf-4997-b3e6-e5d1aaf0f69e,,,,
111,Je t'aime... moi non plus,fr,x,77,Je t'aime... moi non plus,1969,cb599f61-b0ce-4990-84c3-7efeb52728d9,729,Serge Gainsbourg,fr,,121,Jane Birkin,gb,
121,I Was Made for Lovin' You,en,m,102,Dynasty,1979,46f879d8-d3a6-375b-814d-0c548cbedbc0,71,KISS,us,e1f1e33e-2e4c-4d43-b91b-7064068d3283,,,,
129,Boys Don't Cry,en,m,3,Boys Don't Cry,1980,280ccdbb-ba25-3fd6-8e74-9e30d9b96794,31,The Cure,gb,69ee3720-a7cb-4402-b48d-a02c366f2bcf,,,,
990,What's Going On,en,m,744,What's Going On,1971,c1fa4d2c-ec62-37d5-b01d-6df7f8fd2c90,81,Marvin Gaye,us,afdb7919-059d-43c1-b668-ba1d265e7e42,,,,
144,I'd Do Anything for Love (But I Won't Do That),en,m,119,Bat Out of Hell II: Back Into Hell,1993,758d7dc5-4aa2-3731-b970-549251a98232,83,Meat Loaf,us,b134d1bf-c7c7-4427-93ac-9fdbc2b59ef1,,,,
188,The Dolphin's Cry,en,m,112,The Distance to Here,1999,"0007a8c6-1c8d-356e-bb80-adad2b150894",78,Live,us,cba77ba2-862d-4cee-a8f6-d3f9daf7211c,,,,
210,I'm Not in Love,en,m,16,The Original Soundtrack,1975,a043938b-94d7-307b-a6cf-e15e4494a8fd,1,10cc,gb,f37c537b-3557-4031-bfd6-ab63ced32854,,,,
229,Let's Dance,en,m,33,Let's Dance,1983,75c2bddf-1799-3eda-b6b3-a0cf5189d8ed,32,David Bowie,gb,5441c29d-3602-4898-b1a1-b77fa23b8e50,,,,
242,Nobody's Wife,en,f,25,Together Alone,1997,f3fc1c67-14d2-3eea-b975-1e7c8c7c9af4,9,Anouk,nl,5e8da504-c75b-4bf5-9dfc-119057c1a9c0,,,,
671,Keep Your Head Up,en,m,524,Every Kingdom,2011,4c5dfc38-2cc5-46cd-b280-610850704f30,323,Ben Howard,gb,534dda3c-b73f-408b-8889-bd68eae84df6,,,,
253,Too Many DJ's,en,m,197,Much Against Everyone's Advice,1998,a2826b1a-66ee-387c-a0cd-bef439f12c72,133,Soulwax,be,68ec1b08-3c2e-40b3-b0af-8f323743fdff,,,,
297,Don't Look Back in Anger,en,m,135,(What's the Story) Morning Glory?,1995,cc7e6348-cc55-31fa-aeb2-748a46a81cb3,92,Oasis,gb,39ab1aed-75e0-4140-bd47-540276886b60,,,,
375,"You're the First, the Last, My Everything",en,m,313,Can't Get Enough,1974,f804e084-b282-333a-a4cd-288df8c299b0,215,Barry White,us,b904d624-9e05-4398-8f4f-88fbcf022f79,,,,
320,Don't Stop Me Now,en,m,267,Jazz,1978,c192ea46-7377-34f0-b332-dd9810edd560,103,Queen,gb,"0383dadf-2a4e-4d10-a46a-e9e041da8eb3",,,,
57,(I Can't Get No) Satisfaction,en,m,170,Out of Our Heads,1965,3be81f5e-9bdd-303a-b9bf-f8eb2059ef9f,113,The Rolling Stones,gb,b071f9fa-14b0-4217-8e97-eb41da73f598,,,,
556,The Man Who Sold the World,en,m,324,MTV Unplugged in New York,1994,fb3770f6-83fb-32b7-85c4-1f522a92287e,90,Nirvana,us,5b11f4ce-a62d-471e-81fc-a69a8278c7da,,,,
1089,Hoppípolla,is,m,796,Takk...,2005,47d8e9e2-dc13-3d94-afee-1f8c38cec091,407,Sigur Rós,is,f6f2326f-6b25-4170-b89d-e235b25508e8,,,,
955,A Case of You,en,f,724,Blue,1971,42d725fb-a8b7-388c-8866-3b02789af326,423,Joni Mitchell,ca,a6de8ef9-b1a1-4756-97aa-481bbb8a4069,,,,
94,Private Investigations,en,m,61,Love Over Gold,1982,935dde7e-8390-39fa-8e0d-1350db96bc3f,36,Dire Straits,gb,614e3804-7d34-41ba-857f-811bad7c2b7a,,,,
1076,"Tonight, Tonight",en,m,193,Mellon Collie and the Infinite Sadness,1995,1af599c9-0b44-3a5a-a06b-39e8db6b2b4e,129,The Smashing Pumpkins,us,ba0d6274-db14-4ef5-b28d-657ebde1a396,,,,
451,Supersonic,en,m,376,Definitely Maybe,1994,451dca98-c118-32e1-9244-c47ca9c3c0f9,92,Oasis,gb,39ab1aed-75e0-4140-bd47-540276886b60,,,,
549,Starlight,en,m,238,Black Holes and Revelations,2006,af2e8e23-e9c3-4e67-8ad8-66387c5898fd,164,Muse,gb,9c9f1380-2516-4fc9-a3e6-f9f61941d090,,,,
145,What's Up,en,f,19,"Bigger, Better, Faster, More!",1992,"0d26ee11-05f3-3a02-ba40-1414fa325554",3,4 Non Blondes,us,efef848b-63e4-4323-8ef7-69a48fbdd51d,,,,
193,I Would Stay,en,f,105,Nothing Less,2000,edb046b8-93ba-3188-8328-6dc0ba700183,73,Krezip,nl,a2118d09-5df0-4c84-8183-00c128f134aa,,,,
221,Bright Eyes,en,m,78,Fate for Breakfast,1979,dfef7014-b10b-3b3d-8f91-46c4c3897718,10,Art Garfunkel,us,fc0a5289-4b77-4246-9c8d-857c8b617f5d,,,,
267,Insomnia,en,m,71,Reverence,1996,1bb277e1-20ed-399f-99f2-c97aea745092,44,Faithless,gb,23d9d74d-c95e-46a6-be26-a6075c49747a,,,,
294,The Pretender,en,m,249,"Echoes, Silence, Patience & Grace",2007,"0ce4a1f2-7908-3865-8f19-08348546424a",167,Foo Fighters,us,67f66c07-6e61-4026-ade5-7e782fad3a5d,,,,
138,Just Like Heaven,en,m,4,Kiss Me Kiss Me Kiss Me,1987,ab132c83-097a-33f0-b557-edd6b6ce1c7d,31,The Cure,gb,69ee3720-a7cb-4402-b48d-a02c366f2bcf,,,,
315,Kashmir,en,m,262,Physical Graffiti,1975,116c9490-6af4-3827-8261-2d5b1f508fe7,75,Led Zeppelin,gb,678d88b2-87b0-403b-b63d-5da7465aecc3,,,,
1111,Skinny Love,en,m,807,"For Emma, Forever Ago",2008,187935b5-a0a4-3e6f-9684-48b67a5190a1,315,Bon Iver,us,437a0e49-c6ae-42f6-a6c1-84f25ed366bc,,,,
1924,Sinds 1 dag of 2 (32 jaar) ,nl,m,1222,Skunk,1981,95d83832-baf0-31f3-b736-92a35ab6f949,629,Doe Maar,nl,,,,,
96,"Another Brick in the Wall, Part II",en,m,142,The Wall,1979,f2026101-945b-3d05-9ef4-aa718fc3feef,98,Pink Floyd,gb,83d91898-7763-47d7-b03b-b92132375c47,,,,
84,Yesterday,en,m,13,Help!,1965,"0d44e1cb-c6e0-3453-8b68-4d2082f05421",12,The Beatles,gb,b10bbbfc-cf9e-42e0-be17-e2c3e1d2600d,,,,
88,Let It Be,en,m,11,Let It Be,1970,bff544a7-56e0-3ed6-9e0f-3b676cca9111,12,The Beatles,gb,b10bbbfc-cf9e-42e0-be17-e2c3e1d2600d,,,,
1,Message in a Bottle,en,m,146,Reggatta de Blanc,1979,2b98e6d7-a521-332f-961e-d281ba33ba3d,100,The Police,gb,9e0e2b01-41db-4008-bd8b-988977d6019a,,,,
26,Money for Nothing,en,m,62,Brothers in Arms,1985,b02f651e-32a1-30ae-bc23-070b59170278,36,Dire Straits,gb,614e3804-7d34-41ba-857f-811bad7c2b7a,,,,
603,Fade to Black,en,m,402,Ride the Lightning,1984,"0da580f2-6768-498f-af9d-2becaddf15e0",85,Metallica,us,65f4f0c5-ef9e-490c-aee3-909e7ae6b2ab,,,,
830,High and Dry,en,m,160,The Bends,1995,b8048f24-c026-3398-b23a-b5e50716cbc7,104,Radiohead,gb,a74b1b7f-71a5-4011-9441-d0b5e4122711,,,,
170,Wonderwall,en,m,135,(What's the Story) Morning Glory?,1995,cc7e6348-cc55-31fa-aeb2-748a46a81cb3,92,Oasis,gb,39ab1aed-75e0-4140-bd47-540276886b60,,,,
12,Samba Pa Ti,i,i,177,Abraxas,1970,43424c73-fc58-36b0-b9cf-f8b057ac0603,116,Santana,us,9a3bf45c-347d-4630-894d-7cf3e8e0b632,,,,
256,Sabotage,en,m,26,Ill Communication,1994,1134696c-1078-3c38-bcaa-4ee7c320670a,11,Beastie Boys,us,9beb62b2-88db-4cea-801e-162cd344ee53,,,,
313,My Hero,en,m,241,The Colour and the Shape,1997,7822977a-984d-358d-823f-426139c0eaba,167,Foo Fighters,us,67f66c07-6e61-4026-ade5-7e782fad3a5d,,,,
393,Badlands,en,m,327,Darkness on the Edge of Town,1978,b613123b-a234-3f48-9c45-e05bf4e6b9e7,20,Bruce Springsteen,us,70248960-cb53-4ea4-943a-edb18f7d336f,,,,
596,Just Breathe,en,m,472,Backspacer,2009,d37a0c9e-aff4-42e9-b5fa-9fc4e5a2a210,94,Pearl Jam,us,83b9cbe7-9857-49e2-ab8e-b57b01038103,,,,
1042,Let It Happen,en,m,772,Currents,2015,"08aa7a6c-3e43-4459-87b2-e47faf3a088a",445,Tame Impala,au,63aa26c3-d59b-4da4-84ac-716b54f1ef4d,,,,
2316,Too Much Love Will Kill You,en,m,1606,Made in Heaven,1995,780e6a16-9384-307d-ae65-02e1d6313753,103,Queen,gb,"0383dadf-2a4e-4d10-a46a-e9e041da8eb3",,,,
1445,Maid of Orleans (The Waltz Joan of Arc),en,m,1040,Architecture and Morality,1981,c31b767b-97f0-3cb1-8b09-233a64683997,374,Orchestral Manoeuvres in the Dark,gb,6d072aa8-c851-49c5-92f9-cbca05f4bed9,,,,
1774,Mein Teil,de,m,437,"Reise, Reise",2004,ea9bf147-abbd-39df-b927-46fc945a5140,229,Rammstein,de,b2d122f9-eadb-4930-a196-8f221eeb0c66,,,,
